module	kind	offset	len	jp	hex	idx	kr
GMDT	names	0x74c4	8	ブソウナシ	7f4d41534a000000	0	무장없음
GMDT	names	0x74cc	8	7.92㎜MG	08900a0395171100	1	7.92㎜MG
GMDT	names	0x74d4	8	20㎜キカンホウ	03019545446c5c41	2	20㎜기관포
GMDT	names	0x74dc	8	30㎜キカンホウ	04019545446c5c41	3	30㎜기관포
GMDT	names	0x74e4	8	37㎜キカンホウ	04089545446c5c41	4	37㎜기관포
GMDT	names	0x74ec	8	20㎜ホウL55	0301955c41160606	5	20㎜포L55
GMDT	names	0x74f4	8	37㎜ホウL40	0408955c41160501	6	37㎜포L40
GMDT	names	0x74fc	8	37㎜ホウL45	0408955c41160506	7	37㎜포L45
GMDT	names	0x7504	8	37㎜ホウL47	0408955c41160508	8	37㎜포L47
GMDT	names	0x750c	8	37㎜ホウL48	0408955c41160509	9	37㎜포L48
GMDT	names	0x7514	8	47㎜ホウL44	0508955c41160505	10	47㎜포L44
GMDT	names	0x751c	8	50㎜ホウL42	0601955c41160503	11	50㎜포L42
GMDT	names	0x7524	8	50㎜ホウL60	0601955c41160701	12	50㎜포L60
GMDT	names	0x752c	8	75㎜ホウL24	0806955c41160305	13	75㎜포L24
GMDT	names	0x7534	8	75㎜ホウL37	0806955c41160408	14	75㎜포L37
GMDT	names	0x753c	8	75㎜ホウL43	0806955c41160504	15	75㎜포L43
GMDT	names	0x7544	8	75㎜ホウL46	0806955c41160507	16	75㎜포L46
GMDT	names	0x754c	8	75㎜ホウL48	0806955c41160509	17	75㎜포L48
GMDT	names	0x7554	8	75㎜ホウL70	0806955c41160801	18	75㎜포L70
GMDT	names	0x755c	8	76㎜ホウL51	0807955c41160602	19	76㎜포L51
GMDT	names	0x7564	8	76㎜ホウL52	0807955c41160603	20	76㎜포L52
GMDT	names	0x756c	8	75㎜ホウL35	0806955c41160406	21	75㎜포L35
GMDT	names	0x7574	8	75㎜Heat	0806951229253800	22	75㎜Heat
GMDT	names	0x757c	8	88㎜ホウL51	0909955c41160602	23	88㎜포L51
GMDT	names	0x7584	8	88㎜ホウL56	0909955c41160607	24	88㎜포L56
GMDT	names	0x758c	8	88㎜ホウL71	0909955c41160802	25	88㎜포L71
GMDT	names	0x7594	8	88㎜ホウL74	0909955c41160805	26	88㎜포L74
GMDT	names	0x759c	8	105㎜ホウ	020106955c410000	27	105㎜포
GMDT	names	0x75a4	8	128㎜ホウL	020309955c411600	28	128㎜포L
GMDT	names	0x75ac	8	150㎜ホウ	020601955c410000	29	150㎜포
GMDT	names	0x75b4	8	540㎜ホウ	060501955c410000	30	540㎜포
GMDT	names	0x75bc	8	105㎜ヤホウ	02010695625c4100	31	105㎜야포
GMDT	names	0x75c4	8	150㎜ヤホウ	02060195625c4100	32	150㎜야포
GMDT	names	0x75cc	8	155㎜カノンL	0206069544576c16	33	155㎜CanL
GMDT	names	0x75d4	8	170㎜カノンL	0208019544576c16	34	170㎜CanL
GMDT	names	0x75dc	8	173㎜カノンL	0208049544576c16	35	173㎜CanL
GMDT	names	0x75e4	8	150㎜HIホウ	0206019512135c41	36	150㎜HI포
GMDT	names	0x75ec	8	ロケットホウ	6b478c525c410000	37	로켓포
GMDT	names	0x75f4	8	380㎜ロケット	040901956b478c52	38	380㎜로켓
GMDT	names	0x75fc	8	ATライフル	0b1e67405a690000	39	AT소총
GMDT	names	0x7604	8	P·シュレッケ	1a914a8e6a8c4700	40	P·Schrek
GMDT	names	0x760c	8	P·ファウスト	1a915a87414b5200	41	P·Faust
GMDT	names	0x7614	8	サブマシンガン	497f5d4a6c6e6c00	42	기관단총
GMDT	names	0x761c	8	ライフル	67405a6900000000	43	소총
GMDT	names	0x7624	8	トツゲキライフル	5250714567405a69	44	돌격소총
GMDT	names	0x762c	8	ゴリアテ	72683f5100000000	45	Goliath
GMDT	names	0x7634	8	37㎜タイチホウ	0408954e404f5c41	46	37㎜대지포
GMDT	names	0x763c	8	88㎜ホウL54	0909955c41160605	47	88㎜포L54
GMDT	names	0x7644	8	85㎜ホウL52	0906955c41160603	48	85㎜포L52
GMDT	names	0x764c	8	85㎜AAホウ	0906950b0b5c4100	49	85㎜AA포
GMDT	names	0x7654	8	76.2㎜ホウL	08079003955c4116	50	76.2㎜포L
GMDT	names	0x765c	8	76.2㎜ホウM	08079003955c4117	51	76.2㎜포M
GMDT	names	0x7664	8	76.2㎜ホウS	08079003955c411d	52	76.2㎜포S
GMDT	names	0x766c	8	ナゾ7	5377080000000000	53	미지7
GMDT	names	0x7674	8	7.62㎜MG	0890070395171100	54	7.62㎜MG
GMDT	names	0x767c	8	Gビイム	117e405f00000000	55	GBeam
GMDT	names	0x7684	8	7.62㎜MG	0890070395171100	56	7.62㎜MG
GMDT	names	0x768c	8	57㎜M41	0608951705020000	57	57㎜M41
GMDT	names	0x7694	8	46㎜ホウL45	0507955c41160506	58	46㎜포L45
GMDT	names	0x769c	8	45㎜ホウL46	0506955c41160507	59	45㎜포L46
GMDT	names	0x76a4	8	45㎜ホウL45	0506955c41160506	60	45㎜포L45
GMDT	names	0x76ac	8	45㎜M32	0506951704030000	61	45㎜M32
GMDT	names	0x76b4	8	コウセン	48414c6c00000000	62	Ray
GMDT	names	0x76bc	8	25㎜キカンホウ	03069545446c5c41	63	25㎜기관포
GMDT	names	0x76c4	8	ビイム	7e405f0000000000	64	Beam
GMDT	names	0x76cc	8	152㎜ヤホウ	02060395625c4100	65	152㎜야포
GMDT	names	0x76d4	8	152㎜ホウ	020603955c410000	66	152㎜포
GMDT	names	0x76dc	8	152㎜HI	0206039512130000	67	152㎜HI
GMDT	names	0x76e4	8	122㎜ヤホウ	02030395625c4100	68	122㎜야포
GMDT	names	0x76ec	8	122㎜ホウL	020303955c411600	69	122㎜포L
GMDT	names	0x76f4	8	イナヅマ	40537a5d00000000	70	Bolt
GMDT	names	0x76fc	8	12.7㎜MG	0203900895171100	71	12.7㎜MG
GMDT	names	0x7704	8	100㎜ホウL	020101955c411600	72	100㎜포L
GMDT	names	0x770c	8	37㎜ホウL54	0408955c41160605	73	37㎜포L54
GMDT	names	0x7714	8	40㎜キカンホウ	05019545446c5c41	74	40㎜기관포
GMDT	names	0x771c	8	57㎜ホウL	0608955c41160000	75	57㎜포L
GMDT	names	0x7724	8	カエンダン	44426c786c000000	76	Flame
GMDT	names	0x772c	8	75㎜ホウL29	0806955c4116030a	77	75㎜포L29
GMDT	names	0x7734	8	75㎜ホウL38	0806955c41160409	78	75㎜포L38
GMDT	names	0x773c	8	76㎜ホウL52	0807955c41160603	79	76㎜포L52
GMDT	names	0x7744	8	90㎜ホウL50	0a01955c41160601	80	90㎜포L50
GMDT	names	0x774c	8	90㎜ホウL53	0a01955c41160604	81	90㎜포L53
GMDT	names	0x7754	8	90㎜ホウL70	0a01955c41160801	82	90㎜포L70
GMDT	names	0x775c	8	105㎜ホウLL	020106955c411616	83	105㎜포LL
GMDT	names	0x7764	8	バズーカ	7d759a4400000000	84	Bazooka
GMDT	names	0x776c	8	ジドウライフル	747c4167405a6900	85	자동소총
GMDT	names	0x7774	8	94㎜CSホウ	0a05950d1d5c4100	86	94㎜CS포
GMDT	names	0x777c	8	77㎜ホウQF	0808955c411b1000	87	77㎜포QF
GMDT	names	0x7784	8	キョダイカキュウ	458f784044458e41	88	Firebl
GMDT	names	0x778c	8	76㎜CSホウ	0807950d1d5c4100	89	76㎜CS포
GMDT	names	0x7794	8	75㎜ホウQF	0806955c411b1000	90	75㎜포QF
GMDT	names	0x779c	8	バクライ	7d46674000000000	91	폭뢰
GMDT	names	0x77a4	8	6ポンドホウ	07866c7c5c410000	92	6Pdr
GMDT	names	0x77ac	8	5.5インチホウ	069006406c4f5c41	93	5.5inG
GMDT	names	0x77b4	8	40㎜ホウL48	0501955c41160509	94	40㎜포L48
GMDT	names	0x77bc	8	3インチホウ	04406c4f5c410000	95	3inG
GMDT	names	0x77c4	8	356㎜ホウ	040607955c410000	96	356㎜포
GMDT	names	0x77cc	8	32ポンドホウ	0403866c7c5c4100	97	32Pdr
GMDT	names	0x77d4	8	2ポンドホウ	03866c7c5c410000	98	2Pdr
GMDT	names	0x77dc	8	25ポンドホウ	0306866c7c5c4100	99	25Pdr
GMDT	names	0x77e4	8	200㎜CSホウ	030101950d1d5c41	100	200㎜CS포
GMDT	names	0x77ec	8	17ポンドホウ	0208866c7c5c4100	101	17Pdr
GMDT	names	0x77f4	8	15㎜キカンホウ	02069545446c5c41	102	15㎜기관포
GMDT	names	0x77fc	8	20㎜ライフル	03019567405a6900	103	20㎜소총
GMDT	names	0x7804	8	47㎜ホウL32	0508955c41160403	104	47㎜포L32
GMDT	names	0x780c	8	47㎜ホウL40	0508955c41160501	105	47㎜포L40
GMDT	names	0x7814	8	75㎜ホウL18	0806955c41160209	106	75㎜포L18
GMDT	names	0x781c	8	75㎜ホウL32	0806955c41160403	107	75㎜포L32
GMDT	names	0x7824	8	75㎜ホウL34	0806955c41160405	108	75㎜포L34
GMDT	names	0x782c	8	8㎜MG	0995171100000000	109	8㎜MG
GMDT	names	0x7834	8	330㎜ホウ	040401955c410000	110	330㎜포
GMDT	names	0x783c	8	37㎜ホウL21	0408955c41160302	111	37㎜포L21
GMDT	names	0x7844	8	25㎜ホウL72	0306955c41160803	112	25㎜포L72
GMDT	names	0x784c	8	320㎜ホウ	040301955c410000	113	320㎜포
GMDT	names	0x7854	8	37㎜ホウL23	0408955c41160304	114	37㎜포L23
GMDT	names	0x785c	8	47㎜ホウL34	0508955c41160405	115	47㎜포L34
GMDT	names	0x7864	8	75㎜ホウL17	0806955c41160208	116	75㎜포L17
GMDT	names	0x786c	8	7.5㎜MG	0890069517110000	117	7.5㎜MG
GMDT	names	0x7874	8	75㎜ホウL36	0806955c41160407	118	75㎜포L36
GMDT	names	0x787c	8	1.8tバクダン	029009387d46786c	119	1.8t폭탄
GMDT	names	0x7884	8	13㎜キカンホウ	02049545446c5c41	120	13㎜기관포
GMDT	names	0x788c	8	280㎜ホウ	030901955c410000	121	280㎜포
GMDT	names	0x7894	8	203㎜ホウ	030104955c410000	122	203㎜포
GMDT	names	0x789c	8	1tバクダン	02387d46786c0000	123	1t폭탄
GMDT	names	0x78a4	8	250㎏バクダン	030601967d46786c	124	250㎏폭탄
GMDT	names	0x78ac	8	200㎜ホウ	030101955c410000	125	200㎜포
GMDT	names	0x78b4	8	500㎏バクダン	060101967d46786c	126	500㎏폭탄
GMDT	names	0x78bc	8	73㎜ロケット	0804956b478c5200	127	73㎜로켓
GMDT	names	0x78c4	8	Lバクダン	167d46786c000000	128	L폭탄
GMDT	names	0x78cc	8	Mバクダン	177d46786c000000	129	M폭탄
GMDT	names	0x78d4	8	Sバクダン	1d7d46786c000000	130	S폭탄
GMDT	names	0x78dc	8	ショウイダン	4a8f4140786c0000	131	소이탄
GMDT	names	0x78e4	8	タンク	4e6c460000000000	132	Tank
GMDT	names	0x78ec	8	7.7㎜MG	0890089517110000	133	7.7㎜MG
GMDT	names	0x78f4	8	75㎜ヤホウ	080695625c410000	134	75㎜야포
GMDT	names	0x78fc	8	バズーカ	7d759a4400000000	135	Bazooka
GMDT	names	0x7904	8	380㎜ホウ	040901955c410000	136	380㎜포
GMDT	names	0x790c	8	105㎜AAホウ	020106950b0b5c41	137	105㎜AA포
GMDT	names	0x7914	8	406㎜ホウ	050107955c410000	138	406㎜포
GMDT	names	0x791c	8	138㎜ホウ	020409955c410000	139	138㎜포
GMDT	names	0x7924	8	100㎏バクダン	020101967d46786c	140	100㎏폭탄
GMDT	names	0x792c	8	150㎏バクダン	020601967d46786c	141	150㎏폭탄
GMDT	names	0x7934	8	200㎏バクダン	030101967d46786c	142	200㎏폭탄
GMDT	names	0x793c	8	50㎏バクダン	0601967d46786c00	143	50㎏폭탄
GMDT	names	0x7944	8	ロケットダン	6b478c52786c0000	144	로켓탄
GMDT	names	0x794c	8	180㎏バクダン	020901967d46786c	145	180㎏폭탄
GMDT	names	0x7954	8	225㎏バクダン	030306967d46786c	146	225㎏폭탄
GMDT	names	0x795c	8	450㎏バクダン	050601967d46786c	147	450㎏폭탄
GMDT	names	0x7964	8	540㎏バクダン	060501967d46786c	148	540㎏폭탄
GMDT	names	0x796c	8	680㎏バクダン	070901967d46786c	149	680㎏폭탄
GMDT	names	0x7974	8	900㎏バクダン	0a0101967d46786c	150	900㎏폭탄
GMDT	names	0x797c	8	ギョライ	6f8f674000000000	151	Torp
GMDT	names	0x7984	8	75㎜ホウ	0806955c41000000	152	75㎜포
GMDT	names	0x798c	8	300㎏バクダン	040101967d46786c	153	300㎏폭탄
GMDT	names	0x7994	8	480㎏バクダン	050901967d46786c	154	480㎏폭탄
GMDT	names	0x799c	8	600㎏バクダン	070101967d46786c	155	600㎏폭탄
GMDT	names	0x79a4	8	400㎏バクダン	050101967d46786c	156	400㎏폭탄
GMDT	names	0x79ac	8	マシンガン	5d4a6c6e6c000000	157	기관총
GMDT	names	0x79b4	8	カイガンホウ	44406e6c5c410000	158	CstGun
GMDT	names	0x79bc	8	128㎜ホウ	020309955c410000	159	128㎜포
GMDT	names	0x79c4	8	60㎏バクダン	0701967d46786c00	160	60㎏폭탄
GMDT	names	0x79cc	8	サブマシンガン	497f5d4a6c6e6c00	161	기관단총
GMDT	names	0x79d4	8	75㎜カノン	08069544576c0000	162	75㎜Can
GMDT	names	0x79dc	8	ピアット	833f8c5200000000	163	PIAT
GMDT	names	0x79e4	8	13.2㎜MG	0204900395171100	164	13.2㎜MG
GMDT	names	0x79ec	8	40㎜ホウL45	0501955c41160506	165	40㎜포L45
GMDT	names	0x79f4	8	40㎜ホウL51	0501955c41160602	166	40㎜포L51
GMDT	names	0x79fc	8	70㎜ホウL25	0801955c41160306	167	70㎜포L25
GMDT	names	0x7a04	8	25㎜キカンホウ	03069545446c5c41	168	25㎜기관포
GMDT	names	0x7a0c	8	75㎜タイチホウ	0806954e404f5c41	169	75㎜대지포
GMDT	names	0x7a14	8	65㎜AAホウ	0706950b0b5c4100	170	65㎜AA포
GMDT	names	0x7a1c	8	75㎜AAホウ	0806950b0b5c4100	171	75㎜AA포
GMDT	names	0x7a24	8	90㎜AAホウ	0a01950b0b5c4100	172	90㎜AA포
GMDT	names	0x7a2c	8	133㎜AAホウ	020404950b0b5c41	173	133㎜AA포
GMDT	names	0x7a34	8	102㎜ホウ	020103955c410000	174	102㎜포
GMDT	names	0x7a3c	8	114㎜AAホウ	020205950b0b5c41	175	114㎜AA포
GMDT	names	0x7a44	8	119㎜AAホウ	02020a950b0b5c41	176	119㎜AA포
GMDT	names	0x7a4c	8	120㎜ホウ	020301955c410000	177	120㎜포
GMDT	names	0x7a54	8	127㎜AAホウ	020308950b0b5c41	178	127㎜AA포
GMDT	names	0x7a5c	8	1.5tバクダン	029006387d46786c	179	1.5t폭탄
GMDT	names	0x7a64	8	120㎜HI	0203019512130000	180	120㎜HI
GMDT	names	0x7a6c	8	NOT	18191e0000000000	181	NOT
GMDT	names	0x7a74	8	トシ	524a000000000000	182	도시
GMDT	names	0x7a7c	8	コウジョウ	4841748f41000000	183	공장
GMDT	names	0x7a84	8	ミナト	5e53520000000000	184	항구
GMDT	names	0x7a8c	8	クウコウ	4641484100000000	185	공항
GMDT	names	0x7a94	8	ハシ	584a000000000000	186	다리
GMDT	names	0x7a9c	8	ホウカイトシ	5c414440524a0000	187	붕괴도시
GMDT	names	0x7aa4	8	Bコウジョウ	0c4841748f410000	188	B공장
GMDT	names	0x7aac	8	ホウカイミナト	5c4144405e535200	189	붕괴항구
GMDT	names	0x7ab4	8	Bクウコウ	0c46414841000000	190	B공항
GMDT	names	0x7abc	8	ホウカイハシ	5c414440584a0000	191	붕괴다리
GMDT	names	0x7ac4	8	アーヘン	3f9a5b6c00000000	192	Aachen
GMDT	names	0x7acc	8	サン·ヴィット	496c916d888c5200	193	StVith
GMDT	names	0x7ad4	8	ブリュッセル	7f688e8c4c690000	194	Brussels
GMDT	names	0x7adc	8	セダン	4c786c0000000000	195	Sedan
GMDT	names	0x7ae4	8	ディナン	7b88536c00000000	196	Dinant
GMDT	names	0x7aec	8	ル·アーブル	69913f9a7f690000	197	LeHavre
GMDT	names	0x7af4	8	カレー	446a9a0000000000	198	Calais
GMDT	names	0x7afc	8	ドーバー	7c9a7d9a00000000	199	Dover
GMDT	names	0x7b04	8	ポーツマス	869a505d4b000000	200	Portsmth
GMDT	names	0x7b0c	8	ビル·ハケイム	7e69915847405f00	201	BirHakem
GMDT	names	0x7b14	8	タケガハナ	4e476e5853000000	202	Takeghn
GMDT	names	0x7b1c	8	アロクマ	3f6b465d00000000	203	Arokuma
GMDT	names	0x7b24	8	トブルク	527f694600000000	204	Tobruk
GMDT	names	0x7b2c	8	ニス	544b000000000000	205	Nice
GMDT	names	0x7b34	8	ベオグラード	804370679a7c0000	206	Belgrade
GMDT	names	0x7b3c	8	クラグエヴァツ	466770426d875000	207	Kraguvac
GMDT	names	0x7b44	8	サラエボ	4967428100000000	208	Sarajvo
GMDT	names	0x7b4c	8	ドブロニク	7c7f6b5446000000	209	Dubrovnk
GMDT	names	0x7b54	8	ルヴォフ	696d8b5a00000000	210	Lvov
GMDT	names	0x7b5c	8	イワンティエフカ	40656c5188425a44	211	Ivantevk
GMDT	names	0x7b64	8	クレムリン	466a5f686c000000	212	Kremlin
GMDT	names	0x7b6c	8	コッカイギジドウ	488c44406f747c41	213	Parlmnt
GMDT	names	0x7b74	8	ソウトウカンテイ	4d415241446c5140	214	Chancll
GMDT	names	0x7b7c	8	ワルシャワ	65694a8d65000000	215	Warsaw
GMDT	names	0x7b84	8	クトノ	4652570000000000	216	Kutno
GMDT	names	0x7b8c	8	ギーフ	6f9a5a0000000000	217	Gifu
GMDT	names	0x7b94	8	オーガキ	439a6e4500000000	218	Ogaki
GMDT	names	0x7b9c	8	モジャイスク	61748d404b460000	219	Mozhaysk
GMDT	names	0x7ba4	8	キヨス	45644b0000000000	220	Kiyosu
GMDT	names	0x7bac	8	イヌヤマ	4055625d00000000	221	Inuyama
GMDT	names	0x7bb4	8	ジンチ	746c4f0000000000	222	진지
GMDT	names	0x7bbc	8	グンシレイブ	706c4a6a407f0000	223	HQ
GMDT	names	0x7bc4	8	ミンスク	5e6c4b4600000000	224	Minsk
GMDT	names	0x7bcc	8	ビアリストク	7e3f684b52460000	225	Bialystk
GMDT	names	0x7bd4	8	Bリトフスク	0c68525a4b460000	226	BLitovsk
GMDT	names	0x7bdc	8	Sグンキョテン	1d706c458f516c00	227	SBase
GMDT	names	0x7be4	8	スモレンスク	4b616a6c4b460000	228	Smolensk
GMDT	names	0x7bec	8	ゴメル	7260690000000000	229	Gomel
GMDT	names	0x7bf4	8	ロスラウリ	6b4b674168000000	230	Roslavl
GMDT	names	0x7bfc	8	ロブノ	6b7f570000000000	231	Rovno
GMDT	names	0x7c04	8	チェルカッスイ	4f8a69448c4b4000	232	Cherkasy
GMDT	names	0x7c0c	8	クレメンチェク	466a606c4f8a4600	233	Kremnchk
GMDT	names	0x7c14	8	ファストフ	5a874b525a000000	234	Fastov
GMDT	names	0x7c1c	8	ゴメル	7260690000000000	235	Gomel
GMDT	names	0x7c24	8	キエフ	45425a0000000000	236	Kiev
GMDT	names	0x7c2c	8	ルプヌイ	6984554000000000	237	Rupunui
GMDT	names	0x7c34	8	Kグンシレイブ	15706c4a6a407f00	238	KHQ
GMDT	names	0x7c3c	8	コトノプ	4852578400000000	239	Kotonopu
GMDT	names	0x7c44	8	バハマチ	7d585d4f00000000	240	Bahamas
GMDT	names	0x7c4c	8	ネシン	564a6c0000000000	241	Nezhin
GMDT	names	0x7c54	8	ロムヌイ	6b5f554000000000	242	Romny
GMDT	names	0x7c5c	8	メリトポリ	6068528668000000	243	Melitopl
GMDT	names	0x7c64	8	ノヴォモスコフス	576d8b614b485a4b	244	NovoMskv
GMDT	names	0x7c6c	8	ロストフ	6b4b525a00000000	245	Rostov
GMDT	names	0x7c74	8	ヴォロシロフグラ	6d8b6b4a6b5a7067	246	Voroshlv
GMDT	names	0x7c7c	8	ドネツク	7c56504600000000	247	Donetsk
GMDT	names	0x7c84	8	イジューム	40748e9a5f000000	248	Izyum
GMDT	names	0x7c8c	8	コテルニコブ	48516954487f0000	249	Kotelnik
GMDT	names	0x7c94	8	カラチ	44674f0000000000	250	Karachi
GMDT	names	0x7c9c	8	S·グラード	1d9170679a7c0000	251	Stalngrd
GMDT	names	0x7ca4	8	ソベッキー	4d808c459a000000	252	Sovetsky
GMDT	names	0x7cac	8	アフトビシスク	3f5a527e4a4b4600	253	Afutobis
GMDT	names	0x7cb4	8	ミハイロフカ	5e58406b5a440000	254	Mikhaylv
GMDT	names	0x7cbc	8	エリスタ	42684b4e00000000	255	Elista
GMDT	names	0x7cc4	8	ヤクシリ	62464a6800000000	256	Yakushir
GMDT	names	0x7ccc	8	アストラハン	3f4b5267586c0000	257	Astrakhn
GMDT	names	0x7cd4	8	BグンキョテンⅠ	0c706c458f516c9c	258	BBaseⅠ
GMDT	names	0x7cdc	8	BグンキョテンⅡ	0c706c458f516c9d	259	BBaseⅡ
GMDT	names	0x7ce4	8	エキ	4245000000000000	260	Stn
GMDT	names	0x7cec	8	トセンジョウⅠ	524c6c748f419c00	261	FerryⅠ
GMDT	names	0x7cf4	8	トセンジョウⅡ	524c6c748f419d00	262	FerryⅡ
GMDT	names	0x7cfc	8	トセンジョウⅢ	524c6c748f419e00	263	FerryⅢ
GMDT	names	0x7d04	8	ポルタノヴァ	86694e576d870000	264	Poltava
GMDT	names	0x7d0c	8	スタリノ	4b4e685700000000	265	Stalino
GMDT	names	0x7d14	8	ザポロジェ	73866b748a000000	266	Zaporzh
GMDT	names	0x7d1c	8	SグンキョテンⅠ	1d706c458f516c9c	267	SBaseⅠ
GMDT	names	0x7d24	8	SグンキョテンⅡ	1d706c458f516c9d	268	SBaseⅡ
GMDT	names	0x7d2c	8	SグンキョテンⅢ	1d706c458f516c9e	269	SBaseⅢ
GMDT	names	0x7d34	8	ハリコフ	5868485a00000000	270	Kharkov
GMDT	names	0x7d3c	8	ベルゴロド	8069726b7c000000	271	Belgorod
GMDT	names	0x7d44	8	オリョール	43688f9a69000000	272	Orel
GMDT	names	0x7d4c	8	クルスク	46694b4600000000	273	Kursk
GMDT	names	0x7d54	8	コロブヌイ	486b7f5540000000	274	Korobunu
GMDT	names	0x7d5c	8	シチキリー	4a4f45689a000000	275	Shichiki
GMDT	names	0x7d64	8	Vグンキョテン	20706c458f516c00	276	VBase
GMDT	names	0x7d6c	8	ヴォロネジ	6d8b6b5674000000	277	Voronezh
GMDT	names	0x7d74	8	カネフ	44565a0000000000	278	Kanev
GMDT	names	0x7d7c	8	マハガナ	5d586e5300000000	279	Mahagana
GMDT	names	0x7d84	8	セフスク	4c5a4b4600000000	280	Sevsk
GMDT	names	0x7d8c	8	スーミ	4b9a5e0000000000	281	Sumy
GMDT	names	0x7d94	8	アフトゥイルカ	3f5a528940694400	282	Afutouir
GMDT	names	0x7d9c	8	ラハガセ	67586e4c00000000	283	Rahagase
GMDT	names	0x7da4	8	ヴェスプレーム	6d8a4b846a9a5f00	284	Veszprem
GMDT	names	0x7dac	8	コマーロム	485d9a6b5f000000	285	Komarom
GMDT	names	0x7db4	8	ブダペスト	7f78854b52000000	286	Budapest
GMDT	names	0x7dbc	8	ドナペンデレ	7c53856c7b6a0000	287	Dunapnt
GMDT	names	0x7dc4	8	シモントルニヤ	4a616c5269546200	288	Simontr
GMDT	names	0x7dcc	8	ターラン	4e9a676c00000000	289	Taran
GMDT	names	0x7dd4	8	ビアリストク	7e3f684b52460000	290	Bialystk
GMDT	names	0x7ddc	8	ロスラウリ	6b4b674168000000	291	Roslavl
GMDT	names	0x7de4	8	ツーラ	509a670000000000	292	Tula
GMDT	names	0x7dec	8	カリーニン	44689a546c000000	293	Kalinin
GMDT	names	0x7df4	8	ヴィヤジマ	6d8862745d000000	294	Vyazma
GMDT	names	0x7dfc	8	オストラヴァ	434b52676d870000	295	Ostrava
GMDT	names	0x7e04	8	クラカウ	4667444100000000	296	Krakow
GMDT	names	0x7e0c	8	チェンストノヴァ	4f8a6c4b52576d87	297	Czstchwa
GMDT	names	0x7e14	8	グンキョテン	706c458f516c0000	298	Base
GMDT	names	0x7e1c	8	モスクワ	614b466500000000	299	Moscow
GMDT	names	0x7e24	8	ロンドン	6b6c7c6c00000000	300	London
GMDT	names	0x7e2c	8	グローブスター	706b9a7f4b4e9a00	301	Gurobusu
GMDT	names	0x7e34	8	リバプール	687d849a69000000	302	Livrpool
GMDT	names	0x7e3c	8	バーミンガム	7d9a5e6c6e5f0000	303	Birmnghm
GMDT	names	0x7e44	8	S·ジョーンズ	1d91748f9a6c7500	304	Sjyonzu
GMDT	names	0x7e4c	8	シドニー	4a7c549a00000000	305	Sydney
GMDT	names	0x7e54	8	ハリファクス	58685a87464b0000	306	Halifax
GMDT	names	0x7e5c	8	ボストン	814b526c00000000	307	Boston
GMDT	names	0x7e64	8	モントリオール	616c5268439a6900	308	Montreal
GMDT	names	0x7e6c	8	トロント	526b6c5200000000	309	Toronto
GMDT	names	0x7e74	8	ワシントン	654a6c526c000000	310	Washngtn
GMDT	names	0x7e7c	8	ニューヨーク	548e9a649a460000	311	NewYork
GMDT	names	0x7e84	8	デトロイト	7b526b4052000000	312	Detroit
GMDT	names	0x7e8c	8	ペスカラ	854b446700000000	313	Pescara
GMDT	names	0x7e94	8	ローマ	6b9a5d0000000000	314	Rome
GMDT	names	0x7e9c	8	テルモリ	5169616800000000	315	Termoli
GMDT	names	0x7ea4	8	ナポリ	5386680000000000	316	Naples
GMDT	names	0x7eac	8	カブサ	447f490000000000	317	Gafsa
GMDT	names	0x7eb4	8	ルケフ	69475a0000000000	318	LeKef
GMDT	names	0x7ebc	8	テベサ	5180490000000000	319	Tebessa
GMDT	names	0x7ec4	8	カーン	449a6c0000000000	320	Caen
GMDT	names	0x7ecc	8	サン·ロー	496c916b9a000000	321	StLo
GMDT	names	0x7ed4	8	ウィストルアム	41884b52693f5f00	322	Ouistrhm
GMDT	names	0x7edc	8	アロマンシェ	3f6b5d6c4a8a0000	323	Arromnch
GMDT	names	0x7ee4	8	サン·ローラン	496c916b9a676c00	324	StLauren
GMDT	names	0x7eec	8	バイユー	7d40639a00000000	325	Bayeux
GMDT	names	0x7ef4	8	コテルニコブ	48516954487f0000	326	Kotelnik
GMDT	names	0x7efc	8	カラチ	44674f0000000000	327	Karachi
GMDT	names	0x7f04	8	Sグラード	1d70679a7c000000	328	Stalngrd
GMDT	names	0x7f0c	8	ソベッキー	4d808c459a000000	329	Sovetsky
GMDT	names	0x7f14	8	アフトビシスク	3f5a527e4a4b4600	330	Afutobis
GMDT	names	0x7f1c	8	ミハイロフカ	5e58406b5a440000	331	Mikhaylv
GMDT	names	0x7f24	8	エリスタ	42684b4e00000000	332	Elista
GMDT	names	0x7f2c	8	ヤクシリ	62464a6800000000	333	Yakushir
GMDT	names	0x7f34	8	アストラハン	3f4b5267586c0000	334	Astrakhn
GMDT	names	0x7f3c	8	グンキョテン	706c458f516c0000	335	Base
GMDT	names	0x7f44	8	エレバン	426a7d6c00000000	336	Yerevan
GMDT	names	0x7f4c	8	バクー	7d469a0000000000	337	Baku
GMDT	names	0x7f54	8	トビリシ	527e684a00000000	338	Tbilisi
GMDT	names	0x7f5c	8	LBベース	160c809a4b000000	339	LBBase
GMDT	names	0x7f64	8	UNベース	1f18809a4b000000	340	UNBase
GMDT	names	0x7f6c	8	コダイイセキ	487840404c450000	341	Ruins
GMDT	names	0x7f74	8	ポズナニ	8675535400000000	342	Poznan
GMDT	names	0x7f7c	8	コルベク	4869804600000000	343	Korubeku
GMDT	names	0x7f84	8	ヴェルヴィエ	6d8a696d88420000	344	Verviers
GMDT	names	0x7f8c	8	ヴレスラウ	6d6a4b6741000000	345	Breslau
GMDT	names	0x7f94	8	ケーニヒスベルグ	479a54594b806970	346	Konigsbg
GMDT	names	0x7f9c	8	ナミュール	535e8e9a69000000	347	Namur
GMDT	names	0x7fa4	8	セダン	4c786c0000000000	348	Sedan
GMDT	names	0x7fac	8	バストーニュ	7d4b529a548e0000	349	Bastogne
GMDT	names	0x7fb4	8	ブリュッセル	7f688e8c4c690000	350	Brussels
GMDT	names	0x7fbc	8	アントワープ	3f6c52659a840000	351	Antwerp
GMDT	names	0x7fc4	8	ダンツィヒ	786c508859000000	352	Danzig
GMDT	names	0x7fcc	8	コルベク	4869804600000000	353	Korubeku
GMDT	names	0x7fd4	8	ロッズ	6b8c750000000000	354	Lodz
GMDT	names	0x7fdc	8	クトノ	4652570000000000	355	Kutno
GMDT	names	0x7fe4	8	ゲルリツ	7169685000000000	356	Gorlitz
GMDT	names	0x7fec	8	パリ	8268000000000000	357	Paris
GMDT	names	0x7ff4	8	ナミュール	535e8e9a69000000	358	Namur
GMDT	names	0x7ffc	8	フランクフルト	5a676c465a695200	359	Frankfrt
GMDT	names	0x8004	8	ダンケルク	786c476946000000	360	Dunkirk
GMDT	names	0x800c	8	エル·ダバ	426991787d000000	361	ElDaba
GMDT	names	0x8014	8	バァ·ホッカー	7d87915c8c449a00	362	Baahoka
GMDT	names	0x801c	8	アブキール	3f7f459a69000000	363	Aboukir
GMDT	names	0x8024	8	アレキサンドリア	3f6a45496c7c683f	364	Alexndra
GMDT	names	0x802c	8	パレルモ	826a696100000000	365	Palermo
GMDT	names	0x8034	8	カタニア	444e543f00000000	366	Catania
GMDT	names	0x803c	8	シラクザ	4a67467300000000	367	Syracus
GMDT	names	0x8044	8	リカタ	68444e0000000000	368	Licata
GMDT	names	0x804c	8	アクイラ	3f46406700000000	369	Aquila
GMDT	names	0x8054	8	ローマ	6b9a5d0000000000	370	Rome
GMDT	names	0x805c	8	テルモリ	5169616800000000	371	Termoli
GMDT	names	0x8064	8	ナポリ	5386680000000000	372	Naples
GMDT	names	0x806c	8	キエルツェ	454269508a000000	373	Kielce
GMDT	names	0x8074	8	ブルゼミスル	7f69765e4b690000	374	Przemysl
GMDT	names	0x807c	8	ラドム	677c5f0000000000	375	Radom
GMDT	names	0x8084	8	ウッジ	418c740000000000	376	Lodz
GMDT	names	0x808c	8	リエージュ	68429a748e000000	377	Liege
GMDT	names	0x8094	8	アントワープ	3f6c52659a840000	378	Antwerp
GMDT	names	0x809c	8	ロッテルダム	6b8c5169785f0000	379	Rotterdm
GMDT	names	0x80a4	8	ナイメーヘン	5340609a5b6c0000	380	Nijmegen
GMDT	names	0x80ac	8	マーストリヒト	5d9a4b5268595200	381	Maastrht
GMDT	names	0x80b4	8	アミアン	3f5e3f6c00000000	382	Amiens
GMDT	names	0x80bc	8	モンコルネ	616c486956000000	383	Montcorn
GMDT	names	0x80c4	8	ダンケルク	786c476946000000	384	Dunkirk
GMDT	names	0x80cc	8	シャルトル	4a8d695269000000	385	Chartres
GMDT	names	0x80d4	8	ル·マン	69915d6c00000000	386	LeMans
GMDT	names	0x80dc	8	アンジェ	3f6c748a00000000	387	Angers
GMDT	names	0x80e4	8	アルジャンタン	3f69748d6c4e6c00	388	Argentan
GMDT	names	0x80ec	8	シェルブール	4a8a697f9a690000	389	Cherbrg
GMDT	names	0x80f4	8	サン·ナゼール	496c9153769a6900	390	StNazair
GMDT	names	0x80fc	8	ナント	536c520000000000	391	Nantes
GMDT	names	0x8104	8	レンヌ	6a6c550000000000	392	Rennes
GMDT	names	0x810c	8	ブレスト	7f6a4b5200000000	393	Brest
GMDT	names	0x8114	8	スタンモア	4b4e6c613f000000	394	Stanmore
GMDT	names	0x811c	8	コラーン	48679a6c00000000	395	Koran
GMDT	names	0x8124	8	ブリストル	7f684b5269000000	396	Bristol
GMDT	names	0x812c	8	プリマス	84685d4b00000000	397	Plymouth
GMDT	names	0x8134	8	ブローニュ	7f6b9a548e000000	398	Boulogne
GMDT	names	0x813c	8	ブライトン	7f6740526c000000	399	Brighton
GMDT	names	0x8144	8	ワットナル	658c525369000000	400	Watonaru
GMDT	names	0x814c	8	シディアゼイス	4a7b883f76404b00	401	SidiAzz
GMDT	names	0x8154	8	シディスレイマン	4a7b884b6a405d6c	402	SidiSlmn
GMDT	names	0x815c	8	パルディア	82697b883f000000	403	Bardia
GMDT	names	0x8164	8	レッジョ	6a8c748f00000000	404	ReggioC
GMDT	names	0x816c	8	ベンガジ	806c6e7400000000	405	Benghazi
GMDT	names	0x8174	8	トリポリ	5268866800000000	406	Tripoli
GMDT	names	0x817c	8	マルタ	5d694e0000000000	407	Malta
GMDT	names	0x8184	8	エル·ダバ	426991787d000000	408	ElDaba
GMDT	names	0x818c	8	バァ·ホッカー	7d87915c8c449a00	409	Baahoka
GMDT	names	0x8194	8	アブキール	3f7f459a69000000	410	Aboukir
GMDT	names	0x819c	8	アレキサンドリア	3f6a45496c7c683f	411	Alexndra
GMDT	names	0x81a4	8	メギリ	606f680000000000	412	Megiri
GMDT	names	0x81ac	8	エル·アデム	4269913f7b5f0000	413	ElAdem
GMDT	names	0x81b4	8	シディ·レゼク	4a7b88916a764600	414	SidiRzeg
GMDT	names	0x81bc	8	デルナ	7b69530000000000	415	Derna
GMDT	names	0x81c4	8	カブサ	447f490000000000	416	Gafsa
GMDT	names	0x81cc	8	ル·ケフ	6991475a00000000	417	LeKef
GMDT	names	0x81d4	8	コンスタンチーヌ	486c4b4e6c4f9a55	418	Constntn
GMDT	names	0x81dc	8	シュテッティン	4a8e518c51886c00	419	Stettin
GMDT	names	0x81e4	8	メッシナ	608c4a5300000000	420	Messina
GMDT	names	0x81ec	8	ジェラ	748a670000000000	421	Gela
GMDT	names	0x81f4	8	アンツィオ	3f6c508843000000	422	Anzio
GMDT	names	0x81fc	8	オストロス	434b526b4b000000	423	Osutoros
GMDT	names	0x8204	8	グムラク	705f674600000000	424	Gumrak
GMDT	names	0x820c	8	ガブリロフカ	6e7f686b5a440000	425	Gavrilvk
GMDT	names	0x8214	8	カッセリーヌ	448c4c689a550000	426	Kasserin
GMDT	names	0x821c	8	ウィルナ	4188695300000000	427	Vilna
GMDT	names	0x8224	8	NOT	18191e0000000000	428	NOT
GMDT	names	0x822c	8	NOT	18191e0000000000	429	NOT
GMDT	names	0x8234	8	NOT	18191e0000000000	430	NOT
GMDT	names	0x823c	8	NOT	18191e0000000000	431	NOT
GMDT	names	0x8244	8	NOT	18191e0000000000	432	NOT
GMDT	names	0x824c	8	NOT	18191e0000000000	433	NOT
GMDT	names	0x8254	8	NOT	18191e0000000000	434	NOT
GMDT	names	0x825c	8	ホウカイハシ	5c414440584a0000	435	붕괴다리
GMDT	names	0x8264	8	モスクワ	614b466500000000	436	Moscow
MUSEUM	weapons	0x90210	8	ブソウナシ	7f4d41534a000000	0	무장없음
MUSEUM	weapons	0x90218	8	7.92㎜MG	08900a0395171100	1	7.92㎜MG
MUSEUM	weapons	0x90220	8	20㎜キカンホウ	03019545446c5c41	2	20㎜기관포
MUSEUM	weapons	0x90228	8	30㎜キカンホウ	04019545446c5c41	3	30㎜기관포
MUSEUM	weapons	0x90230	8	37㎜キカンホウ	04089545446c5c41	4	37㎜기관포
MUSEUM	weapons	0x90238	8	20㎜ホウL55	0301955c41160606	5	20㎜포L55
MUSEUM	weapons	0x90240	8	37㎜ホウL40	0408955c41160501	6	37㎜포L40
MUSEUM	weapons	0x90248	8	37㎜ホウL45	0408955c41160506	7	37㎜포L45
MUSEUM	weapons	0x90250	8	37㎜ホウL47	0408955c41160508	8	37㎜포L47
MUSEUM	weapons	0x90258	8	37㎜ホウL48	0408955c41160509	9	37㎜포L48
MUSEUM	weapons	0x90260	8	47㎜ホウL44	0508955c41160505	10	47㎜포L44
MUSEUM	weapons	0x90268	8	50㎜ホウL42	0601955c41160503	11	50㎜포L42
MUSEUM	weapons	0x90270	8	50㎜ホウL60	0601955c41160701	12	50㎜포L60
MUSEUM	weapons	0x90278	8	75㎜ホウL24	0806955c41160305	13	75㎜포L24
MUSEUM	weapons	0x90280	8	75㎜ホウL37	0806955c41160408	14	75㎜포L37
MUSEUM	weapons	0x90288	8	75㎜ホウL43	0806955c41160504	15	75㎜포L43
MUSEUM	weapons	0x90290	8	75㎜ホウL46	0806955c41160507	16	75㎜포L46
MUSEUM	weapons	0x90298	8	75㎜ホウL48	0806955c41160509	17	75㎜포L48
MUSEUM	weapons	0x902a0	8	75㎜ホウL70	0806955c41160801	18	75㎜포L70
MUSEUM	weapons	0x902a8	8	76㎜ホウL51	0807955c41160602	19	76㎜포L51
MUSEUM	weapons	0x902b0	8	76㎜ホウL52	0807955c41160603	20	76㎜포L52
MUSEUM	weapons	0x902b8	8	75㎜ホウL35	0806955c41160406	21	75㎜포L35
MUSEUM	weapons	0x902c0	8	75㎜Heat	0806951229253800	22	75㎜Heat
MUSEUM	weapons	0x902c8	8	88㎜ホウL51	0909955c41160602	23	88㎜포L51
MUSEUM	weapons	0x902d0	8	88㎜ホウL56	0909955c41160607	24	88㎜포L56
MUSEUM	weapons	0x902d8	8	88㎜ホウL71	0909955c41160802	25	88㎜포L71
MUSEUM	weapons	0x902e0	8	88㎜ホウL74	0909955c41160805	26	88㎜포L74
MUSEUM	weapons	0x902e8	8	105㎜ホウ	020106955c410000	27	105㎜포
MUSEUM	weapons	0x902f0	8	128㎜ホウL	020309955c411600	28	128㎜포L
MUSEUM	weapons	0x902f8	8	150㎜ホウ	020601955c410000	29	150㎜포
MUSEUM	weapons	0x90300	8	540㎜ホウ	060501955c410000	30	540㎜포
MUSEUM	weapons	0x90308	8	105㎜ヤホウ	02010695625c4100	31	105㎜야포
MUSEUM	weapons	0x90310	8	150㎜ヤホウ	02060195625c4100	32	150㎜야포
MUSEUM	weapons	0x90318	8	155㎜カノンL	0206069544576c16	33	155㎜CanL
MUSEUM	weapons	0x90320	8	170㎜カノンL	0208019544576c16	34	170㎜CanL
MUSEUM	weapons	0x90328	8	173㎜カノンL	0208049544576c16	35	173㎜CanL
MUSEUM	weapons	0x90330	8	150㎜HIホウ	0206019512135c41	36	150㎜HI포
MUSEUM	weapons	0x90338	8	ロケットホウ	6b478c525c410000	37	로켓포
MUSEUM	weapons	0x90340	8	380㎜ロケット	040901956b478c52	38	380㎜로켓
MUSEUM	weapons	0x90348	8	ATライフル	0b1e67405a690000	39	AT소총
MUSEUM	weapons	0x90350	8	P·シュレッケ	1a914a8e6a8c4700	40	P·Schrek
MUSEUM	weapons	0x90358	8	P·ファウスト	1a915a87414b5200	41	P·Faust
MUSEUM	weapons	0x90360	8	サブマシンガン	497f5d4a6c6e6c00	42	기관단총
MUSEUM	weapons	0x90368	8	ライフル	67405a6900000000	43	소총
MUSEUM	weapons	0x90370	8	トツゲキライフル	5250714567405a69	44	돌격소총
MUSEUM	weapons	0x90378	8	ゴリアテ	72683f5100000000	45	Goliath
MUSEUM	weapons	0x90380	8	37㎜タイチホウ	0408954e404f5c41	46	37㎜대지포
MUSEUM	weapons	0x90388	8	88㎜ホウL54	0909955c41160605	47	88㎜포L54
MUSEUM	weapons	0x90390	8	85㎜ホウL52	0906955c41160603	48	85㎜포L52
MUSEUM	weapons	0x90398	8	85㎜AAホウ	0906950b0b5c4100	49	85㎜AA포
MUSEUM	weapons	0x903a0	8	76.2㎜ホウL	08079003955c4116	50	76.2㎜포L
MUSEUM	weapons	0x903a8	8	76.2㎜ホウM	08079003955c4117	51	76.2㎜포M
MUSEUM	weapons	0x903b0	8	76.2㎜ホウS	08079003955c411d	52	76.2㎜포S
MUSEUM	weapons	0x903b8	8	ナゾ7	5377080000000000	53	미지7
MUSEUM	weapons	0x903c0	8	7.62㎜MG	0890070395171100	54	7.62㎜MG
MUSEUM	weapons	0x903c8	8	Gビイム	117e405f00000000	55	GBeam
MUSEUM	weapons	0x903d0	8	7.62㎜MG	0890070395171100	56	7.62㎜MG
MUSEUM	weapons	0x903d8	8	57㎜M41	0608951705020000	57	57㎜M41
MUSEUM	weapons	0x903e0	8	46㎜ホウL45	0507955c41160506	58	46㎜포L45
MUSEUM	weapons	0x903e8	8	45㎜ホウL46	0506955c41160507	59	45㎜포L46
MUSEUM	weapons	0x903f0	8	45㎜ホウL45	0506955c41160506	60	45㎜포L45
MUSEUM	weapons	0x903f8	8	45㎜M32	0506951704030000	61	45㎜M32
MUSEUM	weapons	0x90400	8	コウセン	48414c6c00000000	62	Ray
MUSEUM	weapons	0x90408	8	25㎜キカンホウ	03069545446c5c41	63	25㎜기관포
MUSEUM	weapons	0x90410	8	ビイム	7e405f0000000000	64	Beam
MUSEUM	weapons	0x90418	8	152㎜ヤホウ	02060395625c4100	65	152㎜야포
MUSEUM	weapons	0x90420	8	152㎜ホウ	020603955c410000	66	152㎜포
MUSEUM	weapons	0x90428	8	152㎜HI	0206039512130000	67	152㎜HI
MUSEUM	weapons	0x90430	8	122㎜ヤホウ	02030395625c4100	68	122㎜야포
MUSEUM	weapons	0x90438	8	122㎜ホウL	020303955c411600	69	122㎜포L
MUSEUM	weapons	0x90440	8	イナヅマ	40537a5d00000000	70	Bolt
MUSEUM	weapons	0x90448	8	12.7㎜MG	0203900895171100	71	12.7㎜MG
MUSEUM	weapons	0x90450	8	100㎜ホウL	020101955c411600	72	100㎜포L
MUSEUM	weapons	0x90458	8	37㎜ホウL54	0408955c41160605	73	37㎜포L54
MUSEUM	weapons	0x90460	8	40㎜キカンホウ	05019545446c5c41	74	40㎜기관포
MUSEUM	weapons	0x90468	8	57㎜ホウL	0608955c41160000	75	57㎜포L
MUSEUM	weapons	0x90470	8	カエンダン	44426c786c000000	76	Flame
MUSEUM	weapons	0x90478	8	75㎜ホウL29	0806955c4116030a	77	75㎜포L29
MUSEUM	weapons	0x90480	8	75㎜ホウL38	0806955c41160409	78	75㎜포L38
MUSEUM	weapons	0x90488	8	76㎜ホウL52	0807955c41160603	79	76㎜포L52
MUSEUM	weapons	0x90490	8	90㎜ホウL50	0a01955c41160601	80	90㎜포L50
MUSEUM	weapons	0x90498	8	90㎜ホウL53	0a01955c41160604	81	90㎜포L53
MUSEUM	weapons	0x904a0	8	90㎜ホウL70	0a01955c41160801	82	90㎜포L70
MUSEUM	weapons	0x904a8	8	105㎜ホウLL	020106955c411616	83	105㎜포LL
MUSEUM	weapons	0x904b0	8	バズーカ	7d759a4400000000	84	Bazooka
MUSEUM	weapons	0x904b8	8	ジドウライフル	747c4167405a6900	85	자동소총
MUSEUM	weapons	0x904c0	8	94㎜CSホウ	0a05950d1d5c4100	86	94㎜CS포
MUSEUM	weapons	0x904c8	8	77㎜ホウQF	0808955c411b1000	87	77㎜포QF
MUSEUM	weapons	0x904d0	8	キョダイカキュウ	458f784044458e41	88	Firebl
MUSEUM	weapons	0x904d8	8	76㎜CSホウ	0807950d1d5c4100	89	76㎜CS포
MUSEUM	weapons	0x904e0	8	75㎜ホウQF	0806955c411b1000	90	75㎜포QF
MUSEUM	weapons	0x904e8	8	バクライ	7d46674000000000	91	폭뢰
MUSEUM	weapons	0x904f0	8	6ポンドホウ	07866c7c5c410000	92	6Pdr
MUSEUM	weapons	0x904f8	8	5.5インチホウ	069006406c4f5c41	93	5.5inG
MUSEUM	weapons	0x90500	8	40㎜ホウL48	0501955c41160509	94	40㎜포L48
MUSEUM	weapons	0x90508	8	3インチホウ	04406c4f5c410000	95	3inG
MUSEUM	weapons	0x90510	8	356㎜ホウ	040607955c410000	96	356㎜포
MUSEUM	weapons	0x90518	8	32ポンドホウ	0403866c7c5c4100	97	32Pdr
MUSEUM	weapons	0x90520	8	2ポンドホウ	03866c7c5c410000	98	2Pdr
MUSEUM	weapons	0x90528	8	25ポンドホウ	0306866c7c5c4100	99	25Pdr
MUSEUM	weapons	0x90530	8	200㎜CSホウ	030101950d1d5c41	100	200㎜CS포
MUSEUM	weapons	0x90538	8	17ポンドホウ	0208866c7c5c4100	101	17Pdr
MUSEUM	weapons	0x90540	8	15㎜キカンホウ	02069545446c5c41	102	15㎜기관포
MUSEUM	weapons	0x90548	8	20㎜ライフル	03019567405a6900	103	20㎜소총
MUSEUM	weapons	0x90550	8	47㎜ホウL32	0508955c41160403	104	47㎜포L32
MUSEUM	weapons	0x90558	8	47㎜ホウL40	0508955c41160501	105	47㎜포L40
MUSEUM	weapons	0x90560	8	75㎜ホウL18	0806955c41160209	106	75㎜포L18
MUSEUM	weapons	0x90568	8	75㎜ホウL32	0806955c41160403	107	75㎜포L32
MUSEUM	weapons	0x90570	8	75㎜ホウL34	0806955c41160405	108	75㎜포L34
MUSEUM	weapons	0x90578	8	8㎜MG	0995171100000000	109	8㎜MG
MUSEUM	weapons	0x90580	8	330㎜ホウ	040401955c410000	110	330㎜포
MUSEUM	weapons	0x90588	8	37㎜ホウL21	0408955c41160302	111	37㎜포L21
MUSEUM	weapons	0x90590	8	25㎜ホウL72	0306955c41160803	112	25㎜포L72
MUSEUM	weapons	0x90598	8	320㎜ホウ	040301955c410000	113	320㎜포
MUSEUM	weapons	0x905a0	8	37㎜ホウL23	0408955c41160304	114	37㎜포L23
MUSEUM	weapons	0x905a8	8	47㎜ホウL34	0508955c41160405	115	47㎜포L34
MUSEUM	weapons	0x905b0	8	75㎜ホウL17	0806955c41160208	116	75㎜포L17
MUSEUM	weapons	0x905b8	8	7.5㎜MG	0890069517110000	117	7.5㎜MG
MUSEUM	weapons	0x905c0	8	75㎜ホウL36	0806955c41160407	118	75㎜포L36
MUSEUM	weapons	0x905c8	8	1.8tバクダン	029009387d46786c	119	1.8t폭탄
MUSEUM	weapons	0x905d0	8	13㎜キカンホウ	02049545446c5c41	120	13㎜기관포
MUSEUM	weapons	0x905d8	8	280㎜ホウ	030901955c410000	121	280㎜포
MUSEUM	weapons	0x905e0	8	203㎜ホウ	030104955c410000	122	203㎜포
MUSEUM	weapons	0x905e8	8	1tバクダン	02387d46786c0000	123	1t폭탄
MUSEUM	weapons	0x905f0	8	250㎏バクダン	030601967d46786c	124	250㎏폭탄
MUSEUM	weapons	0x905f8	8	200㎜ホウ	030101955c410000	125	200㎜포
MUSEUM	weapons	0x90600	8	500㎏バクダン	060101967d46786c	126	500㎏폭탄
MUSEUM	weapons	0x90608	8	73㎜ロケット	0804956b478c5200	127	73㎜로켓
MUSEUM	weapons	0x90610	8	Lバクダン	167d46786c000000	128	L폭탄
MUSEUM	weapons	0x90618	8	Mバクダン	177d46786c000000	129	M폭탄
MUSEUM	weapons	0x90620	8	Sバクダン	1d7d46786c000000	130	S폭탄
MUSEUM	weapons	0x90628	8	ショウイダン	4a8f4140786c0000	131	소이탄
MUSEUM	weapons	0x90630	8	タンク	4e6c460000000000	132	Tank
MUSEUM	weapons	0x90638	8	7.7㎜MG	0890089517110000	133	7.7㎜MG
MUSEUM	weapons	0x90640	8	75㎜ヤホウ	080695625c410000	134	75㎜야포
MUSEUM	weapons	0x90648	8	バズーカ	7d759a4400000000	135	Bazooka
MUSEUM	weapons	0x90650	8	380㎜ホウ	040901955c410000	136	380㎜포
MUSEUM	weapons	0x90658	8	105㎜AAホウ	020106950b0b5c41	137	105㎜AA포
MUSEUM	weapons	0x90660	8	406㎜ホウ	050107955c410000	138	406㎜포
MUSEUM	weapons	0x90668	8	138㎜ホウ	020409955c410000	139	138㎜포
MUSEUM	weapons	0x90670	8	100㎏バクダン	020101967d46786c	140	100㎏폭탄
MUSEUM	weapons	0x90678	8	150㎏バクダン	020601967d46786c	141	150㎏폭탄
MUSEUM	weapons	0x90680	8	200㎏バクダン	030101967d46786c	142	200㎏폭탄
MUSEUM	weapons	0x90688	8	50㎏バクダン	0601967d46786c00	143	50㎏폭탄
MUSEUM	weapons	0x90690	8	ロケットダン	6b478c52786c0000	144	로켓탄
MUSEUM	weapons	0x90698	8	180㎏バクダン	020901967d46786c	145	180㎏폭탄
MUSEUM	weapons	0x906a0	8	225㎏バクダン	030306967d46786c	146	225㎏폭탄
MUSEUM	weapons	0x906a8	8	450㎏バクダン	050601967d46786c	147	450㎏폭탄
MUSEUM	weapons	0x906b0	8	540㎏バクダン	060501967d46786c	148	540㎏폭탄
MUSEUM	weapons	0x906b8	8	680㎏バクダン	070901967d46786c	149	680㎏폭탄
MUSEUM	weapons	0x906c0	8	900㎏バクダン	0a0101967d46786c	150	900㎏폭탄
MUSEUM	weapons	0x906c8	8	ギョライ	6f8f674000000000	151	Torp
MUSEUM	weapons	0x906d0	8	75㎜ホウ	0806955c41000000	152	75㎜포
MUSEUM	weapons	0x906d8	8	300㎏バクダン	040101967d46786c	153	300㎏폭탄
MUSEUM	weapons	0x906e0	8	480㎏バクダン	050901967d46786c	154	480㎏폭탄
MUSEUM	weapons	0x906e8	8	600㎏バクダン	070101967d46786c	155	600㎏폭탄
MUSEUM	weapons	0x906f0	8	400㎏バクダン	050101967d46786c	156	400㎏폭탄
MUSEUM	weapons	0x906f8	8	マシンガン	5d4a6c6e6c000000	157	기관총
MUSEUM	weapons	0x90700	8	カイガンホウ	44406e6c5c410000	158	CstGun
MUSEUM	weapons	0x90708	8	128㎜ホウ	020309955c410000	159	128㎜포
MUSEUM	weapons	0x90710	8	60㎏バクダン	0701967d46786c00	160	60㎏폭탄
MUSEUM	weapons	0x90718	8	サブマシンガン	497f5d4a6c6e6c00	161	기관단총
MUSEUM	weapons	0x90720	8	75㎜カノン	08069544576c0000	162	75㎜Can
MUSEUM	weapons	0x90728	8	ピアット	833f8c5200000000	163	PIAT
MUSEUM	weapons	0x90730	8	13.2㎜MG	0204900395171100	164	13.2㎜MG
MUSEUM	weapons	0x90738	8	40㎜ホウL45	0501955c41160506	165	40㎜포L45
MUSEUM	weapons	0x90740	8	40㎜ホウL51	0501955c41160602	166	40㎜포L51
MUSEUM	weapons	0x90748	8	70㎜ホウL25	0801955c41160306	167	70㎜포L25
MUSEUM	weapons	0x90750	8	25㎜キカンホウ	03069545446c5c41	168	25㎜기관포
MUSEUM	weapons	0x90758	8	75㎜タイチホウ	0806954e404f5c41	169	75㎜대지포
MUSEUM	weapons	0x90760	8	65㎜AAホウ	0706950b0b5c4100	170	65㎜AA포
MUSEUM	weapons	0x90768	8	75㎜AAホウ	0806950b0b5c4100	171	75㎜AA포
MUSEUM	weapons	0x90770	8	90㎜AAホウ	0a01950b0b5c4100	172	90㎜AA포
MUSEUM	weapons	0x90778	8	133㎜AAホウ	020404950b0b5c41	173	133㎜AA포
MUSEUM	weapons	0x90780	8	102㎜ホウ	020103955c410000	174	102㎜포
MUSEUM	weapons	0x90788	8	114㎜AAホウ	020205950b0b5c41	175	114㎜AA포
MUSEUM	weapons	0x90790	8	119㎜AAホウ	02020a950b0b5c41	176	119㎜AA포
MUSEUM	weapons	0x90798	8	120㎜ホウ	020301955c410000	177	120㎜포
MUSEUM	weapons	0x907a0	8	127㎜AAホウ	020308950b0b5c41	178	127㎜AA포
MUSEUM	weapons	0x907a8	8	1.5tバクダン	029006387d46786c	179	1.5t폭탄
MUSEUM	weapons	0x907b0	8	120㎜HI	0203019512130000	180	120㎜HI
SAKUSEN	weapons	0x542d8	8	ブソウナシ	7f4d41534a000000	0	무장없음
SAKUSEN	weapons	0x542e0	8	7.92㎜MG	08900a0395171100	1	7.92㎜MG
SAKUSEN	weapons	0x542e8	8	20㎜キカンホウ	03019545446c5c41	2	20㎜기관포
SAKUSEN	weapons	0x542f0	8	30㎜キカンホウ	04019545446c5c41	3	30㎜기관포
SAKUSEN	weapons	0x542f8	8	37㎜キカンホウ	04089545446c5c41	4	37㎜기관포
SAKUSEN	weapons	0x54300	8	20㎜ホウL55	0301955c41160606	5	20㎜포L55
SAKUSEN	weapons	0x54308	8	37㎜ホウL40	0408955c41160501	6	37㎜포L40
SAKUSEN	weapons	0x54310	8	37㎜ホウL45	0408955c41160506	7	37㎜포L45
SAKUSEN	weapons	0x54318	8	37㎜ホウL47	0408955c41160508	8	37㎜포L47
SAKUSEN	weapons	0x54320	8	37㎜ホウL48	0408955c41160509	9	37㎜포L48
SAKUSEN	weapons	0x54328	8	47㎜ホウL44	0508955c41160505	10	47㎜포L44
SAKUSEN	weapons	0x54330	8	50㎜ホウL42	0601955c41160503	11	50㎜포L42
SAKUSEN	weapons	0x54338	8	50㎜ホウL60	0601955c41160701	12	50㎜포L60
SAKUSEN	weapons	0x54340	8	75㎜ホウL24	0806955c41160305	13	75㎜포L24
SAKUSEN	weapons	0x54348	8	75㎜ホウL37	0806955c41160408	14	75㎜포L37
SAKUSEN	weapons	0x54350	8	75㎜ホウL43	0806955c41160504	15	75㎜포L43
SAKUSEN	weapons	0x54358	8	75㎜ホウL46	0806955c41160507	16	75㎜포L46
SAKUSEN	weapons	0x54360	8	75㎜ホウL48	0806955c41160509	17	75㎜포L48
SAKUSEN	weapons	0x54368	8	75㎜ホウL70	0806955c41160801	18	75㎜포L70
SAKUSEN	weapons	0x54370	8	76㎜ホウL51	0807955c41160602	19	76㎜포L51
SAKUSEN	weapons	0x54378	8	76㎜ホウL52	0807955c41160603	20	76㎜포L52
SAKUSEN	weapons	0x54380	8	75㎜ホウL35	0806955c41160406	21	75㎜포L35
SAKUSEN	weapons	0x54388	8	75㎜Heat	0806951229253800	22	75㎜Heat
SAKUSEN	weapons	0x54390	8	88㎜ホウL51	0909955c41160602	23	88㎜포L51
SAKUSEN	weapons	0x54398	8	88㎜ホウL56	0909955c41160607	24	88㎜포L56
SAKUSEN	weapons	0x543a0	8	88㎜ホウL71	0909955c41160802	25	88㎜포L71
SAKUSEN	weapons	0x543a8	8	88㎜ホウL74	0909955c41160805	26	88㎜포L74
SAKUSEN	weapons	0x543b0	8	105㎜ホウ	020106955c410000	27	105㎜포
SAKUSEN	weapons	0x543b8	8	128㎜ホウL	020309955c411600	28	128㎜포L
SAKUSEN	weapons	0x543c0	8	150㎜ホウ	020601955c410000	29	150㎜포
SAKUSEN	weapons	0x543c8	8	540㎜ホウ	060501955c410000	30	540㎜포
SAKUSEN	weapons	0x543d0	8	105㎜ヤホウ	02010695625c4100	31	105㎜야포
SAKUSEN	weapons	0x543d8	8	150㎜ヤホウ	02060195625c4100	32	150㎜야포
SAKUSEN	weapons	0x543e0	8	155㎜カノンL	0206069544576c16	33	155㎜CanL
SAKUSEN	weapons	0x543e8	8	170㎜カノンL	0208019544576c16	34	170㎜CanL
SAKUSEN	weapons	0x543f0	8	173㎜カノンL	0208049544576c16	35	173㎜CanL
SAKUSEN	weapons	0x543f8	8	150㎜HIホウ	0206019512135c41	36	150㎜HI포
SAKUSEN	weapons	0x54400	8	ロケットホウ	6b478c525c410000	37	로켓포
SAKUSEN	weapons	0x54408	8	380㎜ロケット	040901956b478c52	38	380㎜로켓
SAKUSEN	weapons	0x54410	8	ATライフル	0b1e67405a690000	39	AT소총
SAKUSEN	weapons	0x54418	8	P·シュレッケ	1a914a8e6a8c4700	40	P·Schrek
SAKUSEN	weapons	0x54420	8	P·ファウスト	1a915a87414b5200	41	P·Faust
SAKUSEN	weapons	0x54428	8	サブマシンガン	497f5d4a6c6e6c00	42	기관단총
SAKUSEN	weapons	0x54430	8	ライフル	67405a6900000000	43	소총
SAKUSEN	weapons	0x54438	8	トツゲキライフル	5250714567405a69	44	돌격소총
SAKUSEN	weapons	0x54440	8	ゴリアテ	72683f5100000000	45	Goliath
SAKUSEN	weapons	0x54448	8	37㎜タイチホウ	0408954e404f5c41	46	37㎜대지포
SAKUSEN	weapons	0x54450	8	88㎜ホウL54	0909955c41160605	47	88㎜포L54
SAKUSEN	weapons	0x54458	8	85㎜ホウL52	0906955c41160603	48	85㎜포L52
SAKUSEN	weapons	0x54460	8	85㎜AAホウ	0906950b0b5c4100	49	85㎜AA포
SAKUSEN	weapons	0x54468	8	76.2㎜ホウL	08079003955c4116	50	76.2㎜포L
SAKUSEN	weapons	0x54470	8	76.2㎜ホウM	08079003955c4117	51	76.2㎜포M
SAKUSEN	weapons	0x54478	8	76.2㎜ホウS	08079003955c411d	52	76.2㎜포S
SAKUSEN	weapons	0x54480	8	ナゾ7	5377080000000000	53	미지7
SAKUSEN	weapons	0x54488	8	7.62㎜MG	0890070395171100	54	7.62㎜MG
SAKUSEN	weapons	0x54490	8	Gビイム	117e405f00000000	55	GBeam
SAKUSEN	weapons	0x54498	8	7.62㎜MG	0890070395171100	56	7.62㎜MG
SAKUSEN	weapons	0x544a0	8	57㎜M41	0608951705020000	57	57㎜M41
SAKUSEN	weapons	0x544a8	8	46㎜ホウL45	0507955c41160506	58	46㎜포L45
SAKUSEN	weapons	0x544b0	8	45㎜ホウL46	0506955c41160507	59	45㎜포L46
SAKUSEN	weapons	0x544b8	8	45㎜ホウL45	0506955c41160506	60	45㎜포L45
SAKUSEN	weapons	0x544c0	8	45㎜M32	0506951704030000	61	45㎜M32
SAKUSEN	weapons	0x544c8	8	コウセン	48414c6c00000000	62	Ray
SAKUSEN	weapons	0x544d0	8	25㎜キカンホウ	03069545446c5c41	63	25㎜기관포
SAKUSEN	weapons	0x544d8	8	ビイム	7e405f0000000000	64	Beam
SAKUSEN	weapons	0x544e0	8	152㎜ヤホウ	02060395625c4100	65	152㎜야포
SAKUSEN	weapons	0x544e8	8	152㎜ホウ	020603955c410000	66	152㎜포
SAKUSEN	weapons	0x544f0	8	152㎜HI	0206039512130000	67	152㎜HI
SAKUSEN	weapons	0x544f8	8	122㎜ヤホウ	02030395625c4100	68	122㎜야포
SAKUSEN	weapons	0x54500	8	122㎜ホウL	020303955c411600	69	122㎜포L
SAKUSEN	weapons	0x54508	8	イナヅマ	40537a5d00000000	70	Bolt
SAKUSEN	weapons	0x54510	8	12.7㎜MG	0203900895171100	71	12.7㎜MG
SAKUSEN	weapons	0x54518	8	100㎜ホウL	020101955c411600	72	100㎜포L
SAKUSEN	weapons	0x54520	8	37㎜ホウL54	0408955c41160605	73	37㎜포L54
SAKUSEN	weapons	0x54528	8	40㎜キカンホウ	05019545446c5c41	74	40㎜기관포
SAKUSEN	weapons	0x54530	8	57㎜ホウL	0608955c41160000	75	57㎜포L
SAKUSEN	weapons	0x54538	8	カエンダン	44426c786c000000	76	Flame
SAKUSEN	weapons	0x54540	8	75㎜ホウL29	0806955c4116030a	77	75㎜포L29
SAKUSEN	weapons	0x54548	8	75㎜ホウL38	0806955c41160409	78	75㎜포L38
SAKUSEN	weapons	0x54550	8	76㎜ホウL52	0807955c41160603	79	76㎜포L52
SAKUSEN	weapons	0x54558	8	90㎜ホウL50	0a01955c41160601	80	90㎜포L50
SAKUSEN	weapons	0x54560	8	90㎜ホウL53	0a01955c41160604	81	90㎜포L53
SAKUSEN	weapons	0x54568	8	90㎜ホウL70	0a01955c41160801	82	90㎜포L70
SAKUSEN	weapons	0x54570	8	105㎜ホウLL	020106955c411616	83	105㎜포LL
SAKUSEN	weapons	0x54578	8	バズーカ	7d759a4400000000	84	Bazooka
SAKUSEN	weapons	0x54580	8	ジドウライフル	747c4167405a6900	85	자동소총
SAKUSEN	weapons	0x54588	8	94㎜CSホウ	0a05950d1d5c4100	86	94㎜CS포
SAKUSEN	weapons	0x54590	8	77㎜ホウQF	0808955c411b1000	87	77㎜포QF
SAKUSEN	weapons	0x54598	8	キョダイカキュウ	458f784044458e41	88	Firebl
SAKUSEN	weapons	0x545a0	8	76㎜CSホウ	0807950d1d5c4100	89	76㎜CS포
SAKUSEN	weapons	0x545a8	8	75㎜ホウQF	0806955c411b1000	90	75㎜포QF
SAKUSEN	weapons	0x545b0	8	バクライ	7d46674000000000	91	폭뢰
SAKUSEN	weapons	0x545b8	8	6ポンドホウ	07866c7c5c410000	92	6Pdr
SAKUSEN	weapons	0x545c0	8	5.5インチホウ	069006406c4f5c41	93	5.5inG
SAKUSEN	weapons	0x545c8	8	40㎜ホウL48	0501955c41160509	94	40㎜포L48
SAKUSEN	weapons	0x545d0	8	3インチホウ	04406c4f5c410000	95	3inG
SAKUSEN	weapons	0x545d8	8	356㎜ホウ	040607955c410000	96	356㎜포
SAKUSEN	weapons	0x545e0	8	32ポンドホウ	0403866c7c5c4100	97	32Pdr
SAKUSEN	weapons	0x545e8	8	2ポンドホウ	03866c7c5c410000	98	2Pdr
SAKUSEN	weapons	0x545f0	8	25ポンドホウ	0306866c7c5c4100	99	25Pdr
SAKUSEN	weapons	0x545f8	8	200㎜CSホウ	030101950d1d5c41	100	200㎜CS포
SAKUSEN	weapons	0x54600	8	17ポンドホウ	0208866c7c5c4100	101	17Pdr
SAKUSEN	weapons	0x54608	8	15㎜キカンホウ	02069545446c5c41	102	15㎜기관포
SAKUSEN	weapons	0x54610	8	20㎜ライフル	03019567405a6900	103	20㎜소총
SAKUSEN	weapons	0x54618	8	47㎜ホウL32	0508955c41160403	104	47㎜포L32
SAKUSEN	weapons	0x54620	8	47㎜ホウL40	0508955c41160501	105	47㎜포L40
SAKUSEN	weapons	0x54628	8	75㎜ホウL18	0806955c41160209	106	75㎜포L18
SAKUSEN	weapons	0x54630	8	75㎜ホウL32	0806955c41160403	107	75㎜포L32
SAKUSEN	weapons	0x54638	8	75㎜ホウL34	0806955c41160405	108	75㎜포L34
SAKUSEN	weapons	0x54640	8	8㎜MG	0995171100000000	109	8㎜MG
SAKUSEN	weapons	0x54648	8	330㎜ホウ	040401955c410000	110	330㎜포
SAKUSEN	weapons	0x54650	8	37㎜ホウL21	0408955c41160302	111	37㎜포L21
SAKUSEN	weapons	0x54658	8	25㎜ホウL72	0306955c41160803	112	25㎜포L72
SAKUSEN	weapons	0x54660	8	320㎜ホウ	040301955c410000	113	320㎜포
SAKUSEN	weapons	0x54668	8	37㎜ホウL23	0408955c41160304	114	37㎜포L23
SAKUSEN	weapons	0x54670	8	47㎜ホウL34	0508955c41160405	115	47㎜포L34
SAKUSEN	weapons	0x54678	8	75㎜ホウL17	0806955c41160208	116	75㎜포L17
SAKUSEN	weapons	0x54680	8	7.5㎜MG	0890069517110000	117	7.5㎜MG
SAKUSEN	weapons	0x54688	8	75㎜ホウL36	0806955c41160407	118	75㎜포L36
SAKUSEN	weapons	0x54690	8	1.8tバクダン	029009387d46786c	119	1.8t폭탄
SAKUSEN	weapons	0x54698	8	13㎜キカンホウ	02049545446c5c41	120	13㎜기관포
SAKUSEN	weapons	0x546a0	8	280㎜ホウ	030901955c410000	121	280㎜포
SAKUSEN	weapons	0x546a8	8	203㎜ホウ	030104955c410000	122	203㎜포
SAKUSEN	weapons	0x546b0	8	1tバクダン	02387d46786c0000	123	1t폭탄
SAKUSEN	weapons	0x546b8	8	250㎏バクダン	030601967d46786c	124	250㎏폭탄
SAKUSEN	weapons	0x546c0	8	200㎜ホウ	030101955c410000	125	200㎜포
SAKUSEN	weapons	0x546c8	8	500㎏バクダン	060101967d46786c	126	500㎏폭탄
SAKUSEN	weapons	0x546d0	8	73㎜ロケット	0804956b478c5200	127	73㎜로켓
SAKUSEN	weapons	0x546d8	8	Lバクダン	167d46786c000000	128	L폭탄
SAKUSEN	weapons	0x546e0	8	Mバクダン	177d46786c000000	129	M폭탄
SAKUSEN	weapons	0x546e8	8	Sバクダン	1d7d46786c000000	130	S폭탄
SAKUSEN	weapons	0x546f0	8	ショウイダン	4a8f4140786c0000	131	소이탄
SAKUSEN	weapons	0x546f8	8	タンク	4e6c460000000000	132	Tank
SAKUSEN	weapons	0x54700	8	7.7㎜MG	0890089517110000	133	7.7㎜MG
SAKUSEN	weapons	0x54708	8	75㎜ヤホウ	080695625c410000	134	75㎜야포
SAKUSEN	weapons	0x54710	8	バズーカ	7d759a4400000000	135	Bazooka
SAKUSEN	weapons	0x54718	8	380㎜ホウ	040901955c410000	136	380㎜포
SAKUSEN	weapons	0x54720	8	105㎜AAホウ	020106950b0b5c41	137	105㎜AA포
SAKUSEN	weapons	0x54728	8	406㎜ホウ	050107955c410000	138	406㎜포
SAKUSEN	weapons	0x54730	8	138㎜ホウ	020409955c410000	139	138㎜포
SAKUSEN	weapons	0x54738	8	100㎏バクダン	020101967d46786c	140	100㎏폭탄
SAKUSEN	weapons	0x54740	8	150㎏バクダン	020601967d46786c	141	150㎏폭탄
SAKUSEN	weapons	0x54748	8	200㎏バクダン	030101967d46786c	142	200㎏폭탄
SAKUSEN	weapons	0x54750	8	50㎏バクダン	0601967d46786c00	143	50㎏폭탄
SAKUSEN	weapons	0x54758	8	ロケットダン	6b478c52786c0000	144	로켓탄
SAKUSEN	weapons	0x54760	8	180㎏バクダン	020901967d46786c	145	180㎏폭탄
SAKUSEN	weapons	0x54768	8	225㎏バクダン	030306967d46786c	146	225㎏폭탄
SAKUSEN	weapons	0x54770	8	450㎏バクダン	050601967d46786c	147	450㎏폭탄
SAKUSEN	weapons	0x54778	8	540㎏バクダン	060501967d46786c	148	540㎏폭탄
SAKUSEN	weapons	0x54780	8	680㎏バクダン	070901967d46786c	149	680㎏폭탄
SAKUSEN	weapons	0x54788	8	900㎏バクダン	0a0101967d46786c	150	900㎏폭탄
SAKUSEN	weapons	0x54790	8	ギョライ	6f8f674000000000	151	Torp
SAKUSEN	weapons	0x54798	8	75㎜ホウ	0806955c41000000	152	75㎜포
SAKUSEN	weapons	0x547a0	8	300㎏バクダン	040101967d46786c	153	300㎏폭탄
SAKUSEN	weapons	0x547a8	8	480㎏バクダン	050901967d46786c	154	480㎏폭탄
SAKUSEN	weapons	0x547b0	8	600㎏バクダン	070101967d46786c	155	600㎏폭탄
SAKUSEN	weapons	0x547b8	8	400㎏バクダン	050101967d46786c	156	400㎏폭탄
SAKUSEN	weapons	0x547c0	8	マシンガン	5d4a6c6e6c000000	157	기관총
SAKUSEN	weapons	0x547c8	8	カイガンホウ	44406e6c5c410000	158	CstGun
SAKUSEN	weapons	0x547d0	8	128㎜ホウ	020309955c410000	159	128㎜포
SAKUSEN	weapons	0x547d8	8	60㎏バクダン	0701967d46786c00	160	60㎏폭탄
SAKUSEN	weapons	0x547e0	8	サブマシンガン	497f5d4a6c6e6c00	161	기관단총
SAKUSEN	weapons	0x547e8	8	75㎜カノン	08069544576c0000	162	75㎜Can
SAKUSEN	weapons	0x547f0	8	ピアット	833f8c5200000000	163	PIAT
SAKUSEN	weapons	0x547f8	8	13.2㎜MG	0204900395171100	164	13.2㎜MG
SAKUSEN	weapons	0x54800	8	40㎜ホウL45	0501955c41160506	165	40㎜포L45
SAKUSEN	weapons	0x54808	8	40㎜ホウL51	0501955c41160602	166	40㎜포L51
SAKUSEN	weapons	0x54810	8	70㎜ホウL25	0801955c41160306	167	70㎜포L25
SAKUSEN	weapons	0x54818	8	25㎜キカンホウ	03069545446c5c41	168	25㎜기관포
SAKUSEN	weapons	0x54820	8	75㎜タイチホウ	0806954e404f5c41	169	75㎜대지포
SAKUSEN	weapons	0x54828	8	65㎜AAホウ	0706950b0b5c4100	170	65㎜AA포
SAKUSEN	weapons	0x54830	8	75㎜AAホウ	0806950b0b5c4100	171	75㎜AA포
SAKUSEN	weapons	0x54838	8	90㎜AAホウ	0a01950b0b5c4100	172	90㎜AA포
SAKUSEN	weapons	0x54840	8	133㎜AAホウ	020404950b0b5c41	173	133㎜AA포
SAKUSEN	weapons	0x54848	8	102㎜ホウ	020103955c410000	174	102㎜포
SAKUSEN	weapons	0x54850	8	114㎜AAホウ	020205950b0b5c41	175	114㎜AA포
SAKUSEN	weapons	0x54858	8	119㎜AAホウ	02020a950b0b5c41	176	119㎜AA포
SAKUSEN	weapons	0x54860	8	120㎜ホウ	020301955c410000	177	120㎜포
SAKUSEN	weapons	0x54868	8	127㎜AAホウ	020308950b0b5c41	178	127㎜AA포
SAKUSEN	weapons	0x54870	8	1.5tバクダン	029006387d46786c	179	1.5t폭탄
SAKUSEN	weapons	0x54878	8	120㎜HI	0203019512130000	180	120㎜HI
KEKKA	weapons	0x3af82	8	ブソウナシ	7f4d41534a000000	0	무장없음
KEKKA	weapons	0x3af8a	8	7.92㎜MG	08900a0395171100	1	7.92㎜MG
KEKKA	weapons	0x3af92	8	20㎜キカンホウ	03019545446c5c41	2	20㎜기관포
KEKKA	weapons	0x3af9a	8	30㎜キカンホウ	04019545446c5c41	3	30㎜기관포
KEKKA	weapons	0x3afa2	8	37㎜キカンホウ	04089545446c5c41	4	37㎜기관포
KEKKA	weapons	0x3afaa	8	20㎜ホウL55	0301955c41160606	5	20㎜포L55
KEKKA	weapons	0x3afb2	8	37㎜ホウL40	0408955c41160501	6	37㎜포L40
KEKKA	weapons	0x3afba	8	37㎜ホウL45	0408955c41160506	7	37㎜포L45
KEKKA	weapons	0x3afc2	8	37㎜ホウL47	0408955c41160508	8	37㎜포L47
KEKKA	weapons	0x3afca	8	37㎜ホウL48	0408955c41160509	9	37㎜포L48
KEKKA	weapons	0x3afd2	8	47㎜ホウL44	0508955c41160505	10	47㎜포L44
KEKKA	weapons	0x3afda	8	50㎜ホウL42	0601955c41160503	11	50㎜포L42
KEKKA	weapons	0x3afe2	8	50㎜ホウL60	0601955c41160701	12	50㎜포L60
KEKKA	weapons	0x3afea	8	75㎜ホウL24	0806955c41160305	13	75㎜포L24
KEKKA	weapons	0x3aff2	8	75㎜ホウL37	0806955c41160408	14	75㎜포L37
KEKKA	weapons	0x3affa	8	75㎜ホウL43	0806955c41160504	15	75㎜포L43
KEKKA	weapons	0x3b002	8	75㎜ホウL46	0806955c41160507	16	75㎜포L46
KEKKA	weapons	0x3b00a	8	75㎜ホウL48	0806955c41160509	17	75㎜포L48
KEKKA	weapons	0x3b012	8	75㎜ホウL70	0806955c41160801	18	75㎜포L70
KEKKA	weapons	0x3b01a	8	76㎜ホウL51	0807955c41160602	19	76㎜포L51
KEKKA	weapons	0x3b022	8	76㎜ホウL52	0807955c41160603	20	76㎜포L52
KEKKA	weapons	0x3b02a	8	75㎜ホウL35	0806955c41160406	21	75㎜포L35
KEKKA	weapons	0x3b032	8	75㎜Heat	0806951229253800	22	75㎜Heat
KEKKA	weapons	0x3b03a	8	88㎜ホウL51	0909955c41160602	23	88㎜포L51
KEKKA	weapons	0x3b042	8	88㎜ホウL56	0909955c41160607	24	88㎜포L56
KEKKA	weapons	0x3b04a	8	88㎜ホウL71	0909955c41160802	25	88㎜포L71
KEKKA	weapons	0x3b052	8	88㎜ホウL74	0909955c41160805	26	88㎜포L74
KEKKA	weapons	0x3b05a	8	105㎜ホウ	020106955c410000	27	105㎜포
KEKKA	weapons	0x3b062	8	128㎜ホウL	020309955c411600	28	128㎜포L
KEKKA	weapons	0x3b06a	8	150㎜ホウ	020601955c410000	29	150㎜포
KEKKA	weapons	0x3b072	8	540㎜ホウ	060501955c410000	30	540㎜포
KEKKA	weapons	0x3b07a	8	105㎜ヤホウ	02010695625c4100	31	105㎜야포
KEKKA	weapons	0x3b082	8	150㎜ヤホウ	02060195625c4100	32	150㎜야포
KEKKA	weapons	0x3b08a	8	155㎜カノンL	0206069544576c16	33	155㎜CanL
KEKKA	weapons	0x3b092	8	170㎜カノンL	0208019544576c16	34	170㎜CanL
KEKKA	weapons	0x3b09a	8	173㎜カノンL	0208049544576c16	35	173㎜CanL
KEKKA	weapons	0x3b0a2	8	150㎜HIホウ	0206019512135c41	36	150㎜HI포
KEKKA	weapons	0x3b0aa	8	ロケットホウ	6b478c525c410000	37	로켓포
KEKKA	weapons	0x3b0b2	8	380㎜ロケット	040901956b478c52	38	380㎜로켓
KEKKA	weapons	0x3b0ba	8	ATライフル	0b1e67405a690000	39	AT소총
KEKKA	weapons	0x3b0c2	8	P·シュレッケ	1a914a8e6a8c4700	40	P·Schrek
KEKKA	weapons	0x3b0ca	8	P·ファウスト	1a915a87414b5200	41	P·Faust
KEKKA	weapons	0x3b0d2	8	サブマシンガン	497f5d4a6c6e6c00	42	기관단총
KEKKA	weapons	0x3b0da	8	ライフル	67405a6900000000	43	소총
KEKKA	weapons	0x3b0e2	8	トツゲキライフル	5250714567405a69	44	돌격소총
KEKKA	weapons	0x3b0ea	8	ゴリアテ	72683f5100000000	45	Goliath
KEKKA	weapons	0x3b0f2	8	37㎜タイチホウ	0408954e404f5c41	46	37㎜대지포
KEKKA	weapons	0x3b0fa	8	88㎜ホウL54	0909955c41160605	47	88㎜포L54
KEKKA	weapons	0x3b102	8	85㎜ホウL52	0906955c41160603	48	85㎜포L52
KEKKA	weapons	0x3b10a	8	85㎜AAホウ	0906950b0b5c4100	49	85㎜AA포
KEKKA	weapons	0x3b112	8	76.2㎜ホウL	08079003955c4116	50	76.2㎜포L
KEKKA	weapons	0x3b11a	8	76.2㎜ホウM	08079003955c4117	51	76.2㎜포M
KEKKA	weapons	0x3b122	8	76.2㎜ホウS	08079003955c411d	52	76.2㎜포S
KEKKA	weapons	0x3b12a	8	ナゾ7	5377080000000000	53	미지7
KEKKA	weapons	0x3b132	8	7.62㎜MG	0890070395171100	54	7.62㎜MG
KEKKA	weapons	0x3b13a	8	Gビイム	117e405f00000000	55	GBeam
KEKKA	weapons	0x3b142	8	7.62㎜MG	0890070395171100	56	7.62㎜MG
KEKKA	weapons	0x3b14a	8	57㎜M41	0608951705020000	57	57㎜M41
KEKKA	weapons	0x3b152	8	46㎜ホウL45	0507955c41160506	58	46㎜포L45
KEKKA	weapons	0x3b15a	8	45㎜ホウL46	0506955c41160507	59	45㎜포L46
KEKKA	weapons	0x3b162	8	45㎜ホウL45	0506955c41160506	60	45㎜포L45
KEKKA	weapons	0x3b16a	8	45㎜M32	0506951704030000	61	45㎜M32
KEKKA	weapons	0x3b172	8	コウセン	48414c6c00000000	62	Ray
KEKKA	weapons	0x3b17a	8	25㎜キカンホウ	03069545446c5c41	63	25㎜기관포
KEKKA	weapons	0x3b182	8	ビイム	7e405f0000000000	64	Beam
KEKKA	weapons	0x3b18a	8	152㎜ヤホウ	02060395625c4100	65	152㎜야포
KEKKA	weapons	0x3b192	8	152㎜ホウ	020603955c410000	66	152㎜포
KEKKA	weapons	0x3b19a	8	152㎜HI	0206039512130000	67	152㎜HI
KEKKA	weapons	0x3b1a2	8	122㎜ヤホウ	02030395625c4100	68	122㎜야포
KEKKA	weapons	0x3b1aa	8	122㎜ホウL	020303955c411600	69	122㎜포L
KEKKA	weapons	0x3b1b2	8	イナヅマ	40537a5d00000000	70	Bolt
KEKKA	weapons	0x3b1ba	8	12.7㎜MG	0203900895171100	71	12.7㎜MG
KEKKA	weapons	0x3b1c2	8	100㎜ホウL	020101955c411600	72	100㎜포L
KEKKA	weapons	0x3b1ca	8	37㎜ホウL54	0408955c41160605	73	37㎜포L54
KEKKA	weapons	0x3b1d2	8	40㎜キカンホウ	05019545446c5c41	74	40㎜기관포
KEKKA	weapons	0x3b1da	8	57㎜ホウL	0608955c41160000	75	57㎜포L
KEKKA	weapons	0x3b1e2	8	カエンダン	44426c786c000000	76	Flame
KEKKA	weapons	0x3b1ea	8	75㎜ホウL29	0806955c4116030a	77	75㎜포L29
KEKKA	weapons	0x3b1f2	8	75㎜ホウL38	0806955c41160409	78	75㎜포L38
KEKKA	weapons	0x3b1fa	8	76㎜ホウL52	0807955c41160603	79	76㎜포L52
KEKKA	weapons	0x3b202	8	90㎜ホウL50	0a01955c41160601	80	90㎜포L50
KEKKA	weapons	0x3b20a	8	90㎜ホウL53	0a01955c41160604	81	90㎜포L53
KEKKA	weapons	0x3b212	8	90㎜ホウL70	0a01955c41160801	82	90㎜포L70
KEKKA	weapons	0x3b21a	8	105㎜ホウLL	020106955c411616	83	105㎜포LL
KEKKA	weapons	0x3b222	8	バズーカ	7d759a4400000000	84	Bazooka
KEKKA	weapons	0x3b22a	8	ジドウライフル	747c4167405a6900	85	자동소총
KEKKA	weapons	0x3b232	8	94㎜CSホウ	0a05950d1d5c4100	86	94㎜CS포
KEKKA	weapons	0x3b23a	8	77㎜ホウQF	0808955c411b1000	87	77㎜포QF
KEKKA	weapons	0x3b242	8	キョダイカキュウ	458f784044458e41	88	Firebl
KEKKA	weapons	0x3b24a	8	76㎜CSホウ	0807950d1d5c4100	89	76㎜CS포
KEKKA	weapons	0x3b252	8	75㎜ホウQF	0806955c411b1000	90	75㎜포QF
KEKKA	weapons	0x3b25a	8	バクライ	7d46674000000000	91	폭뢰
KEKKA	weapons	0x3b262	8	6ポンドホウ	07866c7c5c410000	92	6Pdr
KEKKA	weapons	0x3b26a	8	5.5インチホウ	069006406c4f5c41	93	5.5inG
KEKKA	weapons	0x3b272	8	40㎜ホウL48	0501955c41160509	94	40㎜포L48
KEKKA	weapons	0x3b27a	8	3インチホウ	04406c4f5c410000	95	3inG
KEKKA	weapons	0x3b282	8	356㎜ホウ	040607955c410000	96	356㎜포
KEKKA	weapons	0x3b28a	8	32ポンドホウ	0403866c7c5c4100	97	32Pdr
KEKKA	weapons	0x3b292	8	2ポンドホウ	03866c7c5c410000	98	2Pdr
KEKKA	weapons	0x3b29a	8	25ポンドホウ	0306866c7c5c4100	99	25Pdr
KEKKA	weapons	0x3b2a2	8	200㎜CSホウ	030101950d1d5c41	100	200㎜CS포
KEKKA	weapons	0x3b2aa	8	17ポンドホウ	0208866c7c5c4100	101	17Pdr
KEKKA	weapons	0x3b2b2	8	15㎜キカンホウ	02069545446c5c41	102	15㎜기관포
KEKKA	weapons	0x3b2ba	8	20㎜ライフル	03019567405a6900	103	20㎜소총
KEKKA	weapons	0x3b2c2	8	47㎜ホウL32	0508955c41160403	104	47㎜포L32
KEKKA	weapons	0x3b2ca	8	47㎜ホウL40	0508955c41160501	105	47㎜포L40
KEKKA	weapons	0x3b2d2	8	75㎜ホウL18	0806955c41160209	106	75㎜포L18
KEKKA	weapons	0x3b2da	8	75㎜ホウL32	0806955c41160403	107	75㎜포L32
KEKKA	weapons	0x3b2e2	8	75㎜ホウL34	0806955c41160405	108	75㎜포L34
KEKKA	weapons	0x3b2ea	8	8㎜MG	0995171100000000	109	8㎜MG
KEKKA	weapons	0x3b2f2	8	330㎜ホウ	040401955c410000	110	330㎜포
KEKKA	weapons	0x3b2fa	8	37㎜ホウL21	0408955c41160302	111	37㎜포L21
KEKKA	weapons	0x3b302	8	25㎜ホウL72	0306955c41160803	112	25㎜포L72
KEKKA	weapons	0x3b30a	8	320㎜ホウ	040301955c410000	113	320㎜포
KEKKA	weapons	0x3b312	8	37㎜ホウL23	0408955c41160304	114	37㎜포L23
KEKKA	weapons	0x3b31a	8	47㎜ホウL34	0508955c41160405	115	47㎜포L34
KEKKA	weapons	0x3b322	8	75㎜ホウL17	0806955c41160208	116	75㎜포L17
KEKKA	weapons	0x3b32a	8	7.5㎜MG	0890069517110000	117	7.5㎜MG
KEKKA	weapons	0x3b332	8	75㎜ホウL36	0806955c41160407	118	75㎜포L36
KEKKA	weapons	0x3b33a	8	1.8tバクダン	029009387d46786c	119	1.8t폭탄
KEKKA	weapons	0x3b342	8	13㎜キカンホウ	02049545446c5c41	120	13㎜기관포
KEKKA	weapons	0x3b34a	8	280㎜ホウ	030901955c410000	121	280㎜포
KEKKA	weapons	0x3b352	8	203㎜ホウ	030104955c410000	122	203㎜포
KEKKA	weapons	0x3b35a	8	1tバクダン	02387d46786c0000	123	1t폭탄
KEKKA	weapons	0x3b362	8	250㎏バクダン	030601967d46786c	124	250㎏폭탄
KEKKA	weapons	0x3b36a	8	200㎜ホウ	030101955c410000	125	200㎜포
KEKKA	weapons	0x3b372	8	500㎏バクダン	060101967d46786c	126	500㎏폭탄
KEKKA	weapons	0x3b37a	8	73㎜ロケット	0804956b478c5200	127	73㎜로켓
KEKKA	weapons	0x3b382	8	Lバクダン	167d46786c000000	128	L폭탄
KEKKA	weapons	0x3b38a	8	Mバクダン	177d46786c000000	129	M폭탄
KEKKA	weapons	0x3b392	8	Sバクダン	1d7d46786c000000	130	S폭탄
KEKKA	weapons	0x3b39a	8	ショウイダン	4a8f4140786c0000	131	소이탄
KEKKA	weapons	0x3b3a2	8	タンク	4e6c460000000000	132	Tank
KEKKA	weapons	0x3b3aa	8	7.7㎜MG	0890089517110000	133	7.7㎜MG
KEKKA	weapons	0x3b3b2	8	75㎜ヤホウ	080695625c410000	134	75㎜야포
KEKKA	weapons	0x3b3ba	8	バズーカ	7d759a4400000000	135	Bazooka
KEKKA	weapons	0x3b3c2	8	380㎜ホウ	040901955c410000	136	380㎜포
KEKKA	weapons	0x3b3ca	8	105㎜AAホウ	020106950b0b5c41	137	105㎜AA포
KEKKA	weapons	0x3b3d2	8	406㎜ホウ	050107955c410000	138	406㎜포
KEKKA	weapons	0x3b3da	8	138㎜ホウ	020409955c410000	139	138㎜포
KEKKA	weapons	0x3b3e2	8	100㎏バクダン	020101967d46786c	140	100㎏폭탄
KEKKA	weapons	0x3b3ea	8	150㎏バクダン	020601967d46786c	141	150㎏폭탄
KEKKA	weapons	0x3b3f2	8	200㎏バクダン	030101967d46786c	142	200㎏폭탄
KEKKA	weapons	0x3b3fa	8	50㎏バクダン	0601967d46786c00	143	50㎏폭탄
KEKKA	weapons	0x3b402	8	ロケットダン	6b478c52786c0000	144	로켓탄
KEKKA	weapons	0x3b40a	8	180㎏バクダン	020901967d46786c	145	180㎏폭탄
KEKKA	weapons	0x3b412	8	225㎏バクダン	030306967d46786c	146	225㎏폭탄
KEKKA	weapons	0x3b41a	8	450㎏バクダン	050601967d46786c	147	450㎏폭탄
KEKKA	weapons	0x3b422	8	540㎏バクダン	060501967d46786c	148	540㎏폭탄
KEKKA	weapons	0x3b42a	8	680㎏バクダン	070901967d46786c	149	680㎏폭탄
KEKKA	weapons	0x3b432	8	900㎏バクダン	0a0101967d46786c	150	900㎏폭탄
KEKKA	weapons	0x3b43a	8	ギョライ	6f8f674000000000	151	Torp
KEKKA	weapons	0x3b442	8	75㎜ホウ	0806955c41000000	152	75㎜포
KEKKA	weapons	0x3b44a	8	300㎏バクダン	040101967d46786c	153	300㎏폭탄
KEKKA	weapons	0x3b452	8	480㎏バクダン	050901967d46786c	154	480㎏폭탄
KEKKA	weapons	0x3b45a	8	600㎏バクダン	070101967d46786c	155	600㎏폭탄
KEKKA	weapons	0x3b462	8	400㎏バクダン	050101967d46786c	156	400㎏폭탄
KEKKA	weapons	0x3b46a	8	マシンガン	5d4a6c6e6c000000	157	기관총
KEKKA	weapons	0x3b472	8	カイガンホウ	44406e6c5c410000	158	CstGun
KEKKA	weapons	0x3b47a	8	128㎜ホウ	020309955c410000	159	128㎜포
KEKKA	weapons	0x3b482	8	60㎏バクダン	0701967d46786c00	160	60㎏폭탄
KEKKA	weapons	0x3b48a	8	サブマシンガン	497f5d4a6c6e6c00	161	기관단총
KEKKA	weapons	0x3b492	8	75㎜カノン	08069544576c0000	162	75㎜Can
KEKKA	weapons	0x3b49a	8	ピアット	833f8c5200000000	163	PIAT
KEKKA	weapons	0x3b4a2	8	13.2㎜MG	0204900395171100	164	13.2㎜MG
KEKKA	weapons	0x3b4aa	8	40㎜ホウL45	0501955c41160506	165	40㎜포L45
KEKKA	weapons	0x3b4b2	8	40㎜ホウL51	0501955c41160602	166	40㎜포L51
KEKKA	weapons	0x3b4ba	8	70㎜ホウL25	0801955c41160306	167	70㎜포L25
KEKKA	weapons	0x3b4c2	8	25㎜キカンホウ	03069545446c5c41	168	25㎜기관포
KEKKA	weapons	0x3b4ca	8	75㎜タイチホウ	0806954e404f5c41	169	75㎜대지포
KEKKA	weapons	0x3b4d2	8	65㎜AAホウ	0706950b0b5c4100	170	65㎜AA포
KEKKA	weapons	0x3b4da	8	75㎜AAホウ	0806950b0b5c4100	171	75㎜AA포
KEKKA	weapons	0x3b4e2	8	90㎜AAホウ	0a01950b0b5c4100	172	90㎜AA포
KEKKA	weapons	0x3b4ea	8	133㎜AAホウ	020404950b0b5c41	173	133㎜AA포
KEKKA	weapons	0x3b4f2	8	102㎜ホウ	020103955c410000	174	102㎜포
KEKKA	weapons	0x3b4fa	8	114㎜AAホウ	020205950b0b5c41	175	114㎜AA포
KEKKA	weapons	0x3b502	8	119㎜AAホウ	02020a950b0b5c41	176	119㎜AA포
KEKKA	weapons	0x3b50a	8	120㎜ホウ	020301955c410000	177	120㎜포
KEKKA	weapons	0x3b512	8	127㎜AAホウ	020308950b0b5c41	178	127㎜AA포
KEKKA	weapons	0x3b51a	8	1.5tバクダン	029006387d46786c	179	1.5t폭탄
KEKKA	weapons	0x3b522	8	120㎜HI	0203019512130000	180	120㎜HI
MUSEUM	units	0x7e3c2	8	ベ ベ ベ ベ	8000800080008000	0	Be be be
MUSEUM	units	0x7e414	8	ベ ベ ベ ベ	8000800080008000	1	Be be be
MUSEUM	units	0x7e466	8	ベ オケクセケキ	80004347464c4745	2	Be okeku
MUSEUM	units	0x7e4b8	8	オケクセコチ	4347464c484f0000	3	Okekusek
MUSEUM	units	0x7e50a	8	NOT	18191e0000000000	4	NOT
MUSEUM	units	0x7e55c	8	PSW222	1a1d210303030000	5	PSW222
MUSEUM	units	0x7e5ae	8	PSW231	1a1d210304020000	6	PSW231
MUSEUM	units	0x7e600	8	PSW234/1	1a1d210304059402	7	PSW234/1
MUSEUM	units	0x7e652	8	PSW234/2	1a1d210304059403	8	PSW234/2
MUSEUM	units	0x7e6a4	8	PSW234/3	1a1d210304059404	9	PSW234/3
MUSEUM	units	0x7e6f6	8	PSW234/4	1a1d210304059405	10	PSW234/4
MUSEUM	units	0x7e748	8	AB41	0b0c050200000000	11	AB41
MUSEUM	units	0x7e79a	8	ハンバーⅡ	586c7d9a9d000000	12	HumberⅡ
MUSEUM	units	0x7e7ec	8	PzKwⅠA	1a3e153b9c0b0000	13	PzKwⅠA
MUSEUM	units	0x7e83e	8	PzKwⅠB	1a3e153b9c0c0000	14	PzKwⅠB
MUSEUM	units	0x7e890	8	PzKwⅡA	1a3e153b9d0b0000	15	PzKwⅡA
MUSEUM	units	0x7e8e2	8	PzKwⅡF	1a3e153b9d100000	16	PzKwⅡF
MUSEUM	units	0x7e934	8	PzKwⅡL	1a3e153b9d160000	17	PzKwⅡL
MUSEUM	units	0x7e986	8	PzKw35t	1a3e153b04063800	18	PzKw35t
MUSEUM	units	0x7e9d8	8	PzKw38tA	1a3e153b0409380b	19	PzKw38tA
MUSEUM	units	0x7ea2a	8	PzKw38tE	1a3e153b0409380f	20	PzKw38tE
MUSEUM	units	0x7ea7c	8	PzKwⅢF	1a3e153b9e100000	21	PzKwⅢF
MUSEUM	units	0x7eace	8	PzKwⅢG	1a3e153b9e110000	22	PzKwⅢG
MUSEUM	units	0x7eb20	8	PzKwⅢH	1a3e153b9e120000	23	PzKwⅢH
MUSEUM	units	0x7eb72	8	PzKwⅢJ	1a3e153b9e140000	24	PzKwⅢJ
MUSEUM	units	0x7ebc4	8	PzKwⅢL	1a3e153b9e160000	25	PzKwⅢL
MUSEUM	units	0x7ec16	8	PzKwⅣD	1a3e153b9f0e0000	26	PzKwⅣD
MUSEUM	units	0x7ec68	8	PzKwⅣE	1a3e153b9f0f0000	27	PzKwⅣE
MUSEUM	units	0x7ecba	8	PzKwⅣF2	1a3e153b9f100300	28	PzKwⅣF2
MUSEUM	units	0x7ed0c	8	PzKwⅣH	1a3e153b9f120000	29	PzKwⅣH
MUSEUM	units	0x7ed5e	8	パンターD	826c4e9a0e000000	30	PantherD
MUSEUM	units	0x7edb0	8	パンターA	826c4e9a0b000000	31	PantherA
MUSEUM	units	0x7ee02	8	パンターG	826c4e9a11000000	32	PantherG
MUSEUM	units	0x7ee54	8	Eー50	0f9a060100000000	33	Eー50
MUSEUM	units	0x7eea6	8	Tー34A	1e9a04050b000000	34	Tー34A
MUSEUM	units	0x7eef8	8	M14/41	1702059405020000	35	M14/41
MUSEUM	units	0x7ef4a	8	M15/42	1702069405030000	36	M15/42
MUSEUM	units	0x7ef9c	8	マチルダⅡ	5d4f69789d000000	37	MatildaⅡ
MUSEUM	units	0x7efee	8	ティーガーⅠ	51889a6e9a9c0000	38	TigerⅠ
MUSEUM	units	0x7f040	8	ティーガーⅡ	51889a6e9a9d0000	39	TigerⅡ
MUSEUM	units	0x7f092	8	P·ティーガー	1a9151889a6e9a00	40	P·Tiger
MUSEUM	units	0x7f0e4	8	マウス	5d414b0000000000	41	Maus
MUSEUM	units	0x7f136	8	Eー75	0f9a080600000000	42	Eー75
MUSEUM	units	0x7f188	8	Eー100	0f9a020101000000	43	Eー100
MUSEUM	units	0x7f1da	8	P26/40	1a03079405010000	44	P26/40
MUSEUM	units	0x7f22c	8	StuGⅢB	1d3839119e0c0000	45	StuGⅢB
MUSEUM	units	0x7f27e	8	StuGⅢG	1d3839119e110000	46	StuGⅢG
MUSEUM	units	0x7f2d0	8	StuH42	1d38391205030000	47	StuH42
MUSEUM	units	0x7f322	8	セモベンテL6	4c61806c51160700	48	SemovnL6
MUSEUM	units	0x7f374	8	セモベンテM42	4c61806c51170503	49	SemovM42
MUSEUM	units	0x7f3c6	8	セモベンテM43	4c61806c51170504	50	SemovM43
MUSEUM	units	0x7f418	8	JagPzⅠB	14252b1a3e9c0c00	51	JagPzⅠB
MUSEUM	units	0x7f46a	8	Me110D N	17290202010e0018	52	Me110D N
MUSEUM	units	0x7f4bc	8	ヘッツアー	5b8c503f9a000000	53	Hetzer
MUSEUM	units	0x7f50e	8	JagPzⅣ48	14252b1a3e9f0509	54	JagPzⅣ48
MUSEUM	units	0x7f560	8	JagPzⅣ70	14252b1a3e9f0801	55	JagPzⅣ70
MUSEUM	units	0x7f5b2	8	ヤクトパンター	624652826c4e9a00	56	JgdPanth
MUSEUM	units	0x7f604	8	エレファント	426a5a876c520000	57	Elefant
MUSEUM	units	0x7f656	8	ヤクトティーガー	62465251889a6e9a	58	JgdTiger
MUSEUM	units	0x7f6a8	8	マーダーⅡ	5d9a789a9d000000	59	MarderⅡ
MUSEUM	units	0x7f6fa	8	マーダーⅢ	5d9a789a9e000000	60	MarderⅢ
MUSEUM	units	0x7f74c	8	マーダーⅢ(r)	5d9a789a9ea936aa	61	MarderⅢ)
MUSEUM	units	0x7f79e	8	ナースホルン	539a4b5c696c0000	62	Nashorn
MUSEUM	units	0x7f7f0	8	デマーグD7	7b5d9a700e080000	63	DemagD7
MUSEUM	units	0x7f842	8	Sdkfz7/1	1d282f2a3e089402	64	Sdkfz7/1
MUSEUM	units	0x7f894	8	FPz38t	101a3e0409380000	65	FPz38t
MUSEUM	units	0x7f8e6	8	メーベルワーゲン	609a8069659a716c	66	Mobelwgn
MUSEUM	units	0x7f938	8	ヴィルベルビンド	6d886980697e6c7c	67	Wirblwnd
MUSEUM	units	0x7f98a	8	クーゲルブリッツ	469a71697f688c50	68	Kugelbtz
MUSEUM	units	0x7f9dc	8	ケーリアン	479a683f6c000000	69	Kerian
MUSEUM	units	0x7fa2e	8	オストウィンド	434b5241886c7c00	70	Ostwind
MUSEUM	units	0x7fa80	8	Flak37Pz	1030252f04081a3e	71	Flak37Pz
MUSEUM	units	0x7fad2	8	Flak41Pz	1030252f05021a3e	72	Flak41Pz
MUSEUM	units	0x7fb24	8	グリーレ	70689a6a00000000	73	Grille
MUSEUM	units	0x7fb76	8	ヴェスペ	6d8a4b8500000000	74	Wespe
MUSEUM	units	0x7fbc8	8	フンメル	5a6c606900000000	75	Hummel
MUSEUM	units	0x7fc1a	8	マウルティア	5d416951883f0000	76	Maultir
MUSEUM	units	0x7fc6c	8	カール	449a690000000000	77	Karl
MUSEUM	units	0x7fcbe	8	slG33/1	3730110404940200	78	slG33/1
MUSEUM	units	0x7fd10	8	slG33/2	3730110404940300	79	slG33/2
MUSEUM	units	0x7fd62	8	グリーレK	70689a6a15000000	80	GrilleK
MUSEUM	units	0x7fdb4	8	ブルムベアー	7f695f803f9a0000	81	Brummbar
MUSEUM	units	0x7fe06	8	S·ティーガー	1d9151889a6e9a00	82	S·Tiger
MUSEUM	units	0x7fe58	8	37㎜Pak35	0408951a252f0406	83	37㎜Pak35
MUSEUM	units	0x7feaa	8	50㎜Pak38	0601951a252f0409	84	50㎜Pak38
MUSEUM	units	0x7fefc	8	75㎜Pak40	0806951a252f0501	85	75㎜Pak40
MUSEUM	units	0x7ff4e	8	88㎜Pak43	0909951a252f0504	86	88㎜Pak43
MUSEUM	units	0x7ffa0	8	Me110G N	1729020201110018	87	Me110G N
MUSEUM	units	0x7fff2	8	88㎜Flk36	09099510302f0407	88	88㎜Flk36
MUSEUM	units	0x80044	8	88㎜Flk41	09099510302f0502	89	88㎜Flk41
MUSEUM	units	0x80096	8	105㎜ヤホウ	02010695625c4100	90	105㎜FG
MUSEUM	units	0x800e8	8	155㎜カノン	0206069544576c00	91	155㎜Cann
MUSEUM	units	0x8013a	8	173㎜カノン	0208049544576c00	92	173㎜Cann
MUSEUM	units	0x8018c	8	ホヘイ	5c5b400000000000	93	Inf
MUSEUM	units	0x801de	8	Do17Z N	0e33020824001800	94	Do17Z N
MUSEUM	units	0x80230	8	テキダンヘイ	5145786c5b400000	95	Grenadr
MUSEUM	units	0x80282	8	テキダンヘイ43	5145786c5b400504	96	Grend43
MUSEUM	units	0x802d4	8	エリートヘイ	42689a525b400000	97	Elite
MUSEUM	units	0x80326	8	ソウコウテキダン	4d4148415145786c	98	PzGren
MUSEUM	units	0x80378	8	SSソウコウヘイ	1d1d4d4148415b40	99	SSArmInf
MUSEUM	units	0x803ca	8	Do217E N	0e330302080f0018	100	Do217E N
MUSEUM	units	0x8041c	8	コウカリョウヘイ	484144688f415b40	101	Paratrp
MUSEUM	units	0x8046e	8	ホキュウシャ	5c458e414a8d0000	102	Supply
MUSEUM	units	0x804c0	8	ユソウシャ	634d414a8d000000	103	Truck
MUSEUM	units	0x80512	8	Bf109T	0c2a02010a1e0000	104	Bf109T
MUSEUM	units	0x80564	8	Bf109E	0c2a02010a0f0000	105	Bf109E
MUSEUM	units	0x805b6	8	Bf109F	0c2a02010a100000	106	Bf109F
MUSEUM	units	0x80608	8	Bf109G	0c2a02010a110000	107	Bf109G
MUSEUM	units	0x8065a	8	Bf109K	0c2a02010a150000	108	Bf109K
MUSEUM	units	0x806ac	8	Fw190A	103b020a010b0000	109	Fw190A
MUSEUM	units	0x806fe	8	Fw190D9	103b020a010e0a00	110	Fw190D9
MUSEUM	units	0x80750	8	Ta152H	1e25020603120000	111	Ta152H
MUSEUM	units	0x807a2	8	Me262	1729030703000000	112	Me262
MUSEUM	units	0x807f4	8	MeP1101	17291a0202010200	113	MeP1101
MUSEUM	units	0x80846	8	He162	1229020703000000	114	He162
MUSEUM	units	0x80898	8	Ta183	1e25020904000000	115	Ta183
MUSEUM	units	0x808ea	8	Avia534	0b3a2d2506040500	116	Avia534
MUSEUM	units	0x8093c	8	Ju88A N	143909090b001800	117	Ju88A N
MUSEUM	units	0x8098e	8	D.520	0e90060301000000	118	D.520
MUSEUM	units	0x809e0	8	MC200	170d030101000000	119	MC200
MUSEUM	units	0x80a32	8	MC202	170d030103000000	120	MC202
MUSEUM	units	0x80a84	8	レイセン21ガタ	6a404c6c03026e4e	121	A6M2
MUSEUM	units	0x80ad6	8	ハヤブサⅠガタ	58627f499c6e4e00	122	Ki43-I
MUSEUM	units	0x80b28	8	Me163	1729020704000000	123	Me163
MUSEUM	units	0x80b7a	8	ナッター	538c4e9a00000000	124	Natter
MUSEUM	units	0x80bcc	8	Me110C	17290202010d0000	125	Me110C
MUSEUM	units	0x80c1e	8	Me110D	17290202010e0000	126	Me110D
MUSEUM	units	0x80c70	8	Me110E	17290202010f0000	127	Me110E
MUSEUM	units	0x80cc2	8	Me110G	1729020201110000	128	Me110G
MUSEUM	units	0x80d14	8	Me210	1729030201000000	129	Me210
MUSEUM	units	0x80d66	8	Me410	1729050201000000	130	Me410
MUSEUM	units	0x80db8	8	Fw190F	103b020a01100000	131	Fw190F
MUSEUM	units	0x80e0a	8	Fw190G	103b020a01110000	132	Fw190G
MUSEUM	units	0x80e5c	8	Do335	0e33040406000000	133	Do335
MUSEUM	units	0x80eae	8	Ho229	123303030a000000	134	Ho229
MUSEUM	units	0x80f00	8	サンダーボルト	496c789a81695200	135	Thundblt
MUSEUM	units	0x80f52	8	Ju87B	143909080c000000	136	Ju87B
MUSEUM	units	0x80fa4	8	Ju87D	143909080e000000	137	Ju87D
MUSEUM	units	0x80ff6	8	Ju87R	143909081c000000	138	Ju87R
MUSEUM	units	0x81048	8	Ju87C	143909080d000000	139	Ju87C
MUSEUM	units	0x8109a	8	Ju87G	1439090811000000	140	Ju87G
MUSEUM	units	0x810ec	8	Hs129B2	123702030a0c0300	141	Hs129B2
MUSEUM	units	0x8113e	8	He111	1229020202000000	142	He111
MUSEUM	units	0x81190	8	He177	1229020808000000	143	He177
MUSEUM	units	0x811e2	8	Me262 N	1729030703001800	144	Me262 N
MUSEUM	units	0x81234	8	Do17Z	0e33020824000000	145	Do17Z
MUSEUM	units	0x81286	8	Do217E	0e330302080f0000	146	Do217E
MUSEUM	units	0x812d8	8	Do217M	0e33030208170000	147	Do217M
MUSEUM	units	0x8132a	8	Do217K	0e33030208150000	148	Do217K
MUSEUM	units	0x8137c	8	Ju88A	143909090b000000	149	Ju88A
MUSEUM	units	0x813ce	8	Ju88S	143909091d000000	150	Ju88S
MUSEUM	units	0x81420	8	Ar234B	0b360304050c0000	151	Ar234B
MUSEUM	units	0x81472	8	Ju287	1439030908000000	152	Ju287
MUSEUM	units	0x814c4	8	Ju188	1439020909000000	153	Ju188
MUSEUM	units	0x81516	8	Bー17	0c9a020800000000	154	Bー17
MUSEUM	units	0x81568	8	Ju88G	1439090911000000	155	Ju88G
MUSEUM	units	0x815ba	8	He219	122903020a000000	156	He219
MUSEUM	units	0x8160c	8	Ju388J	1439040909140000	157	Ju388J
MUSEUM	units	0x8165e	8	ユソウキ	634d414500000000	158	TrspAir
MUSEUM	units	0x816b0	8	ビスマルク	7e4b5d6946000000	159	Bismarck
MUSEUM	units	0x81702	8	Hガタセンカン	126e4e4c6c446c00	160	HBB
MUSEUM	units	0x81754	8	テルピッツ	5169838c50000000	161	Tirpitz
MUSEUM	units	0x817a6	8	シェアー	4a8a3f9a00000000	162	Scheer
MUSEUM	units	0x817f8	8	シャルンホルスト	4a8d696c5c694b52	163	Scharnhr
MUSEUM	units	0x8184a	8	ジュウジュン	748e41748e6c0000	164	CA
MUSEUM	units	0x8189c	8	ケイジュン	4740748e6c000000	165	CL
MUSEUM	units	0x818ee	8	クチクカン	464f46446c000000	166	DD
MUSEUM	units	0x81940	8	センスイカン	4c6c4b40446c0000	167	SS
MUSEUM	units	0x81992	8	G·ツエッペリン	119150428c85686c	168	G·Zeppel
MUSEUM	units	0x819e4	8	リットリオ	688c526843000000	169	Littorio
MUSEUM	units	0x81a36	8	リシュリュー	684a8e688e9a0000	170	Richelie
MUSEUM	units	0x81a88	8	BAー6	0c0b9a0700000000	171	BAー6
MUSEUM	units	0x81ada	8	Tー26M33	1e9a030717040400	172	Tー26M33
MUSEUM	units	0x81b2c	8	Tー26M37	1e9a030717040800	173	Tー26M37
MUSEUM	units	0x81b7e	8	BTー5	0c1e9a0600000000	174	BTー5
MUSEUM	units	0x81bd0	8	BTー7	0c1e9a0800000000	175	BTー7
MUSEUM	units	0x81c22	8	BTー7A	0c1e9a080b000000	176	BTー7A
MUSEUM	units	0x81c74	8	Tー60M40	1e9a070117050100	177	Tー60M40
MUSEUM	units	0x81cc6	8	Tー60M42	1e9a070117050300	178	Tー60M42
MUSEUM	units	0x81d18	8	Tー38	1e9a040900000000	179	Tー38
MUSEUM	units	0x81d6a	8	Tー28	1e9a030900000000	180	Tー28
MUSEUM	units	0x81dbc	8	Tー34A	1e9a04050b000000	181	Tー34A
MUSEUM	units	0x81e0e	8	Tー34B	1e9a04050c000000	182	Tー34B
MUSEUM	units	0x81e60	8	Tー34C	1e9a04050d000000	183	Tー34C
MUSEUM	units	0x81eb2	8	Tー34/85	1e9a040594090600	184	Tー34/85
MUSEUM	units	0x81f04	8	リー	689a000000000000	185	Lee
MUSEUM	units	0x81f56	8	シャーマンⅡA	4a8d9a5d6c9d0b00	186	ShermaⅡA
MUSEUM	units	0x81fa8	8	KVーⅠ	15209a9c00000000	187	KVーⅠ
MUSEUM	units	0x81ffa	8	KVーⅠE	15209a9c0f000000	188	KVーⅠE
MUSEUM	units	0x8204c	8	KVーⅠB	15209a9c0c000000	189	KVーⅠB
MUSEUM	units	0x8209e	8	KVーⅠC	15209a9c0d000000	190	KVーⅠC
MUSEUM	units	0x820f0	8	KVーⅠS	15209a9c1d000000	191	KVーⅠS
MUSEUM	units	0x82142	8	KVーⅡ	15209a9d00000000	192	KVーⅡ
MUSEUM	units	0x82194	8	JSーⅡ	141d9a9d00000000	193	JSーⅡ
MUSEUM	units	0x821e6	8	JSーⅡm	141d9a9d31000000	194	JSーⅡm
MUSEUM	units	0x82238	8	JSーⅢ	141d9a9e00000000	195	JSーⅢ
MUSEUM	units	0x8228a	8	KVー85	15209a0906000000	196	KVー85
MUSEUM	units	0x822dc	8	バレンタインⅡ	7d6a6c4e406c9d00	197	ValentiⅡ
MUSEUM	units	0x8232e	8	バレンタインⅥⅧ	7d6a6c4e406ca1a4	198	ValentⅥⅧ
MUSEUM	units	0x82380	8	JSUー122	141d1f9a02030300	199	JSUー122
MUSEUM	units	0x823d2	8	JSUー152	141d1f9a02060300	200	JSUー152
MUSEUM	units	0x82424	8	SUー122	1d1f9a0203030000	201	SUー122
MUSEUM	units	0x82476	8	SUー152	1d1f9a0206030000	202	SUー152
MUSEUM	units	0x824c8	8	マチルダⅠ	5d4f69789c000000	203	MatildaⅠ
MUSEUM	units	0x8251a	8	SUー85	1d1f9a0906000000	204	SUー85
MUSEUM	units	0x8256c	8	SUー100	1d1f9a0201010000	205	SUー100
MUSEUM	units	0x825be	8	ZISーAA	24131d9a0b0b0000	206	ZISーAA
MUSEUM	units	0x82610	8	ZSUー37	241d1f9a04080000	207	ZSUー37
MUSEUM	units	0x82662	8	IAGー10AA	130b119a02010b0b	208	IAGー10AA
MUSEUM	units	0x826b4	8	カチューシャ	444f8e9a4a8d0000	209	Katyusha
MUSEUM	units	0x82706	8	SUー76	1d1f9a0807000000	210	SUー76
MUSEUM	units	0x82758	8	45㎜M32	0506951704030000	211	45㎜M32
MUSEUM	units	0x827aa	8	57㎜M41	0608951705020000	212	57㎜M41
MUSEUM	units	0x827fc	8	76㎜M36	0807951704070000	213	76㎜M36
MUSEUM	units	0x8284e	8	76㎜AAホウ	0807950b0b5c4100	214	76㎜AAG
MUSEUM	units	0x828a0	8	85㎜AAホウ	0906950b0b5c4100	215	85㎜AAG
MUSEUM	units	0x828f2	8	122㎜ヤホウ	02030395625c4100	216	122㎜FG
MUSEUM	units	0x82944	8	152㎜ヤホウ	02060395625c4100	217	152㎜FG
MUSEUM	units	0x82996	8	ドウインヘイ	7c41406c5b400000	218	Levy
MUSEUM	units	0x829e8	8	ソゲキヘイ	4d71455b40000000	219	Sniper
MUSEUM	units	0x82a3a	8	スキーホヘイ	4b459a5c5b400000	220	SkiInf
MUSEUM	units	0x82a8c	8	キカイカホヘイ	454440445c5b4000	221	MechInf
MUSEUM	units	0x82ade	8	シンエイセキグン	4a6c42404c45706c	222	GdRedA
MUSEUM	units	0x82b30	8	ユソウシャ	634d414a8d000000	223	Truck
MUSEUM	units	0x82b82	8	ホキュウシャ	5c458e414a8d0000	224	Supply
MUSEUM	units	0x82bd4	8	Iー15	139a020600000000	225	Iー15
MUSEUM	units	0x82c26	8	Iー15bis	139a0206262d3700	226	Iー15bis
MUSEUM	units	0x82c78	8	Iー16	139a020700000000	227	Iー16
MUSEUM	units	0x82cca	8	LaG3	1625110400000000	228	LaG3
MUSEUM	units	0x82d1c	8	Yak1	23252f0200000000	229	Yak1
MUSEUM	units	0x82d6e	8	Yak7	23252f0800000000	230	Yak7
MUSEUM	units	0x82dc0	8	Yak9	23252f0a00000000	231	Yak9
MUSEUM	units	0x82e12	8	Mig3	172d2b0400000000	232	Mig3
MUSEUM	units	0x82e64	8	Mig7	172d2b0800000000	233	Mig7
MUSEUM	units	0x82eb6	8	Laー5	16259a0600000000	234	Laー5
MUSEUM	units	0x82f08	8	Laー7	16259a0800000000	235	Laー7
MUSEUM	units	0x82f5a	8	Laー9	16259a0a00000000	236	Laー9
MUSEUM	units	0x82fac	8	Laー11	16259a0202000000	237	Laー11
MUSEUM	units	0x82ffe	8	スピットⅤ	4b838c52a0000000	238	SpitfirⅤ
MUSEUM	units	0x83050	8	スピット]✕	4b838c52a5a60000	239	Spitfi]✕
MUSEUM	units	0x830a2	8	ハリケーンⅡ	5868479a6c9d0000	240	HurricnⅡ
MUSEUM	units	0x830f4	8	ウオーホーク	41439a5c9a460000	241	Warhawk
MUSEUM	units	0x83146	8	Bf109G	0c2a02010a110000	242	Bf109G
MUSEUM	units	0x83198	8	エアラコブラ	423f67487f670000	243	Airacbra
MUSEUM	units	0x831ea	8	サンダーボルト	496c789a81695200	244	Thundblt
MUSEUM	units	0x8323c	8	SBー2	1d0c9a0300000000	245	SBー2
MUSEUM	units	0x8328e	8	Ilー2	13309a0300000000	246	Ilー2
MUSEUM	units	0x832e0	8	Ilー10	13309a0201000000	247	Ilー10
MUSEUM	units	0x83332	8	ハボック	58818c4600000000	248	Havoc
MUSEUM	units	0x83384	8	Tuー2	1e399a0300000000	249	Tuー2
MUSEUM	units	0x833d6	8	TBー3	1e0c9a0400000000	250	TBー3
MUSEUM	units	0x83428	8	Peー2	1a299a0300000000	251	Peー2
MUSEUM	units	0x8347a	8	Peー8	1a299a0900000000	252	Peー8
MUSEUM	units	0x834cc	8	ミッチェル	5e8c4f8a69000000	253	Mitchell
MUSEUM	units	0x8351e	8	ユソウキ	634d414500000000	254	TrspAir
MUSEUM	units	0x83570	8	S·ソユーズ	1d914d639a750000	255	S·Soyuz
MUSEUM	units	0x835c2	8	グレイハウンド	706a4058416c7c00	256	Greyhnd
MUSEUM	units	0x83614	8	スチュアートⅠ	4b4f8e3f9a529c00	257	StuartⅠ
MUSEUM	units	0x83666	8	スチュアートⅤ	4b4f8e3f9a52a000	258	StuartⅤ
MUSEUM	units	0x836b8	8	チャーフィー	4f8d9a5a889a0000	259	Chaffee
MUSEUM	units	0x8370a	8	リー	689a000000000000	260	Lee
MUSEUM	units	0x8375c	8	シャーマンⅠ	4a8d9a5d6c9c0000	261	ShermanⅠ
MUSEUM	units	0x837ae	8	シャーマンⅡ	4a8d9a5d6c9d0000	262	ShermanⅡ
MUSEUM	units	0x83800	8	シャーマンⅣ	4a8d9a5d6c9f0000	263	ShermanⅣ
MUSEUM	units	0x83852	8	シャーマンⅣL	4a8d9a5d6c9f1600	264	ShermaⅣL
MUSEUM	units	0x838a4	8	ジャンボ	748d6c8100000000	265	Jumbo
MUSEUM	units	0x838f6	8	ジャンボL	748d6c8116000000	266	JumboL
MUSEUM	units	0x83948	8	シャーマンⅡA	4a8d9a5d6c9d0b00	267	ShermaⅡA
MUSEUM	units	0x8399a	8	シャーマンⅣB	4a8d9a5d6c9f0c00	268	ShermaⅣB
MUSEUM	units	0x839ec	8	LVT1	16201e0200000000	269	LVT1
MUSEUM	units	0x83a3e	8	LVT4	16201e0500000000	270	LVT4
MUSEUM	units	0x83a90	8	イーズィーエイト	409a75889a424052	271	EasyEght
MUSEUM	units	0x83ae2	8	パーシング	829a4a6c70000000	272	Pershng
MUSEUM	units	0x83b34	8	Tー95	1e9a0a0600000000	273	Tー95
MUSEUM	units	0x83b86	8	M10GMC	17020111170d0000	274	M10GMC
MUSEUM	units	0x83bd8	8	ヘルキャット	5b69458d8c520000	275	Hellcat
MUSEUM	units	0x83c2a	8	M36ジャクソン	170407748d464d6c	276	M36Jacks
MUSEUM	units	0x83c7c	8	M36B1	1704070c02000000	277	M36B1
MUSEUM	units	0x83cce	8	M15GMC	17020611170d0000	278	M15GMC
MUSEUM	units	0x83d20	8	M16GMC	17020711170d0000	279	M16GMC
MUSEUM	units	0x83d72	8	M19GMC	17020a11170d0000	280	M19GMC
MUSEUM	units	0x83dc4	8	M7プリースト	170884689a4b5200	281	M7Priest
MUSEUM	units	0x83e16	8	M3A1C	17040b020d000000	282	M3A1C
MUSEUM	units	0x83e68	8	M4カリオペ	1705446843850000	283	M4Caliop
MUSEUM	units	0x83eba	8	M12ロングトム	1702036b6c70525f	284	M12LTom
MUSEUM	units	0x83f0c	8	37㎜PakM3	0408951a252f1704	285	37㎜PakM3
MUSEUM	units	0x83f5e	8	57㎜PakM1	0608951a252f1702	286	57㎜PakM1
MUSEUM	units	0x83fb0	8	3inPakM5	042d321a252f1706	287	3inPakM5
MUSEUM	units	0x84002	8	76㎜AAホウ	0807950b0b5c4100	288	76㎜AAG
MUSEUM	units	0x84054	8	90㎜AAホウ	0a01950b0b5c4100	289	90㎜AAG
MUSEUM	units	0x840a6	8	105㎜ヤホウ	02010695625c4100	290	105㎜FG
MUSEUM	units	0x840f8	8	155㎜L.トム	020606951690525f	291	155㎜L.To
MUSEUM	units	0x8414a	8	シュウヘイ	4a8e415b40000000	292	Marine
MUSEUM	units	0x8419c	8	レンジャー	6a6c748d9a000000	293	Ranger
MUSEUM	units	0x841ee	8	ホヘイ	5c5b400000000000	294	Inf
MUSEUM	units	0x84240	8	クウテイタイ	464151404e400000	295	Airborn
MUSEUM	units	0x84292	8	ユソウシャ	634d414a8d000000	296	Truck
MUSEUM	units	0x842e4	8	ホキュウシャ	5c458e414a8d0000	297	Supply
MUSEUM	units	0x84336	8	ワイルドキャット	6540697c458d8c52	298	Wildcat
MUSEUM	units	0x84388	8	ヘルキャット	5b69458d8c520000	299	Hellcat
MUSEUM	units	0x843da	8	ベアキャット	803f458d8c520000	300	Bearcat
MUSEUM	units	0x8442c	8	パンター	826c4e9a00000000	301	Panther
MUSEUM	units	0x8447e	8	バッファロー	7d8c5a876b9a0000	302	Buffalo
MUSEUM	units	0x844d0	8	コルセア	48694c3f00000000	303	Corsair
MUSEUM	units	0x84522	8	ウォーホーク	418b9a5c9a460000	304	Warhawk
MUSEUM	units	0x84574	8	マスタング	5d4b4e6c70000000	305	Mustang
MUSEUM	units	0x845c6	8	エアラコメット	423f6748608c5200	306	Airacmt
MUSEUM	units	0x84618	8	フライングラム	5a67406c70675f00	307	Flyngram
MUSEUM	units	0x8466a	8	エアラコブラ	423f67487f670000	308	Airacbra
MUSEUM	units	0x846bc	8	Pー51A	1a9a06020b000000	309	Pー51A
MUSEUM	units	0x8470e	8	ライトニング	674052546c700000	310	Lightnng
MUSEUM	units	0x84760	8	サンダーボルト	496c789a81695200	311	Thundblt
MUSEUM	units	0x847b2	8	ライトニングL	674052546c701600	312	LightnnL
MUSEUM	units	0x84804	8	ドーントレス	7c9a6c526a4b0000	313	Dauntlss
MUSEUM	units	0x84856	8	ヘルダイバー	5b6978407d9a0000	314	Helldivr
MUSEUM	units	0x848a8	8	デバステーター	7b7d4b519a4e9a00	315	Devastat
MUSEUM	units	0x848fa	8	アベンジャー	3f806c748d9a0000	316	Avenger
MUSEUM	units	0x8494c	8	スカイレーダー	4b44406a9a789a00	317	Skyradr
MUSEUM	units	0x8499e	8	ハボック	58818c4600000000	318	Havoc
MUSEUM	units	0x849f0	8	インベーダー	406c809a789a0000	319	Invader
MUSEUM	units	0x84a42	8	カタリナ	444e685300000000	320	Catalina
MUSEUM	units	0x84a94	8	Bー17	0c9a020800000000	321	Bー17
MUSEUM	units	0x84ae6	8	マローダー	5d6b9a789a000000	322	Marauder
MUSEUM	units	0x84b38	8	Bー29	0c9a030a00000000	323	Bー29
MUSEUM	units	0x84b8a	8	Bー36	0c9a040700000000	324	Bー36
MUSEUM	units	0x84bdc	8	ミッチェル	5e8c4f8a69000000	325	Mitchell
MUSEUM	units	0x84c2e	8	リベレーター	68806a9a4e9a0000	326	Liberatr
MUSEUM	units	0x84c80	8	ブラックウィドウ	7f678c4641887c41	327	BlkWidow
MUSEUM	units	0x84cd2	8	ユソウキ	634d414500000000	328	TrspAir
MUSEUM	units	0x84d24	8	アイオワガタ	3f4043656e4e0000	329	Iowa
MUSEUM	units	0x84d76	8	ノースカロライナ	579a4b446b674053	330	N.Carol
MUSEUM	units	0x84dc8	8	テキサス	5145494b00000000	331	Texas
MUSEUM	units	0x84e1a	8	ケイジュン	4740748e6c000000	332	CL
MUSEUM	units	0x84e6c	8	センスイカン	4c6c4b40446c0000	333	SS
MUSEUM	units	0x84ebe	8	レキシントン	6a454a6c526c0000	334	Lexingtn
MUSEUM	units	0x84f10	8	エンタープライズ	426c4e9a84674075	335	Entrpris
MUSEUM	units	0x84f62	8	エセックスガタ	424c8c464b6e4e00	336	Essex
MUSEUM	units	0x84fb4	8	サラトガ	4967526e00000000	337	Saratoga
MUSEUM	units	0x85006	8	ヨークタウン	649a464e416c0000	338	Yorktown
MUSEUM	units	0x85058	8	ホーネット	5c9a568c52000000	339	Hornet
MUSEUM	units	0x850aa	8	ワスプ	654b840000000000	340	Wasp
MUSEUM	units	0x850fc	8	レンジャー	6a6c748d9a000000	341	Ranger
MUSEUM	units	0x8514e	8	ダイムラー	78405f679a000000	342	Daimler
MUSEUM	units	0x851a0	8	ハンバーⅡ	586c7d9a9d000000	343	HumberⅡ
MUSEUM	units	0x851f2	8	ハンバーⅢ	586c7d9a9e000000	344	HumberⅢ
MUSEUM	units	0x85244	8	AECⅠ	0b0f0d9c00000000	345	AECⅠ
MUSEUM	units	0x85296	8	AECⅢ	0b0f0d9e00000000	346	AECⅢ
MUSEUM	units	0x852e8	8	MarkⅥ[B	1725362fa1a20c00	347	MarkⅥ[B
MUSEUM	units	0x8533a	8	MarkⅥ[C	1725362fa1a20d00	348	MarkⅥ[C
MUSEUM	units	0x8538c	8	チャーフィー	4f8d9a5a889a0000	349	Chaffee
MUSEUM	units	0x853de	8	スチュアートⅠ	4b4f8e3f9a529c00	350	StuartⅠ
MUSEUM	units	0x85430	8	スチュアートⅢ	4b4f8e3f9a529e00	351	StuartⅢ
MUSEUM	units	0x85482	8	スチュアートⅤ	4b4f8e3f9a52a000	352	StuartⅤ
MUSEUM	units	0x854d4	8	ローカスト	6b9a444b52000000	353	Locust
MUSEUM	units	0x85526	8	テトラーク	5152679a46000000	354	Tetrarch
MUSEUM	units	0x85578	8	A9	0b0a000000000000	355	A9
MUSEUM	units	0x855ca	8	A9CS	0b0a0d1d00000000	356	A9CS
MUSEUM	units	0x8561c	8	A10MkⅠ	0b0201172f9c0000	357	A10MkⅠ
MUSEUM	units	0x8566e	8	A13MkⅡ	0b0204172f9d0000	358	A13MkⅡ
MUSEUM	units	0x856c0	8	A13MkⅡCS	0b0204172f9d0d1d	359	A13MkⅡCS
MUSEUM	units	0x85712	8	クロムウェルⅣ	466b5f418a699f00	360	CromwelⅣ
MUSEUM	units	0x85764	8	クロムウェルⅥⅦ	466b5f418a69a1a3	361	CromweⅥⅦ
MUSEUM	units	0x857b6	8	チャレンジャー	4f8d6a6c748d9a00	362	Challngr
MUSEUM	units	0x85808	8	グラント	70676c5200000000	363	Grant
MUSEUM	units	0x8585a	8	コメット	48608c5200000000	364	Comet
MUSEUM	units	0x858ac	8	リー	689a000000000000	365	Lee
MUSEUM	units	0x858fe	8	M11/39	17020294040a0000	366	M11/39
MUSEUM	units	0x85950	8	シャーマンⅡ	4a8d9a5d6c9d0000	367	ShermanⅡ
MUSEUM	units	0x859a2	8	Crus.Ⅰ	0d363937909c0000	368	Crus.Ⅰ
MUSEUM	units	0x859f4	8	Crus.ⅠCS	0d363937909c0d1d	369	Crus.ⅠCS
MUSEUM	units	0x85a46	8	Crus.Ⅱ	0d363937909d0000	370	Crus.Ⅱ
MUSEUM	units	0x85a98	8	Crus.ⅡCS	0d363937909d0d1d	371	Crus.ⅡCS
MUSEUM	units	0x85aea	8	Crus.Ⅲ	0d363937909e0000	372	Crus.Ⅲ
MUSEUM	units	0x85b3c	8	ファイアフライ	5a87403f5a674000	373	Firefly
MUSEUM	units	0x85b8e	8	カヴェナンター	446d8a536c4e9a00	374	Covenatr
MUSEUM	units	0x85be0	8	マチルダⅠ	5d4f69789c000000	375	MatildaⅠ
MUSEUM	units	0x85c32	8	マチルダⅡ	5d4f69789d000000	376	MatildaⅡ
MUSEUM	units	0x85c84	8	バレンタインⅡ	7d6a6c4e406c9d00	377	ValentiⅡ
MUSEUM	units	0x85cd6	8	バレンタインⅥⅧ	7d6a6c4e406ca1a4	378	ValentⅥⅧ
MUSEUM	units	0x85d28	8	バレンタイン✖[	7d6a6c4e406ca7a2	379	Valent✖[
MUSEUM	units	0x85d7a	8	チャーチルⅠ	4f8d9a4f699c0000	380	ChurchlⅠ
MUSEUM	units	0x85dcc	8	チャーチルⅣ	4f8d9a4f699f0000	381	ChurchlⅣ
MUSEUM	units	0x85e1e	8	チャーチルⅥ[	4f8d9a4f69a1a200	382	ChurchⅥ[
MUSEUM	units	0x85e70	8	チャーチルⅥⅦ	4f8d9a4f69a1a300	383	ChurchⅥⅦ
MUSEUM	units	0x85ec2	8	チャーチルAVR	4f8d9a4f690b201c	384	ChurcAVR
MUSEUM	units	0x85f14	8	トータス	529a4e4b00000000	385	Tortoise
MUSEUM	units	0x85f66	8	ウルバリン	41697d686c000000	386	Wolverin
MUSEUM	units	0x85fb8	8	アキリーズ	3f45689a75000000	387	Achilles
MUSEUM	units	0x8600a	8	ハンバーAA	586c7d9a0b0b0000	388	HumberAA
MUSEUM	units	0x8605c	8	クルセーダーAA	46694c9a789a0b0b	389	CrusadAA
MUSEUM	units	0x860ae	8	MarkⅥ[AA	1725362fa1a20b0b	390	MarkⅥ[AA
MUSEUM	units	0x86100	8	M16GMC	17020711170d0000	391	M16GMC
MUSEUM	units	0x86152	8	ビショップ	7e4a8f8c84000000	392	Bishop
MUSEUM	units	0x861a4	8	M7プリースト	170884689a4b5200	393	M7Priest
MUSEUM	units	0x861f6	8	セクストン	4c464b526c000000	394	Sexton
MUSEUM	units	0x86248	8	2ポンドホウ	03866c7c5c410000	395	2Pdr
MUSEUM	units	0x8629a	8	6ポンドホウ	07866c7c5c410000	396	6Pdr
MUSEUM	units	0x862ec	8	17ポンドホウ	0208866c7c5c4100	397	17Pdr
MUSEUM	units	0x8633e	8	40㎜ボフォース	050195815a8b9a4b	398	40㎜Bofor
MUSEUM	units	0x86390	8	3in.AAホウ	042d32900b0b5c41	399	3in.AAG
MUSEUM	units	0x863e2	8	25ポンドヤホウ	0306866c7c625c41	400	25PdrFG
MUSEUM	units	0x86434	8	5.5inヤホウ	0690062d32625c41	401	5.5inFG
MUSEUM	units	0x86486	8	ドウインヘイ	7c41406c5b400000	402	Levy
MUSEUM	units	0x864d8	8	ホヘイ	5c5b400000000000	403	Inf
MUSEUM	units	0x8652a	8	ホヘイ44	5c5b400505000000	404	Inf44
MUSEUM	units	0x8657c	8	レッドデビルズ	6a8c7c7b7e697500	405	RedDevls
MUSEUM	units	0x865ce	8	ジドウシャホヘイ	747c414a8d5c5b40	406	MotInf
MUSEUM	units	0x86620	8	クウテイタイ	464151404e400000	407	Airborn
MUSEUM	units	0x86672	8	ユソウシャ	634d414a8d000000	408	Truck
MUSEUM	units	0x866c4	8	ホキュウシャ	5c458e414a8d0000	409	Supply
MUSEUM	units	0x86716	8	フルマー	5a695d9a00000000	410	Fulmar
MUSEUM	units	0x86768	8	シーファイア	4a9a5a87403f0000	411	Seafire
MUSEUM	units	0x867ba	8	マートレット	5d9a526a8c520000	412	Martlet
MUSEUM	units	0x8680c	8	グラジュエーター	7067748e429a4e9a	413	Gladiatr
MUSEUM	units	0x8685e	8	ハリケーンⅠ	5868479a6c9c0000	414	HurricnⅠ
MUSEUM	units	0x868b0	8	ハリケーンⅡ	5868479a6c9d0000	415	HurricnⅡ
MUSEUM	units	0x86902	8	タイフーン	4e405a9a6c000000	416	Typhoon
MUSEUM	units	0x86954	8	テンペスト	516c854b52000000	417	Tempest
MUSEUM	units	0x869a6	8	スピットⅠ	4b838c529c000000	418	SpitfirⅠ
MUSEUM	units	0x869f8	8	スピットⅤ	4b838c52a0000000	419	SpitfirⅤ
MUSEUM	units	0x86a4a	8	スピット]✕	4b838c52a5a60000	420	Spitfi]✕
MUSEUM	units	0x86a9c	8	スピット✖Ⅳ	4b838c52a79f0000	421	Spitfi✖Ⅳ
MUSEUM	units	0x86aee	8	ミーティア	5e9a51883f000000	422	Meteor
MUSEUM	units	0x86b40	8	ミーティア3	5e9a51883f040000	423	Meteor3
MUSEUM	units	0x86b92	8	コルセア	48694c3f00000000	424	Corsair
MUSEUM	units	0x86be4	8	マスタング	5d4b4e6c70000000	425	Mustang
MUSEUM	units	0x86c36	8	キティホーク	4551885c9a460000	426	Kittyhwk
MUSEUM	units	0x86c88	8	デファイント	7b5a87406c520000	427	Defiant
MUSEUM	units	0x86cda	8	ワールウインド	659a6941406c7c00	428	Whirlwnd
MUSEUM	units	0x86d2c	8	ハリケーンⅡD	5868479a6c9d0e00	429	HurricⅡD
MUSEUM	units	0x86d7e	8	ハリケーンⅣ	5868479a6c9f0000	430	HurricnⅣ
MUSEUM	units	0x86dd0	8	ライトニング	674052546c700000	431	Lightnng
MUSEUM	units	0x86e22	8	スキュア	4b458e3f00000000	432	Skua
MUSEUM	units	0x86e74	8	ソードフィッシュ	4d9a7c5a888c4a8e	433	Swordfsh
MUSEUM	units	0x86ec6	8	バラクーダ	7d67469a78000000	434	Barracda
MUSEUM	units	0x86f18	8	ブレニム	7f6a545f00000000	435	Blenheim
MUSEUM	units	0x86f6a	8	モスキート	614b459a52000000	436	Mosquito
MUSEUM	units	0x86fbc	8	ボーフォート	819a5a8b9a520000	437	Beaufort
MUSEUM	units	0x8700e	8	ファイアフライ	5a87403f5a674000	438	Firefly
MUSEUM	units	0x87060	8	ハボック	58818c4600000000	439	Havoc
MUSEUM	units	0x870b2	8	ランカスター	676c444b4e9a0000	440	Lancastr
MUSEUM	units	0x87104	8	ウェリントン	418a686c526c0000	441	Welingtn
MUSEUM	units	0x87156	8	ハリファクス	58685a87464b0000	442	Halifax
MUSEUM	units	0x871a8	8	リベレーター	68806a9a4e9a0000	443	Liberatr
MUSEUM	units	0x871fa	8	ミッチェル	5e8c4f8a69000000	444	Mitchell
MUSEUM	units	0x8724c	8	マローダー	5d6b9a789a000000	445	Marauder
MUSEUM	units	0x8729e	8	ユソウキ	634d414500000000	446	TrspAir
MUSEUM	units	0x872f0	8	P·of·W	1a91332a91210000	447	P·of·W
MUSEUM	units	0x87342	8	キングジョージⅤ	456c70748f9a74a0	448	KGeorgeⅤ
MUSEUM	units	0x87394	8	ネルソン	56694d6c00000000	449	Nelson
MUSEUM	units	0x873e6	8	フッド	5a8c7c0000000000	450	Hood
MUSEUM	units	0x87438	8	R·ソベリン	1c914d80686c0000	451	R·Sovern
MUSEUM	units	0x8748a	8	レバルス	6a7d694b00000000	452	Repulse
MUSEUM	units	0x874dc	8	ケイジュン	4740748e6c000000	453	CL
MUSEUM	units	0x8752e	8	クチクカン	464f46446c000000	454	DD
MUSEUM	units	0x87580	8	フューリアス	5a8e9a683f4b0000	455	Furious
MUSEUM	units	0x875d2	8	イーグル	409a706900000000	456	Eagle
MUSEUM	units	0x87624	8	ハーミス	589a5e4b00000000	457	Hermes
MUSEUM	units	0x87676	8	アークロイヤル	3f9a466b40626900	458	ArkRoyal
MUSEUM	units	0x876c8	8	AMR35	0b171c0406000000	459	AMR35
MUSEUM	units	0x8771a	8	AMC35	0b170d0406000000	460	AMC35
MUSEUM	units	0x8776c	8	AMD178	0b170e0208090000	461	AMD178
MUSEUM	units	0x877be	8	ルノーFT17	69579a101e020800	462	RenaFT17
MUSEUM	units	0x87810	8	ルノーR35	69579a1c04060000	463	RenauR35
MUSEUM	units	0x87862	8	ホチキスH35	5c4f454b12040600	464	HotchH35
MUSEUM	units	0x878b4	8	ホチキスH39	5c4f454b12040a00	465	HotchH39
MUSEUM	units	0x87906	8	ソミュアS35	4d5e8e3f1d040600	466	SomuaS35
MUSEUM	units	0x87958	8	B1bis	0c02262d37000000	467	B1bis
MUSEUM	units	0x879aa	8	25㎜34SA	03069504051d0b00	468	25㎜34SA
MUSEUM	units	0x879fc	8	75㎜ヤホウ	080695625c410000	469	75㎜FG
MUSEUM	units	0x87a4e	8	105㎜ヤホウ	02010695625c4100	470	105㎜FG
MUSEUM	units	0x87aa0	8	ヨビエキヘイ	647e42455b400000	471	Reserve
MUSEUM	units	0x87af2	8	ホヘイ	5c5b400000000000	472	Inf
MUSEUM	units	0x87b44	8	マジノヨウサイ	5d74576441494000	473	Maginot
MUSEUM	units	0x87b96	8	MS406	171d050107000000	474	MS406
MUSEUM	units	0x87be8	8	D.520	0e90060301000000	475	D.520
MUSEUM	units	0x87c3a	8	MB152	170c020603000000	476	MB152
MUSEUM	units	0x87c8c	8	H75ホーク	1208065c9a460000	477	H75Hawk
MUSEUM	units	0x87cde	8	ポテ630	8651070401000000	478	Potez630
MUSEUM	units	0x87d30	8	ブレゲ693	7f6a71070a040000	479	Bregu693
MUSEUM	units	0x87d82	8	ブロック174	7f6b8c4602080500	480	Bloch174
MUSEUM	units	0x87dd4	8	LeO451	1629190506020000	481	LeO451
MUSEUM	units	0x87e26	8	Amiot143	0b312d3338020504	482	Amiot143
MUSEUM	units	0x87e78	8	Amiot354	0b312d3338040605	483	Amiot354
MUSEUM	units	0x87eca	8	ファーマF222	5a879a5d10030303	484	FarmF222
MUSEUM	units	0x87f1c	8	リシュリュー	684a8e688e9a0000	485	Richelie
MUSEUM	units	0x87f6e	8	ベアルン	803f696c00000000	486	Bearn
MUSEUM	units	0x87fc0	8	AB41	0b0c050200000000	487	AB41
MUSEUM	units	0x88012	8	CV35	0d20040600000000	488	CV35
MUSEUM	units	0x88064	8	L6/40	1607940501000000	489	L6/40
MUSEUM	units	0x880b6	8	M11/39	17020294040a0000	490	M11/39
MUSEUM	units	0x88108	8	M13/40	1702049405010000	491	M13/40
MUSEUM	units	0x8815a	8	M14/41	1702059405020000	492	M14/41
MUSEUM	units	0x881ac	8	M15/42	1702069405030000	493	M15/42
MUSEUM	units	0x881fe	8	P26/40	1a03079405010000	494	P26/40
MUSEUM	units	0x88250	8	セモベンテL6	4c61806c51160700	495	SemovnL6
MUSEUM	units	0x882a2	8	M41M90	170502170a010000	496	M41M90
MUSEUM	units	0x882f4	8	セモベンテM40	4c61806c51170501	497	SemovM40
MUSEUM	units	0x88346	8	セモベンテM42	4c61806c51170503	498	SemovM42
MUSEUM	units	0x88398	8	セモベンテM43	4c61806c51170504	499	SemovM43
MUSEUM	units	0x883ea	8	37㎜Pak35	0408951a252f0406	500	37㎜Pak35
MUSEUM	units	0x8843c	8	ホヘイ	5c5b400000000000	501	Inf
MUSEUM	units	0x8848e	8	エリートホヘイ	42689a525c5b4000	502	EliteI
MUSEUM	units	0x884e0	8	CR42	0d1c050300000000	503	CR42
MUSEUM	units	0x88532	8	G50	1106010000000000	504	G50
MUSEUM	units	0x88584	8	G55	1106060000000000	505	G55
MUSEUM	units	0x885d6	8	MC200	170d030101000000	506	MC200
MUSEUM	units	0x88628	8	MC202	170d030103000000	507	MC202
MUSEUM	units	0x8867a	8	MC205	170d030106000000	508	MC205
MUSEUM	units	0x886cc	8	D.520	0e90060301000000	509	D.520
MUSEUM	units	0x8871e	8	Reー2000	1c299a0301010100	510	Reー2000
MUSEUM	units	0x88770	8	Reー2002	1c299a0301010300	511	Reー2002
MUSEUM	units	0x887c2	8	ブレゲ693	7f6a71070a040000	512	Bregu693
MUSEUM	units	0x88814	8	Ju87B	143909080c000000	513	Ju87B
MUSEUM	units	0x88866	8	ブレダ65	7f6a780706000000	514	Breda65
MUSEUM	units	0x888b8	8	ブレダ88	7f6a780909000000	515	Breda88
MUSEUM	units	0x8890a	8	SM79	1d17080a00000000	516	SM79
MUSEUM	units	0x8895c	8	SM84	1d17090500000000	517	SM84
MUSEUM	units	0x889ae	8	Z1007	2402010108000000	518	Z1007
MUSEUM	units	0x88a00	8	P108	1a02010900000000	519	P108
MUSEUM	units	0x88a52	8	A·ドリアキュウ	0b917c683f458e41	520	A·Doria
MUSEUM	units	0x88aa4	8	リットリオキュウ	688c526843458e41	521	Littorio
MUSEUM	units	0x88af6	8	ジュウジュン	748e41748e6c0000	522	CA
MUSEUM	units	0x88b48	8	アクイラ	3f46406700000000	523	Aquila
MUSEUM	units	0x88b9a	8	TKS	1e151d0000000000	524	TKS
MUSEUM	units	0x88bec	8	7TP	081e1a0000000000	525	7TP
MUSEUM	units	0x88c3e	8	ルノーFT17	69579a101e020800	526	RenaFT17
MUSEUM	units	0x88c90	8	ファイアフライ	5a87403f5a674000	527	Firefly
MUSEUM	units	0x88ce2	8	40㎜ボフォース	050195815a8b9a4b	528	40㎜Bofor
MUSEUM	units	0x88d34	8	ホヘイ	5c5b400000000000	529	Inf
MUSEUM	units	0x88d86	8	ギユウヘイ	6f63415b40000000	530	Militia
MUSEUM	units	0x88dd8	8	PZL.11C	1a24169002020d00	531	PZL.11C
MUSEUM	units	0x88e2a	8	PZL.P24	1a2416901a030500	532	PZL.P24
MUSEUM	units	0x88e7c	8	PZL.P23	1a2416901a030400	533	PZL.P23
MUSEUM	units	0x88ece	8	IKー2	13159a0300000000	534	IKー2
MUSEUM	units	0x88f20	8	IKー3	13159a0400000000	535	IKー3
MUSEUM	units	0x88f72	8	ハリケーンⅠ	5868479a6c9c0000	536	HurricnⅠ
MUSEUM	units	0x88fc4	8	Bf109E	0c2a02010a0f0000	537	Bf109E
MUSEUM	units	0x89016	8	ブレニム	7f6a545f00000000	538	Blenheim
MUSEUM	units	0x89068	8	SM79	1d17080a00000000	539	SM79
MUSEUM	units	0x890ba	8	ルノーFT17	69579a101e020800	540	RenaFT17
MUSEUM	units	0x8910c	8	ルノーR35	69579a1c04060000	541	RenauR35
MUSEUM	units	0x8915e	8	フォッカーD23	5a8b8c449a0e0304	542	FokkeD23
MUSEUM	units	0x891b0	8	フォッカーG1A	5a8b8c449a11020b	543	FokkeG1A
MUSEUM	units	0x89202	8	マーチン	5d9a4f6c00000000	544	Martin
MUSEUM	units	0x89254	8	ルノーFT17	69579a101e020800	545	RenaFT17
MUSEUM	units	0x892a6	8	ヨウサイ	6441494000000000	546	Fort
MUSEUM	units	0x892f8	8	エバンエマール	427d6c425d9a6900	547	EbenEml
MUSEUM	units	0x8934a	8	HeijaⅡ	12292d2e259d0000	548	HeijaⅡ
MUSEUM	units	0x8939c	8	PZL.P24	1a2416901a030500	549	PZL.P24
MUSEUM	units	0x893ee	8	CR42	0d1c050300000000	550	CR42
MUSEUM	units	0x89440	8	Bf109E	0c2a02010a0f0000	551	Bf109E
MUSEUM	units	0x89492	8	Bf109G	0c2a02010a110000	552	Bf109G
MUSEUM	units	0x894e4	8	HeijaⅠ	12292d2e259c0000	553	HeijaⅠ
MUSEUM	units	0x89536	8	Me210	1729030201000000	554	Me210
MUSEUM	units	0x89588	8	Ju87D	143909080e000000	555	Ju87D
MUSEUM	units	0x895da	8	Ju88A	143909090b000000	556	Ju88A
MUSEUM	units	0x8962c	8	He111	1229020202000000	557	He111
MUSEUM	units	0x8967e	8	トルディⅠ	52697b889c000000	558	ToldiⅠ
MUSEUM	units	0x896d0	8	トルディⅢ	52697b889e000000	559	ToldiⅢ
MUSEUM	units	0x89722	8	CV35	0d20040600000000	560	CV35
MUSEUM	units	0x89774	8	PzKwⅣE	1a3e153b9f0f0000	561	PzKwⅣE
MUSEUM	units	0x897c6	8	PzKwⅣH	1a3e153b9f120000	562	PzKwⅣH
MUSEUM	units	0x89818	8	パンターG	826c4e9a11000000	563	PantherG
MUSEUM	units	0x8986a	8	トウランⅠ	5241676c9c000000	564	TuranⅠ
MUSEUM	units	0x898bc	8	トウランⅡ	5241676c9d000000	565	TuranⅡ
MUSEUM	units	0x8990e	8	StuGⅢG	1d3839119e110000	566	StuGⅢG
MUSEUM	units	0x89960	8	ズリーニィ	75689a5488000000	567	Zrinyi
MUSEUM	units	0x899b2	8	ヘッツアー	5b8c503f9a000000	568	Hetzer
MUSEUM	units	0x89a04	8	ニムロード	545f6b9a7c000000	569	Nimrod
MUSEUM	units	0x89a56	8	IAR80	130b1c0901000000	570	IAR80
MUSEUM	units	0x89aa8	8	CR42	0d1c050300000000	571	CR42
MUSEUM	units	0x89afa	8	Reー2000	1c299a0301010100	572	Reー2000
MUSEUM	units	0x89b4c	8	PZL.11C	1a24169002020d00	573	PZL.11C
MUSEUM	units	0x89b9e	8	PZL.P24	1a2416901a030500	574	PZL.P24
MUSEUM	units	0x89bf0	8	Bf109E	0c2a02010a0f0000	575	Bf109E
MUSEUM	units	0x89c42	8	Bf109F	0c2a02010a100000	576	Bf109F
MUSEUM	units	0x89c94	8	Bf109G	0c2a02010a110000	577	Bf109G
MUSEUM	units	0x89ce6	8	IAR84	130b1c0905000000	578	IAR84
MUSEUM	units	0x89d38	8	Ju87D	143909080e000000	579	Ju87D
MUSEUM	units	0x89d8a	8	ブレニム	7f6a545f00000000	580	Blenheim
MUSEUM	units	0x89ddc	8	He111	1229020202000000	581	He111
MUSEUM	units	0x89e2e	8	Ju88A	143909090b000000	582	Ju88A
MUSEUM	units	0x89e80	8	Pzkw35t	1a3e2f3b04063800	583	Pzkw35t
MUSEUM	units	0x89ed2	8	ルノーR35	69579a1c04060000	584	RenauR35
MUSEUM	units	0x89f24	8	88㎜Flk41	09099510302f0502	585	88㎜Flk41
MUSEUM	units	0x89f76	8	CR42	0d1c050300000000	586	CR42
MUSEUM	units	0x89fc8	8	ハリケーンⅠ	5868479a6c9c0000	587	HurricnⅠ
MUSEUM	units	0x8a01a	8	グラジュエーター	7067748e429a4e9a	588	Gladiatr
MUSEUM	units	0x8a06c	8	F.バトル	10907d5269000000	589	F.Battle
MUSEUM	units	0x8a0be	8	D.520	0e90060301000000	590	D.520
MUSEUM	units	0x8a110	8	Bf109E	0c2a02010a0f0000	591	Bf109E
MUSEUM	units	0x8a162	8	Bf109G	0c2a02010a110000	592	Bf109G
MUSEUM	units	0x8a1b4	8	Ju87B	143909080c000000	593	Ju87B
MUSEUM	units	0x8a206	8	Fw190A	103b020a010b0000	594	Fw190A
MUSEUM	units	0x8a258	8	MS406	171d050107000000	595	MS406
MUSEUM	units	0x8a2aa	8	PZL.P24	1a2416901a030500	596	PZL.P24
MUSEUM	units	0x8a2fc	8	ハリケーンⅠ	5868479a6c9c0000	597	HurricnⅠ
MUSEUM	units	0x8a34e	8	スピットⅠ	4b838c529c000000	598	SpitfirⅠ
MUSEUM	units	0x8a3a0	8	ブレニム	7f6a545f00000000	599	Blenheim
MUSEUM	units	0x8a3f2	8	He111	1229020202000000	600	He111
MUSEUM	units	0x8a444	8	リベレーター	68806a9a4e9a0000	601	Liberatr
MUSEUM	units	0x8a496	8	ルノーR35	69579a1c04060000	602	RenauR35
MUSEUM	units	0x8a4e8	8	PzKwⅢJ	1a3e153b9e140000	603	PzKwⅢJ
MUSEUM	units	0x8a53a	8	G50	1106010000000000	604	G50
MUSEUM	units	0x8a58c	8	Bf109G	0c2a02010a110000	605	Bf109G
MUSEUM	units	0x8a5de	8	MS406	171d050107000000	606	MS406
MUSEUM	units	0x8a630	8	Do17Z	0e33020824000000	607	Do17Z
MUSEUM	units	0x8a682	8	ファイアフライ	5a87403f5a674000	608	Firefly
MUSEUM	units	0x8a6d4	8	グラント	70676c5200000000	609	Grant
MUSEUM	units	0x8a726	8	ファイアフライ	5a87403f5a674000	610	Firefly
MUSEUM	units	0x8a778	8	ファイアフライ	5a87403f5a674000	611	Firefly
MUSEUM	units	0x8a7ca	8	Crus.Ⅲ	0d363937909e0000	612	Crus.Ⅲ
MUSEUM	units	0x8a81c	8	バレンタインⅥⅧ	7d6a6c4e406ca1a4	613	ValentⅥⅧ
MUSEUM	units	0x8a86e	8	ヨビエキヘイ	647e42455b400000	614	Reserve
MUSEUM	units	0x8a8c0	8	ホヘイ	5c5b400000000000	615	Inf
MUSEUM	units	0x8a912	8	75㎜ヤホウ	080695625c410000	616	75㎜FG
MUSEUM	units	0x8a964	8	105㎜ヤホウ	02010695625c4100	617	105㎜FG
MUSEUM	units	0x8a9b6	8	センカン	4c6c446c00000000	618	BB
MUSEUM	units	0x8aa08	8	ジュウジュン	748e41748e6c0000	619	CA
MUSEUM	units	0x8aa5a	8	ケイジュン	4740748e6c000000	620	CL
MUSEUM	units	0x8aaac	8	クチクカン	464f46446c000000	621	DD
MUSEUM	units	0x8aafe	8	ケイクウボ	4740464181000000	622	CVL
MUSEUM	units	0x8ab50	8	ユソウキ	634d414500000000	623	TrspAir
MUSEUM	units	0x8aba2	8	ユソウセン	634d414c6c000000	624	TrspShp
MUSEUM	units	0x8abf4	8	ユソウシャ	634d414a8d000000	625	Truck
MUSEUM	units	0x8ac46	8	トーチカ	529a4f4400000000	626	Pillbox
MUSEUM	units	0x8ac98	8	エンガンホウダイ	426c6e6c5c417840	627	CoastGn
MUSEUM	units	0x8acea	8	レーダーキチ	6a9a789a454f0000	628	Radar
MUSEUM	units	0x8ad3c	8	コウシャホウトウ	48414a8d5c415241	629	AAturr
MUSEUM	units	0x8ad8e	8	フォッカーD21	5a8b8c449a0e0302	630	FokkeD21
MUSEUM	units	0x8ade0	8	150㎜ヤホウ	02060195625c4100	631	150㎜FG
MUSEUM	units	0x8ae32	8	セントウコウヘイ	4c6c524148415b40	632	CmbtEng
MUSEUM	units	0x8ae84	8	コウヘイ	48415b4000000000	633	Eng
MUSEUM	units	0x8aed6	8	ユソウキ	634d414500000000	634	TrspAir
MUSEUM	units	0x8af28	8	コウチクジンチ	48414f46746c4f00	635	Fortif
MUSEUM	units	0x8af7a	8	ジークフリート	749a465a689a5200	636	Siegfrd
MUSEUM	units	0x8afcc	8	M10パンター	170201826c4e9a00	637	M10Panth
MUSEUM	units	0x8b01e	8	カメ	4460000000000000	638	Turtle
MUSEUM	units	0x8b070	8	トリ	5268000000000000	639	Bird
MUSEUM	units	0x8b0c2	8	ドグウ	7c70410000000000	640	Dogu
MUSEUM	units	0x8b114	8	3mウチュウジン	0431414f8e41746c	641	3mAlien
MUSEUM	units	0x8b166	8	G·ロドリゲス	11916b7c68714b00	642	G·Rodrig
MUSEUM	units	0x8b1b8	8	モスキート N	614b459a52001800	643	MosquitN
MUSEUM	units	0x8b20a	8	ハボック N	58818c4600180000	644	Havoc N
GMDT	ui	0x24745	1	V	20	0	V
GMDT	ui	0x24747	2	P:	1a9b	1	P:
GMDT	ui	0x2474d	1	/	94	2	/
GMDT	ui	0x2474f	4	GND:	11180e9b	3	GND:
GMDT	ui	0x24754	4	MOV:	1719209b	4	MOV:
GMDT	ui	0x2475f	4	SGT:	1d111e9b	5	SGT:
GMDT	ui	0x24764	4	FPW:	101a219b	6	FPW:
GMDT	ui	0x24769	4	GND:	11180e9b	7	GND:
GMDT	ui	0x2476e	4	UNT:	1f181e9b	8	UNT:
GMDT	ui	0x24773	4	FPW:	101a219b	9	FPW:
GMDT	ui	0x24778	4	GND:	11180e9b	10	GND:
GMDT	ui	0x2477d	4	UNT:	1f181e9b	11	UNT:
GMDT	ui	0x24783	3	FPW	101a21	12	FPW
GMDT	ui	0x2478b	4	POW:	1a19219b	13	POW:
GMDT	ui	0x24799	4	GND:	11180e9b	14	GND:
GMDT	ui	0x2479e	4	UNT:	1f181e9b	15	UNT:
GMDT	ui	0x247a7	4	UNT:	1f181e9b	16	UNT:
GMDT	ui	0x247ac	4	FPW:	101a219b	17	FPW:
GMDT	ui	0x247b5	4	FPW:	101a219b	18	FPW:
GMDT	ui	0x247ba	4	GND:	11180e9b	19	GND:
GMDT	ui	0x247bf	4	SUP:	1d1f1a9b	20	SUP:
GMDT	ui	0x247c9	5	67/89	070894090a	21	67/89
GMDT	ui	0x247d0	3	VP:	201a9b	22	VP:
GMDT	ui	0x247d9	3	VP:	201a9b	23	VP:
GMDT	ui	0x247de	4	EXP:	0f221a9b	24	EXP:
GMDT	ui	0x247e3	4	UNT:	1f181e9b	25	UNT:
GMDT	ui	0x247ec	4	UNT:	1f181e9b	26	UNT:
GMDT	ui	0x247f2	4	SUP:	1d1f1a9b	27	SUP:
GMDT	ui	0x247fb	4	SUP:	1d1f1a9b	28	SUP:
GMDT	ui	0x24800	4	FPW:	101a219b	29	FPW:
GMDT	ui	0x24805	3	ヒナミ	59535e	30	
GMDT	ui	0x24809	3	<ac><ad><ae>	acadae	31	
GMDT	ui	0x2480d	1	H	12	32	H
GMDT	ui	0x2480f	4	セイミヤ	4c405e62	33	
GMDT	ui	0x24814	3	<ac><ad><ae>	acadae	34	
GMDT	ui	0x24818	8	WEATHER:	210f0b1e120f1c9b	35	WEATHER:
GMDT	ui	0x24822	2	アサ	3f49	36	아침
GMDT	ui	0x24827	2	ヒル	5969	37	낮
GMDT	ui	0x2482b	4	ユウガタ	63416e4e	38	저녁
GMDT	ui	0x24831	2	ヨル	6469	39	밤
GMDT	ui	0x24835	3	シンヤ	4a6c62	40	심야
GMDT	ui	0x2483d	3	セーブ	4c9a7f	41	저장
GMDT	ui	0x24847	3	ロード	6b9a7c	42	불러오기
GMDT	ui	0x2484f	8	セッテイヘンコウ	4c8c51405b6c4841	43	설정변경
GMDT	ui	0x2485a	6	ブタイヒョウ	7f4e40598f41	44	부대표
GMDT	ui	0x24862	9	ジョウキョウヒョウ	748f41458f41598f41	45	상황표
GMDT	ui	0x2486e	5	サクセンズ	49464c6c75	46	지도
GMDT	ui	0x24878	5	ジョクウズ	748f464175	47	상공
GMDT	ui	0x24880	8	ショウグンヒョウ	4a8f41706c598f41	48	장군표
GMDT	ui	0x2488b	4	コウゲキ	48417145	49	공격
GMDT	ui	0x24893	6	シュウリョウ	4a8e41688f41	50	종료
GMDT	ui	0x2489b	4	ヘンケイ	5b6c4740	51	변형
GMDT	ui	0x248a3	4	ホジュウ	5c748e41	52	충원
GMDT	ui	0x248ab	4	トクシュ	52464a8e	53	특수
GMDT	ui	0x248b3	4	セイノウ	4c405741	54	성능
GMDT	ui	0x248ba	7	ブソウヘンコウ	7f4d415b6c4841	55	무장변경
GMDT	ui	0x248c3	5	チャクリク	4f8d466846	56	착지
GMDT	ui	0x248ca	8	88㎜ホウL78	0909955c41160809	57	88㎜포L78
GMDT	ui	0x248d4	2	10	0201	58	10
GMDT	ui	0x248d7	3	24R	03051c	59	24R
GMDT	ui	0x248db	6	キカンジュウ	45446c748e41	60	기관총
GMDT	ui	0x248e6	1	4	05	61	4
GMDT	ui	0x248e9	2	4R	051c	62	4R
GMDT	ui	0x248ec	3	NOT	18191e	63	NOT
GMDT	ui	0x248f0	3	NOT	18191e	64	NOT
GMDT	ui	0x248f4	2	ソラ	4d67	65	상공
GMDT	ui	0x24902	3	ダミー	785e9a	66	없음
GMDT	ui	0x24911	2	トシ	524a	67	도시
GMDT	ui	0x2491a	1	/	94	68	/
GMDT	ui	0x24920	5	コウジョウ	4841748f41	69	공장
GMDT	ui	0x24929	1	/	94	70	/
GMDT	ui	0x2492f	4	クウコウ	46414841	71	공항
GMDT	ui	0x24938	1	/	94	72	/
GMDT	ui	0x2493e	3	ミナト	5e5352	73	항구
GMDT	ui	0x24947	1	/	94	74	/
GMDT	ui	0x2494d	2	ハシ	584a	75	다리
GMDT	ui	0x2495c	6	ホウカイトシ	5c414440524a	76	붕괴도시
GMDT	ui	0x2496b	9	ホウカイコウジョウ	5c4144404841748f41	77	붕괴공장
GMDT	ui	0x2497a	8	ホウカイクウコウ	5c41444046414841	78	붕괴공항
GMDT	ui	0x24989	7	ホウカイミナト	5c4144405e5352	79	붕괴항구
GMDT	ui	0x24998	6	ホウカイハシ	5c414440584a	80	붕괴다리
GMDT	ui	0x249a7	4	シガイチ	4a6e404f	81	시가지
GMDT	ui	0x249b6	3	ジンチ	746c4f	82	진지
GMDT	ui	0x249c5	3	ヘイチ	5b404f	83	평지
GMDT	ui	0x249d4	7	ヘイチードウロ	5b404f9a7c416b	84	평지ー도로
GMDT	ui	0x249e3	6	ヘイチーカワ	5b404f9a4465	85	평지ー강
GMDT	ui	0x249f2	3	アレチ	3f6a4f	86	황무지
GMDT	ui	0x24a01	7	アレチードウロ	3f6a4f9a7c416b	87	황무지ー도로
GMDT	ui	0x24a10	6	アレチーカワ	3f6a4f9a4465	88	황무지ー강
GMDT	ui	0x24a1f	7	アレチーコミチ	3f6a4f9a485e4f	89	황무지ー오솔길
GMDT	ui	0x24a2e	2	モリ	6168	90	숲
GMDT	ui	0x24a3d	6	モリードウロ	61689a7c416b	91	숲ー도로
GMDT	ui	0x24a4c	5	モリーカワ	61689a4465	92	숲ー강
GMDT	ui	0x24a5b	3	エンコ	426c48	93	후미
GMDT	ui	0x24a6a	7	ワンガンドウロ	656c6e6c7c416b	94	항구도로
GMDT	ui	0x24a79	7	エンコーコミチ	426c489a485e4f	95	후미ー오솔길
GMDT	ui	0x24a88	3	シッチ	4a8c4f	96	습지
GMDT	ui	0x24a97	7	シッチードウロ	4a8c4f9a7c416b	97	습지ー도로
GMDT	ui	0x24aa6	6	シッチーカワ	4a8c4f9a4465	98	습지ー강
GMDT	ui	0x24ab5	3	サバク	497d46	99	사막
GMDT	ui	0x24ac4	7	サバクードウロ	497d469a7c416b	100	사막ー도로
GMDT	ui	0x24ad3	6	サバクーカワ	497d469a4465	101	사막ー강
GMDT	ui	0x24ae2	7	サバクーコミチ	497d469a485e4f	102	사막ー오솔길
GMDT	ui	0x24af1	2	オカ	4344	103	언덕
GMDT	ui	0x24b00	6	オカードウロ	43449a7c416b	104	언덕ー도로
GMDT	ui	0x24b0f	5	オカーカワ	43449a4465	105	언덕ー강
GMDT	ui	0x24b1e	2	ヤマ	625d	106	산
GMDT	ui	0x24b2d	6	ヤマードウロ	625d9a7c416b	107	산ー도로
GMDT	ui	0x24b3c	5	ヤマーカワ	625d9a4465	108	산ー강
GMDT	ui	0x24b4b	2	ウミ	415e	109	바다
GMDT	ui	0x24b5a	3	タイガ	4e406e	110	대하
GMDT	ui	0x24b69	3	テイチ	51404f	111	저지
GMDT	ui	0x24b78	4	ミズウミ	5e75415e	112	호수
GMDT	ui	0x24b87	4	ドロヌマ	7c6b555d	113	늪
GMDT	ui	0x24b96	8	ドロヌマードウロ	7c6b555d9a7c416b	114	늪ー도로
GMDT	ui	0x24ba5	4	セツゲン	4c50716c	115	설원
GMDT	ui	0x24bb4	6	トウケツカワ	524147504465	116	동결강
GMDT	ui	0x24bc3	7	トウケツシッチ	524147504a8c4f	117	동결습지
GMDT	ui	0x24bd2	6	トウケツオカ	524147504344	118	동결언덕
GMDT	ui	0x24be1	6	トウケツヤマ	52414750625d	119	동결산
GMDT	ui	0x24bf0	7	WELCOME	210f160d19170f	120	WELCOME
GMDT	ui	0x24bf8	2	TO	1e19	121	TO
GMDT	ui	0x24bfb	3	THE	1e120f	122	THE
GMDT	ui	0x24bff	5	WORLD	21191c160e	123	WORLD
GMDT	ui	0x24c05	2	OF	1910	124	OF
GMDT	ui	0x24c08	2	LV	1620	125	LV
GMDT	ui	0x24c0f	1	L	16	126	L
GMDT	ui	0x24c11	1	E	0f	127	E
GMDT	ui	0x24c13	1	V	20	128	V
GMDT	ui	0x24c15	1	E	0f	129	E
GMDT	ui	0x24c17	1	L	16	130	L
GMDT	ui	0x24c1b	1	U	1f	131	U
SAKUSEN	terrain	0x492ec	2	ナシ	534a	0	없음
SAKUSEN	terrain	0x492f2	2	トシ	524a	1	도시
SAKUSEN	terrain	0x492f8	5	コウジョウ	4841748f41	2	공장
SAKUSEN	terrain	0x492fe	4	クウコウ	46414841	3	공항
SAKUSEN	terrain	0x49304	3	ミナト	5e5352	4	항구
SAKUSEN	terrain	0x4930a	2	ハシ	584a	5	다리
SAKUSEN	terrain	0x49310	3	Bトシ	0c524a	6	B도시
SAKUSEN	terrain	0x49316	11	BコウジョウBクウコウ	0c4841748f410c46414841	7	B공장B공항
SAKUSEN	terrain	0x49322	4	Bミナト	0c5e5352	8	B항구
SAKUSEN	terrain	0x49328	3	Bハシ	0c584a	9	B다리
SAKUSEN	terrain	0x4932e	2	ナシ	534a	10	없음
SAKUSEN	terrain	0x49334	3	ジンチ	746c4f	11	진지
SAKUSEN	terrain	0x4933a	9	コウチクバシジンチ	48414f467d4a746c4f	12	가설다리진지
SAKUSEN	terrain	0x49346	2	ナシ	534a	13	없음
SAKUSEN	terrain	0x4934d	3	765	080706	14	765
SAKUSEN	places	0x4eb96	8	トシ	524a000000000000	0	도시
SAKUSEN	places	0x4eb9e	8	コウジョウ	4841748f41000000	1	공장
SAKUSEN	places	0x4eba6	8	ミナト	5e53520000000000	2	항구
SAKUSEN	places	0x4ebae	8	クウコウ	4641484100000000	3	공항
SAKUSEN	places	0x4ebb6	8	ハシ	584a000000000000	4	다리
SAKUSEN	places	0x4ebbe	8	ホウカイトシ	5c414440524a0000	5	붕괴도시
SAKUSEN	places	0x4ebc6	8	Bコウジョウ	0c4841748f410000	6	B공장
SAKUSEN	places	0x4ebce	8	ホウカイミナト	5c4144405e535200	7	붕괴항구
SAKUSEN	places	0x4ebd6	8	Bクウコウ	0c46414841000000	8	B공항
SAKUSEN	places	0x4ebde	8	ホウカイハシ	5c414440584a0000	9	붕괴다리
SAKUSEN	places	0x4ebe6	8	アーヘン	3f9a5b6c00000000	10	Aachen
SAKUSEN	places	0x4ebee	8	サン·ヴィット	496c916d888c5200	11	StVith
SAKUSEN	places	0x4ebf6	8	ブリュッセル	7f688e8c4c690000	12	Brussels
SAKUSEN	places	0x4ebfe	8	セダン	4c786c0000000000	13	Sedan
SAKUSEN	places	0x4ec06	8	ディナン	7b88536c00000000	14	Dinant
SAKUSEN	places	0x4ec0e	8	ル·アーブル	69913f9a7f690000	15	LeHavre
SAKUSEN	places	0x4ec16	8	カレー	446a9a0000000000	16	Calais
SAKUSEN	places	0x4ec1e	8	ドーバー	7c9a7d9a00000000	17	Dover
SAKUSEN	places	0x4ec26	8	ポーツマス	869a505d4b000000	18	Portsmth
SAKUSEN	places	0x4ec2e	8	ビル·ハケイム	7e69915847405f00	19	BirHakem
SAKUSEN	places	0x4ec36	8	タケガハナ	4e476e5853000000	20	Takeghn
SAKUSEN	places	0x4ec3e	8	アロクマ	3f6b465d00000000	21	Arokuma
SAKUSEN	places	0x4ec46	8	トブルク	527f694600000000	22	Tobruk
SAKUSEN	places	0x4ec4e	8	ニス	544b000000000000	23	Nice
SAKUSEN	places	0x4ec56	8	ベオグラード	804370679a7c0000	24	Belgrade
SAKUSEN	places	0x4ec5e	8	クラグエヴァツ	466770426d875000	25	Kraguvac
SAKUSEN	places	0x4ec66	8	サラエボ	4967428100000000	26	Sarajvo
SAKUSEN	places	0x4ec6e	8	ドブロニク	7c7f6b5446000000	27	Dubrovnk
SAKUSEN	places	0x4ec76	8	ルヴォフ	696d8b5a00000000	28	Lvov
SAKUSEN	places	0x4ec7e	8	イワンティエフカ	40656c5188425a44	29	Ivantevk
SAKUSEN	places	0x4ec86	8	クレムリン	466a5f686c000000	30	Kremlin
SAKUSEN	places	0x4ec8e	8	コッカイギジドウ	488c44406f747c41	31	Parlmnt
SAKUSEN	places	0x4ec96	8	ソウトウカンテイ	4d415241446c5140	32	Chancll
SAKUSEN	places	0x4ec9e	8	ワルシャワ	65694a8d65000000	33	Warsaw
SAKUSEN	places	0x4eca6	8	クトノ	4652570000000000	34	Kutno
SAKUSEN	places	0x4ecae	8	ギーフ	6f9a5a0000000000	35	Gifu
SAKUSEN	places	0x4ecb6	8	オーガキ	439a6e4500000000	36	Ogaki
SAKUSEN	places	0x4ecbe	8	モジャイスク	61748d404b460000	37	Mozhaysk
SAKUSEN	places	0x4ecc6	8	キヨス	45644b0000000000	38	Kiyosu
SAKUSEN	places	0x4ecce	8	イヌヤマ	4055625d00000000	39	Inuyama
SAKUSEN	places	0x4ecd6	8	ジンチ	746c4f0000000000	40	진지
SAKUSEN	places	0x4ecde	8	グンシレイブ	706c4a6a407f0000	41	HQ
SAKUSEN	places	0x4ece6	8	ミンスク	5e6c4b4600000000	42	Minsk
SAKUSEN	places	0x4ecee	8	ビアリストク	7e3f684b52460000	43	Bialystk
SAKUSEN	places	0x4ecf6	8	Bリトフスク	0c68525a4b460000	44	BLitovsk
SAKUSEN	places	0x4ecfe	8	Sグンキョテン	1d706c458f516c00	45	SBase
SAKUSEN	places	0x4ed06	8	スモレンスク	4b616a6c4b460000	46	Smolensk
SAKUSEN	places	0x4ed0e	8	ゴメル	7260690000000000	47	Gomel
SAKUSEN	places	0x4ed16	8	ロスラウリ	6b4b674168000000	48	Roslavl
SAKUSEN	places	0x4ed1e	8	ロブノ	6b7f570000000000	49	Rovno
SAKUSEN	places	0x4ed26	8	チェルカッスイ	4f8a69448c4b4000	50	Cherkasy
SAKUSEN	places	0x4ed2e	8	クレメンチェク	466a606c4f8a4600	51	Kremnchk
SAKUSEN	places	0x4ed36	8	ファストフ	5a874b525a000000	52	Fastov
SAKUSEN	places	0x4ed3e	8	ゴメル	7260690000000000	53	Gomel
SAKUSEN	places	0x4ed46	8	キエフ	45425a0000000000	54	Kiev
SAKUSEN	places	0x4ed4e	8	ルプヌイ	6984554000000000	55	Rupunui
SAKUSEN	places	0x4ed56	8	Kグンシレイブ	15706c4a6a407f00	56	KHQ
SAKUSEN	places	0x4ed5e	8	コトノプ	4852578400000000	57	Kotonopu
SAKUSEN	places	0x4ed66	8	バハマチ	7d585d4f00000000	58	Bahamas
SAKUSEN	places	0x4ed6e	8	ネシン	564a6c0000000000	59	Nezhin
SAKUSEN	places	0x4ed76	8	ロムヌイ	6b5f554000000000	60	Romny
SAKUSEN	places	0x4ed7e	8	メリトポリ	6068528668000000	61	Melitopl
SAKUSEN	places	0x4ed86	8	ノヴォモスコフス	576d8b614b485a4b	62	NovoMskv
SAKUSEN	places	0x4ed8e	8	ロストフ	6b4b525a00000000	63	Rostov
SAKUSEN	places	0x4ed96	8	ヴォロシロフグラ	6d8b6b4a6b5a7067	64	Voroshlv
SAKUSEN	places	0x4ed9e	8	ドネツク	7c56504600000000	65	Donetsk
SAKUSEN	places	0x4eda6	8	イジューム	40748e9a5f000000	66	Izyum
SAKUSEN	places	0x4edae	8	コテルニコブ	48516954487f0000	67	Kotelnik
SAKUSEN	places	0x4edb6	8	カラチ	44674f0000000000	68	Karachi
SAKUSEN	places	0x4edbe	8	S·グラード	1d9170679a7c0000	69	Stalngrd
SAKUSEN	places	0x4edc6	8	ソベッキー	4d808c459a000000	70	Sovetsky
SAKUSEN	places	0x4edce	8	アフトビシスク	3f5a527e4a4b4600	71	Afutobis
SAKUSEN	places	0x4edd6	8	ミハイロフカ	5e58406b5a440000	72	Mikhaylv
SAKUSEN	places	0x4edde	8	エリスタ	42684b4e00000000	73	Elista
SAKUSEN	places	0x4ede6	8	ヤクシリ	62464a6800000000	74	Yakushir
SAKUSEN	places	0x4edee	8	アストラハン	3f4b5267586c0000	75	Astrakhn
SAKUSEN	places	0x4edf6	8	BグンキョテンⅠ	0c706c458f516c9c	76	BBaseⅠ
SAKUSEN	places	0x4edfe	8	BグンキョテンⅡ	0c706c458f516c9d	77	BBaseⅡ
SAKUSEN	places	0x4ee06	8	エキ	4245000000000000	78	Stn
SAKUSEN	places	0x4ee0e	8	トセンジョウⅠ	524c6c748f419c00	79	FerryⅠ
SAKUSEN	places	0x4ee16	8	トセンジョウⅡ	524c6c748f419d00	80	FerryⅡ
SAKUSEN	places	0x4ee1e	8	トセンジョウⅢ	524c6c748f419e00	81	FerryⅢ
SAKUSEN	places	0x4ee26	8	ポルタノヴァ	86694e576d870000	82	Poltava
SAKUSEN	places	0x4ee2e	8	スタリノ	4b4e685700000000	83	Stalino
SAKUSEN	places	0x4ee36	8	ザポロジェ	73866b748a000000	84	Zaporzh
SAKUSEN	places	0x4ee3e	8	SグンキョテンⅠ	1d706c458f516c9c	85	SBaseⅠ
SAKUSEN	places	0x4ee46	8	SグンキョテンⅡ	1d706c458f516c9d	86	SBaseⅡ
SAKUSEN	places	0x4ee4e	8	SグンキョテンⅢ	1d706c458f516c9e	87	SBaseⅢ
SAKUSEN	places	0x4ee56	8	ハリコフ	5868485a00000000	88	Kharkov
SAKUSEN	places	0x4ee5e	8	ベルゴロド	8069726b7c000000	89	Belgorod
SAKUSEN	places	0x4ee66	8	オリョール	43688f9a69000000	90	Orel
SAKUSEN	places	0x4ee6e	8	クルスク	46694b4600000000	91	Kursk
SAKUSEN	places	0x4ee76	8	コロブヌイ	486b7f5540000000	92	Korobunu
SAKUSEN	places	0x4ee7e	8	シチキリー	4a4f45689a000000	93	Shichiki
SAKUSEN	places	0x4ee86	8	Vグンキョテン	20706c458f516c00	94	VBase
SAKUSEN	places	0x4ee8e	8	ヴォロネジ	6d8b6b5674000000	95	Voronezh
SAKUSEN	places	0x4ee96	8	カネフ	44565a0000000000	96	Kanev
SAKUSEN	places	0x4ee9e	8	マハガナ	5d586e5300000000	97	Mahagana
SAKUSEN	places	0x4eea6	8	セフスク	4c5a4b4600000000	98	Sevsk
SAKUSEN	places	0x4eeae	8	スーミ	4b9a5e0000000000	99	Sumy
SAKUSEN	places	0x4eeb6	8	アフトゥイルカ	3f5a528940694400	100	Afutouir
SAKUSEN	places	0x4eebe	8	ラハガセ	67586e4c00000000	101	Rahagase
SAKUSEN	places	0x4eec6	8	ヴェスプレーム	6d8a4b846a9a5f00	102	Veszprem
SAKUSEN	places	0x4eece	8	コマーロム	485d9a6b5f000000	103	Komarom
SAKUSEN	places	0x4eed6	8	ブダペスト	7f78854b52000000	104	Budapest
SAKUSEN	places	0x4eede	8	ドナペンデレ	7c53856c7b6a0000	105	Dunapnt
SAKUSEN	places	0x4eee6	8	シモントルニヤ	4a616c5269546200	106	Simontr
SAKUSEN	places	0x4eeee	8	ターラン	4e9a676c00000000	107	Taran
SAKUSEN	places	0x4eef6	8	ビアリストク	7e3f684b52460000	108	Bialystk
SAKUSEN	places	0x4eefe	8	ロスラウリ	6b4b674168000000	109	Roslavl
SAKUSEN	places	0x4ef06	8	ツーラ	509a670000000000	110	Tula
SAKUSEN	places	0x4ef0e	8	カリーニン	44689a546c000000	111	Kalinin
SAKUSEN	places	0x4ef16	8	ヴィヤジマ	6d8862745d000000	112	Vyazma
SAKUSEN	places	0x4ef1e	8	オストラヴァ	434b52676d870000	113	Ostrava
SAKUSEN	places	0x4ef26	8	クラカウ	4667444100000000	114	Krakow
SAKUSEN	places	0x4ef2e	8	チェンストノヴァ	4f8a6c4b52576d87	115	Czstchwa
SAKUSEN	places	0x4ef36	8	グンキョテン	706c458f516c0000	116	Base
SAKUSEN	places	0x4ef3e	8	モスクワ	614b466500000000	117	Moscow
SAKUSEN	places	0x4ef46	8	ロンドン	6b6c7c6c00000000	118	London
SAKUSEN	places	0x4ef4e	8	グローブスター	706b9a7f4b4e9a00	119	Gurobusu
SAKUSEN	places	0x4ef56	8	リバプール	687d849a69000000	120	Livrpool
SAKUSEN	places	0x4ef5e	8	バーミンガム	7d9a5e6c6e5f0000	121	Birmnghm
SAKUSEN	places	0x4ef66	8	S·ジョーンズ	1d91748f9a6c7500	122	Sjyonzu
SAKUSEN	places	0x4ef6e	8	シドニー	4a7c549a00000000	123	Sydney
SAKUSEN	places	0x4ef76	8	ハリファクス	58685a87464b0000	124	Halifax
SAKUSEN	places	0x4ef7e	8	ボストン	814b526c00000000	125	Boston
SAKUSEN	places	0x4ef86	8	モントリオール	616c5268439a6900	126	Montreal
SAKUSEN	places	0x4ef8e	8	トロント	526b6c5200000000	127	Toronto
SAKUSEN	places	0x4ef96	8	ワシントン	654a6c526c000000	128	Washngtn
SAKUSEN	places	0x4ef9e	8	ニューヨーク	548e9a649a460000	129	NewYork
SAKUSEN	places	0x4efa6	8	デトロイト	7b526b4052000000	130	Detroit
SAKUSEN	places	0x4efae	8	ペスカラ	854b446700000000	131	Pescara
SAKUSEN	places	0x4efb6	8	ローマ	6b9a5d0000000000	132	Rome
SAKUSEN	places	0x4efbe	8	テルモリ	5169616800000000	133	Termoli
SAKUSEN	places	0x4efc6	8	ナポリ	5386680000000000	134	Naples
SAKUSEN	places	0x4efce	8	カブサ	447f490000000000	135	Gafsa
SAKUSEN	places	0x4efd6	8	ルケフ	69475a0000000000	136	LeKef
SAKUSEN	places	0x4efde	8	テベサ	5180490000000000	137	Tebessa
SAKUSEN	places	0x4efe6	8	カーン	449a6c0000000000	138	Caen
SAKUSEN	places	0x4efee	8	サン·ロー	496c916b9a000000	139	StLo
SAKUSEN	places	0x4eff6	8	ウィストルアム	41884b52693f5f00	140	Ouistrhm
SAKUSEN	places	0x4effe	8	アロマンシェ	3f6b5d6c4a8a0000	141	Arromnch
SAKUSEN	places	0x4f006	8	サン·ローラン	496c916b9a676c00	142	StLauren
SAKUSEN	places	0x4f00e	8	バイユー	7d40639a00000000	143	Bayeux
SAKUSEN	places	0x4f016	8	コテルニコブ	48516954487f0000	144	Kotelnik
SAKUSEN	places	0x4f01e	8	カラチ	44674f0000000000	145	Karachi
SAKUSEN	places	0x4f026	8	Sグラード	1d70679a7c000000	146	Stalngrd
SAKUSEN	places	0x4f02e	8	ソベッキー	4d808c459a000000	147	Sovetsky
SAKUSEN	places	0x4f036	8	アフトビシスク	3f5a527e4a4b4600	148	Afutobis
SAKUSEN	places	0x4f03e	8	ミハイロフカ	5e58406b5a440000	149	Mikhaylv
SAKUSEN	places	0x4f046	8	エリスタ	42684b4e00000000	150	Elista
SAKUSEN	places	0x4f04e	8	ヤクシリ	62464a6800000000	151	Yakushir
SAKUSEN	places	0x4f056	8	アストラハン	3f4b5267586c0000	152	Astrakhn
SAKUSEN	places	0x4f05e	8	グンキョテン	706c458f516c0000	153	Base
SAKUSEN	places	0x4f066	8	エレバン	426a7d6c00000000	154	Yerevan
SAKUSEN	places	0x4f06e	8	バクー	7d469a0000000000	155	Baku
SAKUSEN	places	0x4f076	8	トビリシ	527e684a00000000	156	Tbilisi
SAKUSEN	places	0x4f07e	8	LBベース	160c809a4b000000	157	LBBase
SAKUSEN	places	0x4f086	8	UNベース	1f18809a4b000000	158	UNBase
SAKUSEN	places	0x4f08e	8	コダイイセキ	487840404c450000	159	Ruins
SAKUSEN	places	0x4f096	8	ポズナニ	8675535400000000	160	Poznan
SAKUSEN	places	0x4f09e	8	コルベク	4869804600000000	161	Korubeku
SAKUSEN	places	0x4f0a6	8	ヴェルヴィエ	6d8a696d88420000	162	Verviers
SAKUSEN	places	0x4f0ae	8	ヴレスラウ	6d6a4b6741000000	163	Breslau
SAKUSEN	places	0x4f0b6	8	ケーニヒスベルグ	479a54594b806970	164	Konigsbg
SAKUSEN	places	0x4f0be	8	ナミュール	535e8e9a69000000	165	Namur
SAKUSEN	places	0x4f0c6	8	セダン	4c786c0000000000	166	Sedan
SAKUSEN	places	0x4f0ce	8	バストーニュ	7d4b529a548e0000	167	Bastogne
SAKUSEN	places	0x4f0d6	8	ブリュッセル	7f688e8c4c690000	168	Brussels
SAKUSEN	places	0x4f0de	8	アントワープ	3f6c52659a840000	169	Antwerp
SAKUSEN	places	0x4f0e6	8	ダンツィヒ	786c508859000000	170	Danzig
SAKUSEN	places	0x4f0ee	8	コルベク	4869804600000000	171	Korubeku
SAKUSEN	places	0x4f0f6	8	ロッズ	6b8c750000000000	172	Lodz
SAKUSEN	places	0x4f0fe	8	クトノ	4652570000000000	173	Kutno
SAKUSEN	places	0x4f106	8	ゲルリツ	7169685000000000	174	Gorlitz
SAKUSEN	places	0x4f10e	8	パリ	8268000000000000	175	Paris
SAKUSEN	places	0x4f116	8	ナミュール	535e8e9a69000000	176	Namur
SAKUSEN	places	0x4f11e	8	フランクフルト	5a676c465a695200	177	Frankfrt
SAKUSEN	places	0x4f126	8	ダンケルク	786c476946000000	178	Dunkirk
SAKUSEN	places	0x4f12e	8	エル·ダバ	426991787d000000	179	ElDaba
SAKUSEN	places	0x4f136	8	バァ·ホッカー	7d87915c8c449a00	180	Baahoka
SAKUSEN	places	0x4f13e	8	アブキール	3f7f459a69000000	181	Aboukir
SAKUSEN	places	0x4f146	8	アレキサンドリア	3f6a45496c7c683f	182	Alexndra
SAKUSEN	places	0x4f14e	8	パレルモ	826a696100000000	183	Palermo
SAKUSEN	places	0x4f156	8	カタニア	444e543f00000000	184	Catania
SAKUSEN	places	0x4f15e	8	シラクザ	4a67467300000000	185	Syracus
SAKUSEN	places	0x4f166	8	リカタ	68444e0000000000	186	Licata
SAKUSEN	places	0x4f16e	8	アクイラ	3f46406700000000	187	Aquila
SAKUSEN	places	0x4f176	8	ローマ	6b9a5d0000000000	188	Rome
SAKUSEN	places	0x4f17e	8	テルモリ	5169616800000000	189	Termoli
SAKUSEN	places	0x4f186	8	ナポリ	5386680000000000	190	Naples
SAKUSEN	places	0x4f18e	8	キエルツェ	454269508a000000	191	Kielce
SAKUSEN	places	0x4f196	8	ブルゼミスル	7f69765e4b690000	192	Przemysl
SAKUSEN	places	0x4f19e	8	ラドム	677c5f0000000000	193	Radom
SAKUSEN	places	0x4f1a6	8	ウッジ	418c740000000000	194	Lodz
SAKUSEN	places	0x4f1ae	8	リエージュ	68429a748e000000	195	Liege
SAKUSEN	places	0x4f1b6	8	アントワープ	3f6c52659a840000	196	Antwerp
SAKUSEN	places	0x4f1be	8	ロッテルダム	6b8c5169785f0000	197	Rotterdm
SAKUSEN	places	0x4f1c6	8	ナイメーヘン	5340609a5b6c0000	198	Nijmegen
SAKUSEN	places	0x4f1ce	8	マーストリヒト	5d9a4b5268595200	199	Maastrht
SAKUSEN	places	0x4f1d6	8	アミアン	3f5e3f6c00000000	200	Amiens
SAKUSEN	places	0x4f1de	8	モンコルネ	616c486956000000	201	Montcorn
SAKUSEN	places	0x4f1e6	8	ダンケルク	786c476946000000	202	Dunkirk
SAKUSEN	places	0x4f1ee	8	シャルトル	4a8d695269000000	203	Chartres
SAKUSEN	places	0x4f1f6	8	ル·マン	69915d6c00000000	204	LeMans
SAKUSEN	places	0x4f1fe	8	アンジェ	3f6c748a00000000	205	Angers
SAKUSEN	places	0x4f206	8	アルジャンタン	3f69748d6c4e6c00	206	Argentan
SAKUSEN	places	0x4f20e	8	シェルブール	4a8a697f9a690000	207	Cherbrg
SAKUSEN	places	0x4f216	8	サン·ナゼール	496c9153769a6900	208	StNazair
SAKUSEN	places	0x4f21e	8	ナント	536c520000000000	209	Nantes
SAKUSEN	places	0x4f226	8	レンヌ	6a6c550000000000	210	Rennes
SAKUSEN	places	0x4f22e	8	ブレスト	7f6a4b5200000000	211	Brest
SAKUSEN	places	0x4f236	8	スタンモア	4b4e6c613f000000	212	Stanmore
SAKUSEN	places	0x4f23e	8	コラーン	48679a6c00000000	213	Koran
SAKUSEN	places	0x4f246	8	ブリストル	7f684b5269000000	214	Bristol
SAKUSEN	places	0x4f24e	8	プリマス	84685d4b00000000	215	Plymouth
SAKUSEN	places	0x4f256	8	ブローニュ	7f6b9a548e000000	216	Boulogne
SAKUSEN	places	0x4f25e	8	ブライトン	7f6740526c000000	217	Brighton
SAKUSEN	places	0x4f266	8	ワットナル	658c525369000000	218	Watonaru
SAKUSEN	places	0x4f26e	8	シディアゼイス	4a7b883f76404b00	219	SidiAzz
SAKUSEN	places	0x4f276	8	シディスレイマン	4a7b884b6a405d6c	220	SidiSlmn
SAKUSEN	places	0x4f27e	8	パルディア	82697b883f000000	221	Bardia
SAKUSEN	places	0x4f286	8	レッジョ	6a8c748f00000000	222	ReggioC
SAKUSEN	places	0x4f28e	8	ベンガジ	806c6e7400000000	223	Benghazi
SAKUSEN	places	0x4f296	8	トリポリ	5268866800000000	224	Tripoli
SAKUSEN	places	0x4f29e	8	マルタ	5d694e0000000000	225	Malta
SAKUSEN	places	0x4f2a6	8	エル·ダバ	426991787d000000	226	ElDaba
SAKUSEN	places	0x4f2ae	8	バァ·ホッカー	7d87915c8c449a00	227	Baahoka
SAKUSEN	places	0x4f2b6	8	アブキール	3f7f459a69000000	228	Aboukir
SAKUSEN	places	0x4f2be	8	アレキサンドリア	3f6a45496c7c683f	229	Alexndra
SAKUSEN	places	0x4f2c6	8	メギリ	606f680000000000	230	Megiri
SAKUSEN	places	0x4f2ce	8	エル·アデム	4269913f7b5f0000	231	ElAdem
SAKUSEN	places	0x4f2d6	8	シディ·レゼク	4a7b88916a764600	232	SidiRzeg
SAKUSEN	places	0x4f2de	8	デルナ	7b69530000000000	233	Derna
SAKUSEN	places	0x4f2e6	8	カブサ	447f490000000000	234	Gafsa
SAKUSEN	places	0x4f2ee	8	ル·ケフ	6991475a00000000	235	LeKef
SAKUSEN	places	0x4f2f6	8	コンスタンチーヌ	486c4b4e6c4f9a55	236	Constntn
SAKUSEN	places	0x4f2fe	8	シュテッティン	4a8e518c51886c00	237	Stettin
SAKUSEN	places	0x4f306	8	メッシナ	608c4a5300000000	238	Messina
SAKUSEN	places	0x4f30e	8	ジェラ	748a670000000000	239	Gela
SAKUSEN	places	0x4f316	8	アンツィオ	3f6c508843000000	240	Anzio
SAKUSEN	places	0x4f31e	8	オストロス	434b526b4b000000	241	Osutoros
SAKUSEN	places	0x4f326	8	グムラク	705f674600000000	242	Gumrak
SAKUSEN	places	0x4f32e	8	ガブリロフカ	6e7f686b5a440000	243	Gavrilvk
SAKUSEN	places	0x4f336	8	カッセリーヌ	448c4c689a550000	244	Kasserin
SAKUSEN	places	0x4f33e	8	ウィルナ	4188695300000000	245	Vilna
SAKUSEN	places	0x4f346	8	NOT	18191e0000000000	246	NOT
SAKUSEN	places	0x4f34e	8	NOT	18191e0000000000	247	NOT
SAKUSEN	places	0x4f356	8	NOT	18191e0000000000	248	NOT
SAKUSEN	places	0x4f35e	8	NOT	18191e0000000000	249	NOT
SAKUSEN	places	0x4f366	8	NOT	18191e0000000000	250	NOT
SAKUSEN	places	0x4f36e	8	NOT	18191e0000000000	251	NOT
SAKUSEN	places	0x4f376	8	NOT	18191e0000000000	252	NOT
SAKUSEN	places	0x4f37e	8	ホウカイハシ	5c414440584a0000	253	붕괴다리
SAKUSEN	places	0x4f386	8	モスクワ	614b466500000000	254	Moscow
SAKUSEN	places	0x4f38e	8		0000000000000000	255	
SAKUSEN	places	0x4f396	8		0000000000000000	256	
SAKUSEN	places	0x4f39e	8	   00034	0000000101010405	257	   00034
SAKUSEN	places	0x4f3a6	8	049d4  0	01050a2805000001	258	049d4  0
SAKUSEN	places	0x4f3ae	8	8  10034	0900000201010405	259	8  10034
SAKUSEN	places	0x4f3b6	8	049d   0	01050a2800000001	260	049d   0
SAKUSEN	places	0x4f3be	8	0  20034	0100000301010405	261	0  20034
SAKUSEN	places	0x4f3c6	8	049i4  0	01050a2d05000001	262	049i4  0
SAKUSEN	places	0x4f3ce	8	8  30036	0900000401010407	263	8  30036
SAKUSEN	places	0x4f3d6	8	049i   0	01050a2d00000001	264	049i   0
SAKUSEN	places	0x4f3de	8	0  40039	010000050101040a	265	0  40039
SAKUSEN	places	0x4f3e6	8	0BEs6  0	010c0f3707000001	266	0BEs6  0
SAKUSEN	places	0x4f3ee	8	8  50034	0900000601010405	267	8  50034
SAKUSEN	places	0x4f3f6	8	049i   0	01050a2d00000001	268	049i   0
SAKUSEN	places	0x4f3fe	8	0  60034	0100000701010405	269	0  60034
