path	lba	size	is_dir
/0	300	135956	0
/ADVERTIS	25	2048	1
/ADVERTIS/END0.CPK	206008	11133660	0
/ADVERTIS/END0.PIC	243676	473088	0
/ADVERTIS/END1.CPK	211445	11224464	0
/ADVERTIS/END1.PIC	243907	473088	0
/ADVERTIS/END2.CPK	216926	11134720	0
/ADVERTIS/END2.PIC	244138	473088	0
/ADVERTIS/END3.CPK	222363	10848948	0
/ADVERTIS/END3.PIC	244369	473088	0
/ADVERTIS/END4.CPK	227661	11019712	0
/ADVERTIS/END4.PIC	244600	473088	0
/ADVERTIS/END5.CPK	233042	10876996	0
/ADVERTIS/END5.PIC	244831	473088	0
/ADVERTIS/END6.CPK	238354	10898656	0
/ADVERTIS/END6.PIC	245062	473088	0
/ADVERTIS/IMASK1CG.DAT	205702	466048	0
/ADVERTIS/IMASK1CL.DAT	205930	512	0
/ADVERTIS/IMASK2CG.DAT	205931	157696	0
/ADVERTIS/IPS.DAT	205695	12800	0
/ADVERTIS/ISF1BKB.DAT	258841	458752	0
/ADVERTIS/ISF1BKG.DAT	259065	458752	0
/ADVERTIS/ISF1G.CPK	245635	27044872	0
/ADVERTIS/ISF1MOJI.CG	245294	600000	0
/ADVERTIS/ISF1MOJI.CL	245293	512	0
/ADVERTIS/ISF1MSKB.CG	245588	46080	0
/ADVERTIS/ISF1MSKB.CL	245587	512	0
/ADVERTIS/ISF1MSKG.CG	245612	46080	0
/ADVERTIS/ISF1MSKG.CL	245611	512	0
/ADVERTIS/ISLOGO.CRT	205588	217352	0
/ADVERTIS/ISLOGO.DAT	205434	315392	0
/ADVERTIS/ISTART.CRT	205267	146536	0
/ADVERTIS/ITITLE.DAT	205339	193696	0
/ADVERTIS/OPENING1.CPK	168564	21333256	0
/ADVERTIS/OPENING2.CPK	178981	39652488	0
/ADVERTIS/OPENING3.CPK	198343	4539884	0
/ADVERTIS/SLOGO.CPK	204616	1331468	0
/ADVERTIS/TITLEMSK.CPK	200560	8305616	0
/ALL.BIN	420	203844	0
/AM	26	4096	1
/AM/AM01010	9816	7060	0
/AM/AM01020	9808	7028	0
/AM/AM01030	9800	6964	0
/AM/AM01040	9844	7284	0
/AM/AM02010	9820	7076	0
/AM/AM02020	9812	7060	0
/AM/AM02030	9892	7764	0
/AM/AM02040	9868	7556	0
/AM/AM02050	9828	7172	0
/AM/AM02060	9836	7236	0
/AM/AM02070	9928	11172	0
/AM/AM02080	10532	11412	0
/AM/AM04010	10518	7684	0
/AM/AM04020	9852	7348	0
/AM/AM04030	10522	7828	0
/AM/AM04040	9947	15172	0
/AM/AM05010	9832	7204	0
/AM/AM05020	9848	7316	0
/AM/AM06010	9856	7348	0
/AM/AM06020	9864	7476	0
/AM/AM06030	9860	7364	0
/AM/AM07010	10590	7684	0
/AM/AM07060	10526	10452	0
/AM/AM08010	9918	9732	0
/AM/AM08020	9940	13956	0
/AM/AM08030	10594	10612	0
/AM/AM08040	9913	9444	0
/AM/AM08050	9923	10100	0
/AM/AM08060	9908	9364	0
/AM/AM09010	10538	14196	0
/AM/AM11010	9880	7608	0
/AM/AM12010	9792	6904	0
/AM/AM12020	9768	6520	0
/AM/AM12030	9720	6280	0
/AM/AM13010	9796	6952	0
/AM/AM13020	9736	6312	0
/AM/AM13030	9740	6312	0
/AM/AM13040	9776	6552	0
/AM/AM13050	9760	6488	0
/AM/AM13060	9744	6328	0
/AM/AM13070	9724	6312	0
/AM/AM13080	9752	6408	0
/AM/AM13090	9714	6072	0
/AM/AM13100	9732	6312	0
/AM/AM13110	9756	6472	0
/AM/AM13120	9728	6312	0
/AM/AM14010	9764	6488	0
/AM/AM14020	9804	7016	0
/AM/AM16010	9772	6536	0
/AM/AM16020	9788	6744	0
/AM/AM16030	9748	6392	0
/AM/AM16040	9717	6116	0
/AM/AM18010	9888	7756	0
/AM/AM18020	9876	7564	0
/AM/AM18030	9824	7148	0
/AM/AM19010	9780	6616	0
/AM/AM19020	10545	11096	0
/AM/AM19030	9934	11820	0
/AM/AM19040	9784	6636	0
/AM/AM21010	9872	7556	0
/AM/AM21020	9884	7748	0
/AM/AM21030	9900	7908	0
/AM/AM22010	9840	7240	0
/AM/AM22020	9896	7832	0
/AM/AM23010	9904	8068	0
/AM/AM23020	10504	8372	0
/AM/AM24010	10171	71288	0
/AM/AM24020	10242	72632	0
/AM/AM24110	10314	74112	0
/AM/AM24120	10351	75520	0
/AM/AM25010	10070	65624	0
/AM/AM25020	10278	73384	0
/AM/AM25110	10103	68192	0
/AM/AM25120	10388	76304	0
/AM/AM26010	10137	69192	0
/AM/AM26020	10426	77048	0
/AM/AM26110	10206	71920	0
/AM/AM26120	10464	80128	0
/AM/AM31010	10011	39736	0
/AM/AM31020	9974	38500	0
/AM/AM31040	10573	34680	0
/AM/AM34010	9955	38024	0
/AM/AM36010	9993	36604	0
/AM/AM37010	10031	38672	0
/AM/AM37020	10600	39544	0
/AM/AM37030	10050	40960	0
/AM/AM37040	10624	38672	0
/AM/AM37050	10643	39544	0
/AM/AM37060	10663	39544	0
/AM/AM37070	10683	39544	0
/AM/AM37080	10557	32252	0
/AM/AM41010	10509	9780	0
/AM/AM42010	10514	6708	0
/AM/AM48010	10620	6484	0
/AM/AM99999	10551	10996	0
/ASA	3694	84480	0
/ASC16CG	4108	105600	0
/ASC16CG	3362	105600	0
/ASC16CG2	3414	40960	0
/ASCGSCG	3434	76032	0
/ASCIMCG	3524	89216	0
/ASCMSCG	3472	106240	0
/AWW_ABS.TXT	368	651	0
/AWW_BIB.TXT	369	616	0
/AWW_CPY.TXT	367	32	0
/BADEND	4160	156546	0
/BAN	3778	84480	0
/BE	28	2048	1
/BE/BE02010	13895	11732	0
/BE/BE02020	13877	11940	0
/BE/BE02030	13889	12180	0
/BE/BE07010	13883	11140	0
/BGM	29	2048	1
/BGM/BGM00	52300	4341760	0
/BGM/BGM01	54420	11501568	0
/BGM/BGM02	60036	2768896	0
/BGM/BGM03	61388	10371072	0
/BGM/BGM04	66452	3112960	0
/BGM/BGM05	67972	10158080	0
/BGM/BGM06	72932	917504	0
/BGM/BGM07	73380	6422528	0
/BGM/BGM08	76516	3129344	0
/BGM/BGM09	78044	7684096	0
/BGM/BGM10	81796	6160384	0
/BGM/BGM11	84804	4915200	0
/BGM/BGM12	87204	262144	0
/BGM/BGM13	87332	9306112	0
/BGM/BGM14	91876	4882432	0
/BGM/BGM15	94260	9109504	0
/BGM/BGM16	98708	8372224	0
/BGM/BGM17	102796	10321920	0
/BGM/BGM18	107836	5537792	0
/BGM/BGM19	110540	2211840	0
/BGM/BGM20	111620	4947968	0
/BGM/BGM21	114036	6750208	0
/BGM/BGM22	117332	1638400	0
/BGM/BGM23	118132	8388608	0
/BGM/BGM24	122228	2883584	0
/BGM/BGM25	123636	524288	0
/BGM/BGM26	123892	12058624	0
/BGM/BGM27	129780	2686976	0
/BGM/BGM28	131092	917504	0
/BGM/BGM29	131540	393216	0
/BGM/BGM30	131732	2883584	0
/BGM/BGM31	133140	1179648	0
/BGM/BGM32	133716	6160384	0
/BGM/BGM33	136724	327680	0
/BGM/BGM34	136884	4653056	0
/BGM/BGM35	139156	1245184	0
/BGM/BGM36	139764	14024704	0
/BGM/BGM37	146612	7340032	0
/BGM/BGM38	150196	8519680	0
/BGM/BGM39	154356	720896	0
/BGM/BGM40	154708	8257536	0
/BGM/BGM41	158740	655360	0
/BGM/BGM42	159060	9830400	0
/BGM/BGM43	163860	720896	0
/BGM/BGM44	164212	8912896	0
/BKAM	4237	15199	0
/BKBE	4245	16665	0
/BKBR	4254	15154	0
/BKBU	4262	20897	0
/BKCA	4273	20643	0
/BKCK	373	69572	0
/BKFR	4284	19702	0
/BKGE	4294	19558	0
/BKHI	4304	23942	0
/BKHO	4316	10686	0
/BKHU	4322	20138	0
/BKIT	4332	16242	0
/BKNA	4340	17417	0
/BKNN	4349	21228	0
/BKNZ	4360	21948	0
/BKPO	4371	12480	0
/BKRU	4378	17949	0
/BKSO	4387	24354	0
/BKTO	4399	13744	0
/BKYU	4406	12388	0
/BR	30	6144	1
/BR/BR01010	10787	6980	0
/BR/BR01020	10811	7204	0
/BR/BR01030	11936	11492	0
/BR/BR02010	10867	7764	0
/BR/BR02020	10795	7172	0
/BR/BR02030	11741	7172	0
/BR/BR02040	10827	7524	0
/BR/BR02050	10803	7188	0
/BR/BR02060	10807	7204	0
/BR/BR02070	11780	11492	0
/BR/BR02080	10815	7284	0
/BR/BR02090	10819	7332	0
/BR/BR02110	10823	7444	0
/BR/BR02120	11983	12884	0
/BR/BR02130	11942	11284	0
/BR/BR02140	10965	11860	0
/BR/BR02150	11948	11396	0
/BR/BR03010	11990	11444	0
/BR/BR04010	10984	14148	0
/BR/BR04020	11745	7172	0
/BR/BR04030	11749	7172	0
/BR/BR04040	11954	12692	0
/BR/BR05010	11786	7348	0
/BR/BR06010	10879	7988	0
/BR/BR06020	10799	7188	0
/BR/BR07010	10839	7620	0
/BR/BR07020	11753	7284	0
/BR/BR07023	11996	11620	0
/BR/BR07030	10831	7540	0
/BR/BR07050	11961	14052	0
/BR/BR07060	12002	12116	0
/BR/BR07070	10977	12372	0
/BR/BR07073	10911	10484	0
/BR/BR08010	10896	9636	0
/BR/BR08020	11757	9332	0
/BR/BR08030	10901	9748	0
/BR/BR08050	12008	13732	0
/BR/BR08060	12015	13684	0
/BR/BR08070	12022	13988	0
/BR/BR11010	11968	7560	0
/BR/BR11020	10971	11928	0
/BR/BR11030	11712	7832	0
/BR/BR11040	11977	11128	0
/BR/BR11050	10859	7704	0
/BR/BR12010	10743	6712	0
/BR/BR12020	10723	6536	0
/BR/BR12030	11790	11160	0
/BR/BR12040	11716	6904	0
/BR/BR12050	10779	7000	0
/BR/BR12060	11720	6520	0
/BR/BR12070	10727	6552	0
/BR/BR12080	11931	8264	0
/BR/BR13010	10711	6536	0
/BR/BR13020	10715	6488	0
/BR/BR13030	10719	6504	0
/BR/BR13040	10771	6840	0
/BR/BR13050	10783	6968	0
/BR/BR13060	10755	6760	0
/BR/BR13070	10767	6840	0
/BR/BR13080	10751	6760	0
/BR/BR13090	12109	11032	0
/BR/BR13100	10731	6632	0
/BR/BR13110	11724	6952	0
/BR/BR13120	10959	11480	0
/BR/BR13130	11796	12024	0
/BR/BR13150	10941	11096	0
/BR/BR13160	10947	11128	0
/BR/BR13170	10935	11096	0
/BR/BR13180	10953	11128	0
/BR/BR13190	10929	11048	0
/BR/BR13210	10703	6248	0
/BR/BR13220	10923	11016	0
/BR/BR14010	10759	6792	0
/BR/BR14020	10791	7032	0
/BR/BR14030	11972	10072	0
/BR/BR14040	10906	10072	0
/BR/BR14050	10843	7656	0
/BR/BR14060	11768	10408	0
/BR/BR14070	10707	6344	0
/BR/BR14080	10735	6648	0
/BR/BR14090	10739	6712	0
/BR/BR14100	11774	10536	0
/BR/BR14110	10917	10644	0
/BR/BR16010	10747	6744	0
/BR/BR16020	10763	6808	0
/BR/BR17010	10835	7580	0
/BR/BR17020	10851	7660	0
/BR/BR17030	11762	12252	0
/BR/BR18010	11802	12812	0
/BR/BR19010	10847	7660	0
/BR/BR19020	11728	6616	0
/BR/BR19030	10775	6888	0
/BR/BR21010	10891	8356	0
/BR/BR21020	10871	7764	0
/BR/BR21030	10887	8100	0
/BR/BR22010	10855	7688	0
/BR/BR22020	10863	7736	0
/BR/BR23010	10883	8036	0
/BR/BR23020	10875	7876	0
/BR/BR24010	11010	62680	0
/BR/BR24021	11206	68264	0
/BR/BR24030	11308	70696	0
/BR/BR24031	11378	71000	0
/BR/BR24040	11172	67784	0
/BR/BR24050	11486	74184	0
/BR/BR24051	11523	74440	0
/BR/BR24060	11041	66424	0
/BR/BR24110	11074	65120	0
/BR/BR24121	11343	70960	0
/BR/BR24130	11413	73488	0
/BR/BR24131	11449	73824	0
/BR/BR24140	11273	70448	0
/BR/BR24150	11597	77136	0
/BR/BR24151	11635	77424	0
/BR/BR24160	11240	67504	0
/BR/BR26010	11106	64968	0
/BR/BR26020	11560	74984	0
/BR/BR26110	11138	69024	0
/BR/BR26120	11673	77968	0
/BR/BR31010	12029	40232	0
/BR/BR31020	12049	40844	0
/BR/BR31030	11895	36756	0
/BR/BR31040	12069	37856	0
/BR/BR31050	11913	35976	0
/BR/BR32010	10991	38692	0
/BR/BR34010	12088	34808	0
/BR/BR35010	11827	32592	0
/BR/BR37010	11843	34124	0
/BR/BR37020	11809	35376	0
/BR/BR37030	11878	33568	0
/BR/BR37040	11860	35060	0
/BR/BR41010	11732	9780	0
/BR/BR42010	11737	6708	0
/BR/BR48010	12105	6484	0
/BTS3D	33	2048	1
/BTS3D/NAMI.PAK	14093	10420	0
/BTS3D/NLWORK	14058	71028	0
/BTS3D/SFXSPR.BIN	14099	58882	0
/BU	34	2048	1
/BU/BU02010	13919	9924	0
/BU/BU02020	13913	11684	0
/BU/BU02030	13901	11124	0
/BU/BU05010	13907	11396	0
/CA	35	2048	1
/CA/CA13010	13979	11944	0
/CA/CA13020	13973	11048	0
/CA/CA14010	13968	10104	0
/CLOUD	4413	22839	0
/CO	36	2048	1
/CO/CO23010	13435	8196	0
/CO/CO23020	13440	8148	0
/CO/CO24010	13217	61448	0
/CO/CO24020	13280	71528	0
/CO/CO24030	13315	73224	0
/CO/CO24110	13248	63856	0
/CO/CO24120	13351	74352	0
/CO/CO24130	13388	76144	0
/CO/CO31010	13575	40040	0
/CO/CO33010	13601	38112	0
/CO/CO34010	13481	35596	0
/CO/CO35010	13552	39884	0
/CO/CO38010	13620	39564	0
/CO/CO41010	13426	9876	0
/CO/CO42010	13431	6708	0
/CO/CO44010	13541	22448	0
/CO/CO48010	13640	6484	0
/CO/CO49020	13204	5672	0
/CO/CO49030	13210	6140	0
/CO/CO49040	13207	5960	0
/CO/CO49050	13213	6252	0
/CO/CO49060	13201	5112	0
/CO/CO49070	13198	5112	0
/CO/CO99010	13499	20868	0
/CO/CO99020	13444	11012	0
/CO/CO99030	13450	63200	0
/CO/CO99040	13572	5928	0
/CO/CO99060	13595	12056	0
/CO/CO99130	13510	63200	0
/END	3944	150702	0
/FBGPAK	37	4096	1
/FBGPAK/BGF2201	15762	116293	0
/FBGPAK/BGF2202	15819	113787	0
/FBGPAK/BGF2203	15875	104108	0
/FBGPAK/BGF2301	15926	125914	0
/FBGPAK/BGF2302	15988	115196	0
/FBGPAK/BGF2303	16045	109367	0
/FBGPAK/BGF2401	16099	109749	0
/FBGPAK/BGF2402	16153	106920	0
/FBGPAK/BGF2403	16206	95520	0
/FBGPAK/BGF2501	16253	101268	0
/FBGPAK/BGF2502	16303	96467	0
/FBGPAK/BGF2503	16351	93008	0
/FBGPAK/BGF2601	16397	113257	0
/FBGPAK/BGF2602	16453	100837	0
/FBGPAK/BGF2603	16503	96570	0
/FBGPAK/FBG0101	15223	14065	0
/FBGPAK/FBG0102	15230	21171	0
/FBGPAK/FBG0103	15241	21451	0
/FBGPAK/FBG0104	15252	23799	0
/FBGPAK/FBG0201	15264	39734	0
/FBGPAK/FBG0202	15284	56735	0
/FBGPAK/FBG0203	15312	32442	0
/FBGPAK/FBG0204	15328	52553	0
/FBGPAK/FBG0301	15354	49933	0
/FBGPAK/FBG0302	15379	85835	0
/FBGPAK/FBG0303	15421	46370	0
/FBGPAK/FBG0304	15444	71382	0
/FBGPAK/FBG0305	15479	33514	0
/FBGPAK/FBG0306	15496	64111	0
/FBGPAK/FBG0401	15528	38481	0
/FBGPAK/FBG0402	15547	76913	0
/FBGPAK/FBG0403	15585	51964	0
/FBGPAK/FBG0404	15611	71322	0
/FBGPAK/FBG0701	14128	63301	0
/FBGPAK/FBG0702	14159	73933	0
/FBGPAK/FBG0703	14196	69242	0
/FBGPAK/FBG0704	14230	79647	0
/FBGPAK/FBG0705	14269	103100	0
/FBGPAK/FBG0801	14320	51657	0
/FBGPAK/FBG0802	14346	60560	0
/FBGPAK/FBG0803	14376	59258	0
/FBGPAK/FBG0804	14405	69603	0
/FBGPAK/FBG0908	15016	46733	0
/FBGPAK/FBG0910	15039	56855	0
/FBGPAK/FBG0914	15067	61128	0
/FBGPAK/FBG1001	14439	40506	0
/FBGPAK/FBG1101	14459	66347	0
/FBGPAK/FBG1201	14492	64513	0
/FBGPAK/FBG1202	14524	80834	0
/FBGPAK/FBG1203	14564	75795	0
/FBGPAK/FBG1204	14602	104040	0
/FBGPAK/FBG1207	15097	38549	0
/FBGPAK/FBG1208	15116	53766	0
/FBGPAK/FBG1209	15143	47528	0
/FBGPAK/FBG1210	15167	64877	0
/FBGPAK/FBG1213	15199	48371	0
/FBGPAK/FBG1301	14653	42909	0
/FBGPAK/FBG1302	14674	50970	0
/FBGPAK/FBG1601	14975	36004	0
/FBGPAK/FBG1602	16551	45087	0
/FBGPAK/FBG1607	14993	46613	0
/FBGPAK/FBG1701	14699	64811	0
/FBGPAK/FBG1702	14731	76341	0
/FBGPAK/FBG1703	14769	72687	0
/FBGPAK/FBG1704	14805	86862	0
/FBGPAK/FBG1708	14848	55854	0
/FBGPAK/FBG1709	14876	64935	0
/FBGPAK/FBG1710	14908	63168	0
/FBGPAK/FBG1711	14939	73688	0
/FBGPAK/FBG2001	15646	88812	0
/FBGPAK/FBG2002	15690	69336	0
/FBGPAK/FBG2101	15724	76661	0
/FBGPAK/FBG2201	16659	75742	0
/FBGPAK/FBG2602	16574	40336	0
/FBGPAK/FBGLIST	16594	584	0
/FBGPAK/HAMEYUKI.BIN	16702	11520	0
/FBGPAK/HHARE.BIN	16708	11520	0
/FBGPAK/HKUMORI.BIN	16714	11520	0
/FBGPAK/RBG00.BMP	16595	131072	0
/FBGPAK/UHHARE.BIN	16726	11520	0
/FBGPAK/UHKUMORI.BIN	16696	11520	0
/FBGPAK/YAMEYUKI.BIN	16744	11520	0
/FBGPAK/YHARE.BIN	16720	11520	0
/FBGPAK/YHHARE.BIN	16738	11520	0
/FBGPAK/YHKUMORI.BIN	16732	11520	0
/FI	39	2048	1
/FI/FI24010	13985	71848	0
/FI/FI24110	14021	74704	0
/FINE	4425	17309	0
/FR	40	2048	1
/FR/FR02010	12396	6596	0
/FR/FR02020	12138	6740	0
/FR/FR02030	12355	12900	0
/FR/FR02040	12400	10836	0
/FR/FR04010	12142	6948	0
/FR/FR04020	12406	12916	0
/FR/FR07010	12381	12836	0
/FR/FR08010	12339	8788	0
/FR/FR08020	12177	16148	0
/FR/FR08030	12388	14740	0
/FR/FR08040	12169	15956	0
/FR/FR12010	12349	11096	0
/FR/FR12020	12344	10184	0
/FR/FR12030	12146	7464	0
/FR/FR12040	12164	10200	0
/FR/FR12050	12118	6632	0
/FR/FR12060	12134	6712	0
/FR/FR12070	12130	6696	0
/FR/FR13010	12126	6664	0
/FR/FR14010	12122	6632	0
/FR/FR21010	12159	8356	0
/FR/FR23010	12154	8196	0
/FR/FR23020	12150	8148	0
/FR/FR24010	12204	61544	0
/FR/FR24020	12267	71432	0
/FR/FR24110	12235	63952	0
/FR/FR24120	12302	74256	0
/FR/FR31020	12185	37512	0
/FR/FR37010	12362	37244	0
/FR/FR49010	12115	5384	0
/GAME	520	621434	0
/GE	41	10240	1
/GE/GE01010	6045	7060	0
/GE/GE02010	6041	7060	0
/GE/GE02012	6945	10644	0
/GE/GE02020	5992	6676	0
/GE/GE02022	6951	10388	0
/GE/GE02030	6014	6708	0
/GE/GE02032	6976	10388	0
/GE/GE02040	6524	6740	0
/GE/GE02050	6061	7124	0
/GE/GE02052	6982	7828	0
/GE/GE02060	6023	6900	0
/GE/GE02070	6037	7044	0
/GE/GE02080	6112	7300	0
/GE/GE02083	6986	8388	0
/GE/GE02090	7112	12500	0
/GE/GE02100	6081	7236	0
/GE/GE02110	6071	7188	0
/GE/GE02120	7119	12484	0
/GE/GE02140	7126	9844	0
/GE/GE02150	6991	10484	0
/GE/GE02160	6832	11204	0
/GE/GE02170	6997	11188	0
/GE/GE02180	7081	12036	0
/GE/GE03010	6528	6324	0
/GE/GE03020	6177	8852	0
/GE/GE04010	6143	7428	0
/GE/GE04020	6134	7396	0
/GE/GE04022	6281	11044	0
/GE/GE04023	6287	11044	0
/GE/GE04030	6130	7396	0
/GE/GE04040	7003	14084	0
/GE/GE04043	7010	14084	0
/GE/GE04050	7131	13780	0
/GE/GE04060	6057	7108	0
/GE/GE04070	6049	7092	0
/GE/GE04080	6053	7092	0
/GE/GE04090	6116	7300	0
/GE/GE04100	6033	7028	0
/GE/GE04110	7017	11908	0
/GE/GE05010	6094	7268	0
/GE/GE05012	7023	8868	0
/GE/GE05020	6085	7252	0
/GE/GE05022	6305	8820	0
/GE/GE05030	6098	7268	0
/GE/GE05032	7028	8868	0
/GE/GE05040	6102	7268	0
/GE/GE05050	6334	12980	0
/GE/GE05060	6341	14836	0
/GE/GE08010	6172	8724	0
/GE/GE08012	7087	12164	0
/GE/GE08020	6202	9284	0
/GE/GE08040	6532	9124	0
/GE/GE08043	7033	12420	0
/GE/GE08050	6197	9284	0
/GE/GE08053	7061	13780	0
/GE/GE08060	6192	9156	0
/GE/GE08070	6537	9188	0
/GE/GE08080	6187	8932	0
/GE/GE08082	7047	13204	0
/GE/GE08083	7040	13220	0
/GE/GE08090	6182	8932	0
/GE/GE08091	7054	12852	0
/GE/GE08100	6167	8548	0
/GE/GE08110	7100	12244	0
/GE/GE08120	6894	15268	0
/GE/GE08130	7093	13444	0
/GE/GE09010	7138	13940	0
/GE/GE09020	6902	14516	0
/GE/GE09030	6887	13844	0
/GE/GE11010	6125	9272	0
/GE/GE11011	6849	9272	0
/GE/GE11020	6065	10488	0
/GE/GE11021	6854	10488	0
/GE/GE11022	6860	10488	0
/GE/GE11030	5987	10232	0
/GE/GE11031	6866	10232	0
/GE/GE11040	6480	11496	0
/GE/GE11041	6871	11496	0
/GE/GE11050	6018	10184	0
/GE/GE11051	6844	10184	0
/GE/GE11060	6486	11316	0
/GE/GE11061	6877	11316	0
/GE/GE11070	6328	11912	0
/GE/GE11080	6322	11912	0
/GE/GE12010	6269	10792	0
/GE/GE12020	6257	10584	0
/GE/GE12021	6251	10584	0
/GE/GE12030	5935	10664	0
/GE/GE12031	6653	10824	0
/GE/GE12032	6635	10664	0
/GE/GE12040	5886	10616	0
/GE/GE12041	6659	10792	0
/GE/GE12042	6641	10648	0
/GE/GE12050	5977	7160	0
/GE/GE12051	6883	7160	0
/GE/GE12052	6910	7160	0
/GE/GE12060	6245	10456	0
/GE/GE12061	6239	10456	0
/GE/GE12062	6233	10456	0
/GE/GE12070	5867	9848	0
/GE/GE12071	6595	9848	0
/GE/GE12072	6665	9848	0
/GE/GE12080	5876	9848	0
/GE/GE12081	6670	9848	0
/GE/GE12082	6675	9848	0
/GE/GE12090	6275	10808	0
/GE/GE13010	6722	10616	0
/GE/GE13020	5941	10648	0
/GE/GE13021	6766	10648	0
/GE/GE13022	6680	10648	0
/GE/GE13030	5996	10824	0
/GE/GE13031	6772	10824	0
/GE/GE13032	6686	10824	0
/GE/GE13040	6002	10824	0
/GE/GE13041	6778	10824	0
/GE/GE13042	6692	10824	0
/GE/GE13050	6008	10840	0
/GE/GE13051	6784	10840	0
/GE/GE13052	6698	10840	0
/GE/GE13060	5981	10520	0
/GE/GE13061	6790	10520	0
/GE/GE13062	6704	10520	0
/GE/GE13070	5923	10568	0
/GE/GE13071	6814	10568	0
/GE/GE13072	6796	10568	0
/GE/GE13080	5929	10568	0
/GE/GE13081	6820	10568	0
/GE/GE13082	6802	10568	0
/GE/GE13090	5966	10568	0
/GE/GE13091	6826	10568	0
/GE/GE13092	6808	10568	0
/GE/GE13100	5960	11000	0
/GE/GE13101	6914	11000	0
/GE/GE13110	5859	8168	0
/GE/GE13111	6548	8168	0
/GE/GE13120	6561	9160	0
/GE/GE13121	6566	9080	0
/GE/GE13124	6589	10264	0
/GE/GE13130	5897	8184	0
/GE/GE13131	6552	8184	0
/GE/GE13140	5913	9096	0
/GE/GE13150	6299	11272	0
/GE/GE13160	6293	11272	0
/GE/GE14010	7068	13048	0
/GE/GE14020	6492	11864	0
/GE/GE14021	6498	11976	0
/GE/GE14024	6504	11864	0
/GE/GE14030	5918	8200	0
/GE/GE14031	6162	8328	0
/GE/GE14040	5881	9848	0
/GE/GE14050	5872	6264	0
/GE/GE14060	5955	8808	0
/GE/GE14070	6838	10760	0
/GE/GE14080	6583	10936	0
/GE/GE15010	6027	10324	0
/GE/GE15011	6623	10324	0
/GE/GE15012	6629	10324	0
/GE/GE15020	6075	11124	0
/GE/GE15021	6647	11124	0
/GE/GE15030	6728	12340	0
/GE/GE15031	6735	12340	0
/GE/GE16010	6263	10740	0
/GE/GE16020	6212	10100	0
/GE/GE16030	6217	10228	0
/GE/GE16040	6316	11288	0
/GE/GE16041	6310	11288	0
/GE/GE16060	5833	10564	0
/GE/GE16061	6542	10532	0
/GE/GE16070	5907	10836	0
/GE/GE16080	5844	10756	0
/GE/GE16081	6606	10708	0
/GE/GE16090	5839	10020	0
/GE/GE16091	6207	10084	0
/GE/GE16100	5901	10420	0
/GE/GE16101	6612	10420	0
/GE/GE16110	5863	8132	0
/GE/GE16120	5972	8196	0
/GE/GE16121	6556	8196	0
/GE/GE16130	5850	8884	0
/GE/GE16131	6618	8884	0
/GE/GE16134	6571	10884	0
/GE/GE16140	5855	8180	0
/GE/GE17010	6157	9276	0
/GE/GE17011	6920	9276	0
/GE/GE17012	6925	9276	0
/GE/GE17020	6152	9884	0
/GE/GE17021	6930	9884	0
/GE/GE17030	6120	8764	0
/GE/GE17040	6147	9884	0
/GE/GE17050	6510	10044	0
/GE/GE17060	7106	10908	0
/GE/GE17070	7075	11164	0
/GE/GE17080	6106	10572	0
/GE/GE18010	6089	8408	0
/GE/GE18020	6138	8536	0
/GE/GE19010	5892	8424	0
/GE/GE19020	5951	8056	0
/GE/GE19030	5947	7304	0
/GE/GE19040	6600	11624	0
/GE/GE19050	6349	21272	0
/GE/GE19060	6577	11560	0
/GE/GE19061	6710	11480	0
/GE/GE19062	6716	11480	0
/GE/GE19070	6748	11208	0
/GE/GE19071	6754	11208	0
/GE/GE19072	6760	11208	0
/GE/GE19080	6742	10504	0
/GE/GE19090	6935	9732	0
/GE/GE19091	6940	9732	0
/GE/GE19100	6227	10440	0
/GE/GE19101	6222	10232	0
/GE/GE31010	6440	39416	0
/GE/GE31020	6420	40056	0
/GE/GE31030	6460	39416	0
/GE/GE31040	6957	37444	0
/GE/GE32010	7183	39548	0
/GE/GE33010	7145	39200	0
/GE/GE34010	6380	39464	0
/GE/GE35010	6360	39884	0
/GE/GE36010	7165	36604	0
/GE/GE37010	6400	39524	0
/GE/GE41010	6515	10196	0
/GE/GE42010	6520	6292	0
/GE/GE48010	7203	6484	0
/GE2	46	4096	1
/GE2/GE21010	7215	7652	0
/GE2/GE21020	7219	7828	0
/GE2/GE21030	7223	8148	0
/GE2/GE21040	7227	8068	0
/GE2/GE22020	7231	7240	0
/GE2/GE22030	7235	8168	0
/GE2/GE23010	8770	8036	0
/GE2/GE23020	7239	7844	0
/GE2/GE23030	7207	7924	0
/GE2/GE23040	8774	10276	0
/GE2/GE23050	7211	7924	0
/GE2/GE24010	8028	61896	0
/GE2/GE24011	7642	68872	0
/GE2/GE24012	7243	63768	0
/GE2/GE24050	8206	65512	0
/GE2/GE24051	8272	71960	0
/GE2/GE24052	8345	67384	0
/GE2/GE24060	7513	65496	0
/GE2/GE24061	7929	63160	0
/GE2/GE24070	8482	71240	0
/GE2/GE24071	8554	69624	0
/GE2/GE24080	7308	73640	0
/GE2/GE24110	8059	64304	0
/GE2/GE24111	7676	71568	0
/GE2/GE24112	7275	66272	0
/GE2/GE24150	8238	68048	0
/GE2/GE24151	8308	74784	0
/GE2/GE24152	8378	70016	0
/GE2/GE24160	7545	68064	0
/GE2/GE24161	7960	65632	0
/GE2/GE24170	8517	74064	0
/GE2/GE24171	8588	72384	0
/GE2/GE24180	7344	76560	0
/GE2/GE25010	7382	66776	0
/GE2/GE25020	7449	63464	0
/GE2/GE25021	7857	71160	0
/GE2/GE25030	7993	69784	0
/GE2/GE25031	8091	77832	0
/GE2/GE25110	7415	69408	0
/GE2/GE25120	7480	65936	0
/GE2/GE25121	7892	73984	0
/GE2/GE25130	8170	72544	0
/GE2/GE25131	8130	80944	0
/GE2/GE26010	8413	67688	0
/GE2/GE26011	8662	73896	0
/GE2/GE26012	8699	69688	0
/GE2/GE26020	7711	71896	0
/GE2/GE26021	7579	61768	0
/GE2/GE26022	7784	71768	0
/GE2/GE26110	8447	70352	0
/GE2/GE26111	8624	76848	0
/GE2/GE26112	8734	72448	0
/GE2/GE26120	7747	74752	0
/GE2/GE26121	7610	64176	0
/GE2/GE26122	7820	74624	0
/GMDT	824	175008	0
/GMSEL	2367	552580	0
/GMSELDT	2637	881752	0
/HA	48	2048	1
/HA/HA02010	13737	11412	0
/HA/HA02020	13703	10916	0
/HA/HA02030	13749	11764	0
/HA/HA02040	13726	10804	0
/HA/HA02050	13673	11268	0
/HA/HA03010	13743	11412	0
/HA/HA04010	13755	13812	0
/HA/HA05010	13716	11956	0
/HA/HA08010	13709	13284	0
/HA/HA08020	13762	12756	0
/HA/HA12010	13679	10424	0
/HA/HA12020	13685	10360	0
/HA/HA12030	13732	9848	0
/HA/HA12040	13644	10148	0
/HA/HA13010	13691	10568	0
/HA/HA13020	13697	11000	0
/HA/HA13030	13722	8184	0
/HA/HA13040	13655	10888	0
/HA/HA13050	13661	10968	0
/HA/HA15010	13667	11124	0
/HA/HA16010	13769	10548	0
/HA/HA16020	13649	10516	0
/HA/HA17010	13775	11612	0
/HIKOUKI	3820	84480	0
/HIRU	3736	84480	0
/HO	49	2048	1
/HO/HO02010	13184	12532	0
/HO/HO02020	13191	13652	0
/HO/HO08010	13177	13652	0
/HO/HO12010	13172	10200	0
/INTERM	1916	515432	0
/IT	50	2048	1
/IT/IT02010	12779	11764	0
/IT/IT02020	12910	11156	0
/IT/IT02030	12898	10388	0
/IT/IT02040	12433	10484	0
/IT/IT02050	12451	11204	0
/IT/IT02060	12904	10628	0
/IT/IT02070	12785	9812	0
/IT/IT03010	12928	11428	0
/IT/IT03020	12891	12356	0
/IT/IT04010	12934	12932	0
/IT/IT05010	12858	11476	0
/IT/IT07010	12878	13460	0
/IT/IT07020	12864	13748	0
/IT/IT08010	12871	13492	0
/IT/IT08020	12843	13492	0
/IT/IT08030	12850	14532	0
/IT/IT08040	12941	13620	0
/IT/IT11010	12481	11960	0
/IT/IT12010	12423	10148	0
/IT/IT12020	12445	10808	0
/IT/IT13010	12475	11480	0
/IT/IT13020	12469	11272	0
/IT/IT13030	12463	11272	0
/IT/IT13040	12457	11256	0
/IT/IT14010	12773	10840	0
/IT/IT16010	12439	10660	0
/IT/IT16030	12413	10100	0
/IT/IT16040	12418	10100	0
/IT/IT16050	12428	10228	0
/IT/IT18030	12885	12168	0
/IT/IT21010	12924	7652	0
/IT/IT22010	12916	7240	0
/IT/IT23010	12920	7844	0
/IT/IT24010	12569	64856	0
/IT/IT24011	12506	61784	0
/IT/IT24012	12601	67384	0
/IT/IT24014	12701	71336	0
/IT/IT24110	12634	67392	0
/IT/IT24111	12537	64192	0
/IT/IT24112	12667	68684	0
/IT/IT24114	12736	74160	0
/IT/IT31010	12790	36448	0
/IT/IT31020	12487	38812	0
/IT/IT33010	12825	35508	0
/IT/IT37010	12808	33180	0
/ITMSN	51	12288	1
/ITMSN/CGBK01	33250	71472	0
/ITMSN/CGBK02	33285	67957	0
/ITMSN/CGBK03	33319	71864	0
/ITMSN/CGBK04	33355	72793	0
/ITMSN/CGBK05	33391	62814	0
/ITMSN/CGEM01	33422	69488	0
/ITMSN/CGES00	33456	5610	0
/ITMSN/CGES01	33459	5609	0
/ITMSN/CGES02	33462	5582	0
/ITMSN/CGES03	33465	5645	0
/ITMSN/CGES04	33468	6114	0
/ITMSN/CGES05	33471	5588	0
/ITMSN/CGES06	33474	5798	0
/ITMSN/CGES07	33477	6061	0
/ITMSN/CGES08	33480	5882	0
/ITMSN/CGES09	33483	5902	0
/ITMSN/CGES10	33486	6051	0
/ITMSN/CGES11	33489	6222	0
/ITMSN/CGES12	33493	6051	0
/ITMSN/CGES13	33496	6159	0
/ITMSN/CGES14	33500	6272	0
/ITMSN/CGES15	33504	6242	0
/ITMSN/CGES16	33508	6251	0
/ITMSN/CGES17	33512	6226	0
/ITMSN/CGES18	33516	6242	0
/ITMSN/CGES19	33520	6394	0
/ITMSN/CGES20	33524	6291	0
/ITMSN/CGES21	33528	6228	0
/ITMSN/CGES22	33532	6196	0
/ITMSN/CGES23	33536	6215	0
/ITMSN/CGES24	33540	6260	0
/ITMSN/CGES25	33544	6252	0
/ITMSN/CGES26	33548	6240	0
/ITMSN/CGES27	33552	6271	0
/ITMSN/CGES28	33556	6353	0
/ITMSN/CGES29	33560	6352	0
/ITMSN/CGES30	33564	6351	0
/ITMSN/CGES31	33568	6276	0
/ITMSN/CGES32	33572	6261	0
/ITMSN/CGES33	33576	6252	0
/ITMSN/CGES34	33580	6244	0
/ITMSN/CGES35	33584	6222	0
/ITMSN/CGES36	33588	6223	0
/ITMSN/CGES37	33592	6226	0
/ITMSN/CGES38	33596	6230	0
/ITMSN/CGES39	33600	5978	0
/ITMSN/CGES40	33603	6146	0
/ITMSN/CGES41	33607	6133	0
/ITMSN/CGES42	33610	6215	0
/ITMSN/CGES43	33614	6289	0
/ITMSN/CGES44	33618	6287	0
/ITMSN/CGES45	33622	6213	0
/ITMSN/CGES46	33626	6147	0
/ITMSN/CGES47	33630	6070	0
/ITMSN/CGES48	33633	6002	0
/ITMSN/CGES49	33636	5641	0
/ITMSN/CGES50	33639	5645	0
/ITMSN/CGEV01	33642	10786	0
/ITMSN/CGEV02	33648	14195	0
/ITMSN/CGEV03	33655	13022	0
/ITMSN/CGEV04	33662	9415	0
/ITMSN/CGEV05	33667	8684	0
/ITMSN/CGEV06	33672	12009	0
/ITMSN/CGEV07	33678	10094	0
/ITMSN/CGEV09	33683	11040	0
/ITMSN/CGEV10	33689	10265	0
/ITMSN/CGEV11	33695	10028	0
/ITMSN/CGEV12	33700	9559	0
/ITMSN/CGEV13	33705	11846	0
/ITMSN/CGEV14	33711	9609	0
/ITMSN/CGEV15	33716	12221	0
/ITMSN/CGEV16	33722	8549	0
/ITMSN/CGEV17	33727	11086	0
/ITMSN/CGEV18	33733	11884	0
/ITMSN/CGEV19	33739	11727	0
/ITMSN/CGEV20	33745	8849	0
/ITMSN/CGEV21	33750	8753	0
/ITMSN/CGEV22	33755	9293	0
/ITMSN/CGEV23	33760	12471	0
/ITMSN/CGEV24	33767	8951	0
/ITMSN/CGEV25	33772	10045	0
/ITMSN/CGEV26	33777	12280	0
/ITMSN/CGEV27	33783	10840	0
/ITMSN/CGEV28	33789	7680	0
/ITMSN/CGEV29	33793	11150	0
/ITMSN/CGEV30	33799	11484	0
/ITMSN/CGEV31	33805	12579	0
/ITMSN/CGEV32	33812	9110	0
/ITMSN/CGEV33	33817	12448	0
/ITMSN/CGEV44	33824	9093	0
/ITMSN/CGEV45	33829	12890	0
/ITMSN/CGEV46	33836	11754	0
/ITMSN/CGEV47	33842	13267	0
/ITMSN/CGEV48	33849	11261	0
/ITMSN/CGEV49	33855	11075	0
/ITMSN/CGEV50	33861	11539	0
/ITMSN/CGEV51	33867	13323	0
/ITMSN/CGEV52	33874	12714	0
/ITMSN/CGEV53	33881	10333	0
/ITMSN/CGEV54	33887	9430	0
/ITMSN/CGEV55	33892	8396	0
/ITMSN/CGEV56	33897	8856	0
/ITMSN/CGEV57	33902	12378	0
/ITMSN/CGEV58	33909	12329	0
/ITMSN/CGEV59	33916	11351	0
/ITMSN/CGEV60	33922	10247	0
/ITMSN/CGEV61	33928	10169	0
/ITMSN/CGEV62	33933	12071	0
/ITMSN/CGEV63	33939	11327	0
/ITMSN/CGEV64	33945	12522	0
/ITMSN/CGEV65	33952	10487	0
/ITMSN/CGEV66	33958	10558	0
/ITMSN/CGEV67	33964	11577	0
/ITMSN/CGEV68	33970	11681	0
/ITMSN/CGEV69	33976	11068	0
/ITMSN/CGEV70	33982	11357	0
/ITMSN/CGEV71	33988	12516	0
/ITMSN/CGEV72	33995	12688	0
/ITMSN/CGEV73	34002	13651	0
/ITMSN/CGEV74	34009	9906	0
/ITMSN/CGEV75	34014	11843	0
/ITMSN/CGEV76	34020	11056	0
/ITMSN/CGEV77	34026	12200	0
/ITMSN/CGEV78	34032	9460	0
/ITMSN/CGEV80	34037	11065	0
/ITMSN/CGEV81	34043	10531	0
/ITMSN/CGEV82	34049	12766	0
/ITMSN/CGEV83	34056	12660	0
/ITMSN/CGEV84	34063	12147	0
/ITMSN/CGEV85	34069	10253	0
/ITMSN/CGEV86	34075	10684	0
/ITMSN/CGEV87	34081	11662	0
/ITMSN/CGEV89	34087	12110	0
/ITMSN/CGEV90	34093	11360	0
/ITMSN/CGEV91	34099	9779	0
/ITMSN/CGEV92	34104	11306	0
/ITMSN/CGEV93	34110	11944	0
/ITMSN/CGEV94	34116	10808	0
/ITMSN/CGEV95	34122	12320	0
/ITMSN/CGEV96	34129	11495	0
/ITMSN/CGEV97	34135	11987	0
/ITMSN/CGFLAM	34141	17775	0
/ITMSN/CGFLBE	34150	18832	0
/ITMSN/CGFLBR	34160	16413	0
/ITMSN/CGFLBU	34169	36316	0
/ITMSN/CGFLCA	34187	22731	0
/ITMSN/CGFLDE	34199	21110	0
/ITMSN/CGFLFI	34210	27142	0
/ITMSN/CGFLFR	34224	21850	0
/ITMSN/CGFLGE	34235	21921	0
/ITMSN/CGFLGR	34246	24047	0
/ITMSN/CGFLHO	34258	15347	0
/ITMSN/CGFLHU	34266	29028	0
/ITMSN/CGFLIN	34281	19402	0
/ITMSN/CGFLIQ	34291	32799	0
/ITMSN/CGFLIT	34308	18462	0
/ITMSN/CGFLJP	34318	23090	0
/ITMSN/CGFLKA	34330	21348	0
/ITMSN/CGFLNA	34341	19452	0
/ITMSN/CGFLNO	34351	17929	0
/ITMSN/CGFLNZ	34360	30049	0
/ITMSN/CGFLPO	34375	16770	0
/ITMSN/CGFLRU	34384	20263	0
/ITMSN/CGFLSO	34394	25958	0
/ITMSN/CGFLSP	34407	18637	0
/ITMSN/CGFLSW	34417	20556	0
/ITMSN/CGFLTO	34428	14627	0
/ITMSN/CGFLYU	34436	31674	0
/ITMSN/CGMMAF	34452	53669	0
/ITMSN/CGMMAM	34479	29612	0
/ITMSN/CGMMFR	34494	54562	0
/ITMSN/CGMMPO	34521	65682	0
/ITMSN/CGMMRO	34554	64257	0
/ITMSN/CGSM00	34586	7549	0
/ITMSN/CGSM01	34590	9564	0
/ITMSN/CGSM02	34595	9572	0
/ITMSN/CGSM03	34600	9562	0
/ITMSN/CGSM04	34605	9715	0
/ITMSN/CGSM05	34610	9583	0
/ITMSN/CGSM06	34615	9637	0
/ITMSN/CGSM07	34620	9773	0
/ITMSN/CGSM08	34625	9803	0
/ITMSN/CGSM09	34630	9978	0
/ITMSN/CGSM10	34635	9976	0
/ITMSN/CGSM11	34640	9985	0
/ITMSN/CGSM12	34645	9985	0
/ITMSN/CGSM13	34650	9986	0
/ITMSN/CGSM14	34655	9984	0
/ITMSN/CGSM15	34660	9989	0
/ITMSN/CGSM16	34665	9989	0
/ITMSN/CGSM17	34670	9998	0
/ITMSN/CGSM18	34675	9997	0
/ITMSN/CGSM19	34680	10003	0
/ITMSN/CGSM20	34685	10004	0
/ITMSN/CGSM21	34690	10004	0
/ITMSN/CGSM22	34695	10005	0
/ITMSN/CGSM23	34700	10011	0
/ITMSN/CGSM24	34705	10008	0
/ITMSN/CGSM25	34710	9974	0
/ITMSN/CGSM26	34715	10115	0
/ITMSN/CGSM27	34720	10119	0
/ITMSN/CGSM28	34725	10124	0
/ITMSN/CGSM29	34730	10109	0
/ITMSN/CGSM30	34735	10110	0
/ITMSN/CGSM31	34740	10107	0
/ITMSN/CGSM32	34745	10114	0
/ITMSN/CGSM33	34750	10119	0
/ITMSN/CGSM34	34755	10114	0
/ITMSN/CGSM35	34760	10127	0
/ITMSN/CGSM36	34765	10151	0
/ITMSN/CGSM37	34770	10157	0
/ITMSN/CGSM38	34775	10158	0
/ITMSN/CGSM39	34780	10181	0
/ITMSN/CGSM40	34785	10172	0
/ITMSN/CGSM41	34790	10189	0
/ITMSN/CGSM42	34795	10034	0
/ITMSN/CGSM43	34800	10037	0
/ITMSN/CGSM44	34805	10040	0
/ITMSN/CGSM45	34810	10041	0
/ITMSN/CGSM46	34815	10036	0
/ITMSN/CGSM47	34820	10038	0
/ITMSN/CGSM48	34825	10090	0
/ITMSN/CGSM49	34830	10105	0
/ITMSN/CGSM50	34835	10087	0
/ITMSN/CGSM51	34840	10076	0
/ITMSN/CGSM52	34845	10070	0
/ITMSN/CGSM53	34850	10062	0
/ITMSN/CGSM54	34855	10060	0
/ITMSN/CGSM55	34860	10068	0
/ITMSN/CGSM56	34865	9946	0
/ITMSN/CGSM57	34870	10037	0
/ITMSN/CGSM60	34875	10022	0
/ITMSN/CGSM61	34880	10056	0
/ITMSN/CGSM62	34885	10058	0
/ITMSN/CGSM63	34890	10069	0
/ITMSN/CGSM64	34895	10071	0
/ITMSN/CGSM65	34900	10073	0
/ITMSN/CGSM66	34905	10079	0
/ITMSN/CGSM67	34910	10076	0
/ITMSN/CGSM68	34915	9994	0
/ITMSN/CGSM69	34920	10124	0
/ITMSN/CGSM70	34925	10128	0
/ITMSN/CGSM71	34930	10123	0
/ITMSN/CGSM72	34935	10119	0
/ITMSN/CGSM73	34940	9974	0
/ITMSN/CGSM74	34945	9975	0
/ITMSN/CGSM75	34950	9954	0
/ITMSN/CGSM76	34955	9881	0
/ITMSN/CGSM77	34960	10009	0
/ITMSN/CGSM78	34965	9868	0
/ITMSN/CGSM79	34970	9878	0
/ITMSN/CGWM01	34975	108393	0
/ITMSN/CGWM02	35028	104652	0
/ITMSN/EVTEST	35080	30464	0
/KEKKA	2168	406828	0
/KIRI	4434	17544	0
/KOUGI	1199	986536	0
/KU	57	2048	1
/KU/KU02010	13924	11652	0
/KU/KU02020	13930	11108	0
/KU/KU02030	13943	10820	0
/KU/KU08010	13936	12596	0
/KUNSHO1	4443	21096	0
/KUNSHO10	4454	21096	0
/KUNSHO11	4465	21096	0
/KUNSHO12	4476	21096	0
/KUNSHO13	4487	21096	0
/KUNSHO14	4498	21096	0
/KUNSHO15	4509	21096	0
/KUNSHO16	4520	21096	0
/KUNSHO17	4531	21096	0
/KUNSHO18	4542	21096	0
/KUNSHO19	4553	21096	0
/KUNSHO2	4564	21096	0
/KUNSHO3	4575	21096	0
/KUNSHO4	4586	21096	0
/KUNSHO5	4597	21096	0
/KUNSHO6	4608	21096	0
/KUNSHO7	4619	21096	0
/KUNSHO9	4630	21096	0
/M00	58	2048	1
/M00/HAI1	35095	4664	0
/M00/HAI2	35098	4664	0
/M00/HAI3	35101	4664	0
/M00/HAI4	35104	4664	0
/M00/HAI5	35107	4664	0
/M00/HAICHI	35110	4664	0
/M00/MINMAP	35113	17920	0
/M00/SMAP	35122	17920	0
/M00/UCG	35131	31345	0
/M00/UCGGE	35147	62037	0
/M00/UPK	35178	30508	0
/M00/UPK1	35193	30508	0
/M00/UPK2	35208	30508	0
/M00/UPK3	35223	30508	0
/M00/UPK4	35238	30508	0
/M00/UPK5	35253	30508	0
/M00/VMF	35268	65342	0
/M00/VMR	35300	60162	0
/M01	59	2048	1
/M01/HAICHI	35330	4664	0
/M01/MINMAP	35333	17920	0
/M01/SMAP	35342	17920	0
/M01/UCG	35351	10482	0
/M01/UCGGE	35357	62037	0
/M01/UPK	35388	30508	0
/M01/VMF	35403	61566	0
/M01/VMR	35434	56727	0
/M02	60	2048	1
/M02/HAICHI	35462	4664	0
/M02/MINMAP	35465	17920	0
/M02/SMAP	35474	17920	0
/M02/UCG	35483	12305	0
/M02/UCGGE	35490	62037	0
/M02/UPK	35521	30508	0
/M02/VMF	35536	61713	0
/M02/VMR	35567	58476	0
/M03	61	2048	1
/M03/HAICHI	35596	4664	0
/M03/MINMAP	35599	17920	0
/M03/SMAP	35608	17920	0
/M03/UCG	35617	22744	0
/M03/UCGGE	35629	62037	0
/M03/UPK	35660	30508	0
/M03/VMF	35675	62318	0
/M03/VMR	35706	59045	0
/M04	62	2048	1
/M04/HAI1	35735	4664	0
/M04/HAICHI	35738	4664	0
/M04/MINMAP	35741	17920	0
/M04/SMAP	35750	17920	0
/M04/UCG	35759	32597	0
/M04/UCGGE	35775	62037	0
/M04/UPK	35806	30508	0
/M04/UPK1	35821	30508	0
/M04/VMF	35836	71481	0
/M04/VMR	35871	70093	0
/M05	63	2048	1
/M05/HAICHI	35906	4664	0
/M05/MINMAP	35909	17920	0
/M05/SMAP	35918	17920	0
/M05/UCG	35927	39504	0
/M05/UCGGE	35947	62037	0
/M05/UPK	35978	30508	0
/M05/VMF	35993	228785	0
/M05/VMR	36105	215705	0
/M06	64	2048	1
/M06/HAICHI	36211	4664	0
/M06/MINMAP	36214	17920	0
/M06/SMAP	36223	17920	0
/M06/UCG	36232	32610	0
/M06/UCGGE	36248	62037	0
/M06/UPK	36279	30508	0
/M06/VMF	36294	228785	0
/M06/VMR	36406	215705	0
/M07	65	2048	1
/M07/HAICHI	36512	4664	0
/M07/MINMAP	36515	17920	0
/M07/SMAP	36524	17920	0
/M07/UCG	36533	20710	0
/M07/UCGGE	36544	62037	0
/M07/UPK	36575	30508	0
/M07/VMF	36590	195719	0
/M07/VMR	36686	186833	0
/M08	66	2048	1
/M08/HAI1	36778	4664	0
/M08/HAICHI	36781	4664	0
/M08/MINMAP	36784	17920	0
/M08/SMAP	36793	17920	0
/M08/UCG	36802	25201	0
/M08/UCGGE	36815	62037	0
/M08/UPK	36846	30508	0
/M08/UPK1	36861	30508	0
/M08/VMF	36876	212645	0
/M08/VMR	36980	202081	0
/M09	67	2048	1
/M09/HAICHI	37079	4664	0
/M09/MINMAP	37082	17920	0
/M09/SMAP	37091	17920	0
/M09/UCG	37100	18424	0
/M09/UCGGE	37109	62037	0
/M09/UPK	37140	30508	0
/M09/VMF	37155	200646	0
/M09/VMR	37253	197284	0
/M10	68	2048	1
/M10/HAICHI	37350	4664	0
/M10/MINMAP	37353	17920	0
/M10/SMAP	37362	17920	0
/M10/UCG	37371	22972	0
/M10/UCGGE	37383	62037	0
/M10/UPK	37414	30508	0
/M10/VMF	37429	190245	0
/M10/VMR	37522	183386	0
/M11	69	2048	1
/M11/HAI1	37612	4664	0
/M11/HAICHI	37615	4664	0
/M11/MINMAP	37618	17920	0
/M11/SMAP	37627	17920	0
/M11/UCG	37636	25266	0
/M11/UCGGE	37649	62037	0
/M11/UPK	37680	30508	0
/M11/UPK1	37695	30508	0
/M11/VMF	37710	163507	0
/M12	70	2048	1
/M12/HAICHI	37790	4664	0
/M12/MINMAP	37793	17920	0
/M12/SMAP	37802	17920	0
/M12/UCG	37811	33825	0
/M12/UCGGE	37828	62037	0
/M12/UPK	37859	30508	0
/M12/VMF	37874	173061	0
/M13	71	2048	1
/M13/HAICHI	37959	4664	0
/M13/MINMAP	37962	17920	0
/M13/SMAP	37971	17920	0
/M13/UCG	37980	37742	0
/M13/UCGGE	37999	62037	0
/M13/UPK	38030	30508	0
/M13/VMF	38045	164022	0
/M14	72	2048	1
/M14/HAICHI	38126	4664	0
/M14/MINMAP	38129	17920	0
/M14/SMAP	38138	17920	0
/M14/UCG	38147	26816	0
/M14/UCGGE	38161	62037	0
/M14/UPK	38192	30508	0
/M14/VMF	38207	230980	0
/M14/VMR	38320	228873	0
/M14/VMS	38432	233226	0
/M15	73	2048	1
/M15/HAI1	38546	4664	0
/M15/HAICHI	38549	4664	0
/M15/MINMAP	38552	17920	0
/M15/SMAP	38561	17920	0
/M15/UCG	38570	41112	0
/M15/UCGGE	38591	62037	0
/M15/UPK	38622	30508	0
/M15/UPK1	38637	30508	0
/M15/VMF	38652	173061	0
/M16	74	2048	1
/M16/HAICHI	38737	4664	0
/M16/MINMAP	38740	17920	0
/M16/SMAP	38749	17920	0
/M16/UCG	38758	39923	0
/M16/UCGGE	38778	62037	0
/M16/UPK	38809	30508	0
/M16/VMF	38824	164022	0
/M17	75	2048	1
/M17/HAICHI	38905	4664	0
/M17/MINMAP	38908	17920	0
/M17/SMAP	38917	17920	0
/M17/UCG	38926	30183	0
/M17/UCGGE	38941	62037	0
/M17/UPK	38972	30508	0
/M17/VMF	38987	163507	0
/M18	76	2048	1
/M18/HAICHI	39067	4664	0
/M18/MINMAP	39070	17920	0
/M18/SMAP	39079	17920	0
/M18/UCG	39088	39060	0
/M18/UCGGE	39108	62037	0
/M18/UPK	39139	30508	0
/M18/VMF	39154	168111	0
/M19	77	2048	1
/M19/HAICHI	39237	4664	0
/M19/MINMAP	39240	17920	0
/M19/SMAP	39249	17920	0
/M19/UCG	39258	32727	0
/M19/UCGGE	39274	62037	0
/M19/UPK	39305	30508	0
/M19/VMF	39320	163507	0
/M20	78	2048	1
/M20/HAICHI	39400	4664	0
/M20/MINMAP	39403	17920	0
/M20/SMAP	39412	17920	0
/M20/UCG	39421	44481	0
/M20/UCGGE	39443	62037	0
/M20/UPK	39474	30508	0
/M20/VMF	39489	164022	0
/M21	79	2048	1
/M21/HAI1	39570	4664	0
/M21/HAICHI	39573	4664	0
/M21/MINMAP	39576	17920	0
/M21/SMAP	39585	17920	0
/M21/UCG	39594	42469	0
/M21/UCGGE	39615	62037	0
/M21/UPK	39646	30508	0
/M21/UPK1	39661	30508	0
/M21/VMF	39676	227546	0
/M22	80	2048	1
/M22/HAICHI	39788	4664	0
/M22/MINMAP	39791	17920	0
/M22/SMAP	39800	17920	0
/M22/UCG	39809	38245	0
/M22/UCGGE	39828	62037	0
/M22/UPK	39859	30508	0
/M22/VMF	39874	192521	0
/M22/VMR	39969	190978	0
/M23	81	2048	1
/M23/HAICHI	40063	4664	0
/M23/MINMAP	40066	17920	0
/M23/SMAP	40075	17920	0
/M23/UCG	40084	40755	0
/M23/UCGGE	40104	62037	0
/M23/UPK	40135	30508	0
/M23/VMF	40150	185874	0
/M23/VMR	40241	182632	0
/M24	82	2048	1
/M24/HAICHI	40331	4664	0
/M24/MINMAP	40334	17920	0
/M24/SMAP	40343	17920	0
/M24/UCG	40352	40657	0
/M24/UCGGE	40372	62037	0
/M24/UPK	40403	30508	0
/M24/VMF	40418	223519	0
/M24/VMR	40528	228699	0
/M25	83	2048	1
/M25/HAI1	40640	4664	0
/M25/HAICHI	40643	4664	0
/M25/MINMAP	40646	17920	0
/M25/SMAP	40655	17920	0
/M25/UCG	40664	45218	0
/M25/UCGGE	40687	62037	0
/M25/UPK	40718	30508	0
/M25/UPK1	40733	30508	0
/M25/VMF	40748	226712	0
/M25/VMS	40859	234460	0
/M26	84	2048	1
/M26/HAICHI	40974	4664	0
/M26/MINMAP	40977	17920	0
/M26/SMAP	40986	17920	0
/M26/UCG	40995	47533	0
/M26/UCGGE	41019	62037	0
/M26/UPK	41050	30508	0
/M26/VMF	41065	248454	0
/M26/VMS	41187	217278	0
/M27	85	2048	1
/M27/HAICHI	41294	4664	0
/M27/MINMAP	41297	17920	0
/M27/SMAP	41306	17920	0
/M27/UCG	41315	27831	0
/M27/UCGGE	41329	62037	0
/M27/UPK	41360	30508	0
/M27/VMF	41375	247617	0
/M27/VMR	41496	232284	0
/M28	86	2048	1
/M28/HAICHI	41610	4664	0
/M28/MINMAP	41613	17920	0
/M28/SMAP	41622	17920	0
/M28/UCG	41631	33599	0
/M28/UCGGE	41648	62037	0
/M28/UPK	41679	30508	0
/M28/VMF	41694	63420	0
/M28/VMR	41725	59611	0
/M28/VMS	41755	62225	0
/M29	87	2048	1
/M29/HAICHI	41786	4664	0
/M29/MINMAP	41789	17920	0
/M29/SMAP	41798	17920	0
/M29/UCG	41807	31369	0
/M29/UCGGE	41823	62037	0
/M29/UPK	41854	30508	0
/M29/VMF	41869	226742	0
/M29/VMS	41980	238291	0
/M30	88	2048	1
/M30/HAICHI	42097	4664	0
/M30/MINMAP	42100	17920	0
/M30/SMAP	42109	17920	0
/M30/UCG	42118	29598	0
/M30/UCGGE	42133	62037	0
/M30/UPK	42164	30508	0
/M30/VMF	42179	228259	0
/M30/VMS	42291	234677	0
/M31	89	2048	1
/M31/HAICHI	42406	4664	0
/M31/MINMAP	42409	17920	0
/M31/SMAP	42418	17920	0
/M31/UCG	42427	44237	0
/M31/UCGGE	42449	62037	0
/M31/UPK	42480	30508	0
/M31/VMF	42495	223194	0
/M31/VMR	42604	226842	0
/M32	90	2048	1
/M32/HAICHI	42715	4664	0
/M32/MINMAP	42718	17920	0
/M32/SMAP	42727	17920	0
/M32/UCG	42736	19289	0
/M32/UCGGE	42746	62037	0
/M32/UPK	42777	30508	0
/M32/VMF	42792	226671	0
/M32/VMR	42903	224171	0
/M33	91	2048	1
/M33/HAICHI	43013	4664	0
/M33/MINMAP	43016	17920	0
/M33/SMAP	43025	17920	0
/M33/UCG	43034	21412	0
/M33/UCGGE	43045	62037	0
/M33/UPK	43076	30508	0
/M33/VMF	43091	228117	0
/M33/VMR	43203	219843	0
/M34	92	2048	1
/M34/HAICHI	43311	4664	0
/M34/MINMAP	43314	17920	0
/M34/SMAP	43323	17920	0
/M34/UCG	43332	27241	0
/M34/UCGGE	43346	62037	0
/M34/UPK	43377	30508	0
/M34/VMF	43392	226742	0
/M34/VMS	43503	238291	0
/M35	93	2048	1
/M35/HAICHI	43620	4664	0
/M35/MINMAP	43623	17920	0
/M35/SMAP	43632	17920	0
/M35/UCG	43641	24744	0
/M35/UCGGE	43654	62037	0
/M35/UPK	43685	30508	0
/M35/VMF	43700	228259	0
/M35/VMS	43812	234677	0
/M36	94	2048	1
/M36/HAI1	43927	4664	0
/M36/HAICHI	43930	4664	0
/M36/MINMAP	43933	17920	0
/M36/SMAP	43942	17920	0
/M36/UCG	43951	23213	0
/M36/UCGGE	43963	62037	0
/M36/UPK	43994	30508	0
/M36/UPK1	44009	30508	0
/M36/VMF	44024	234632	0
/M36/VMR	44139	216003	0
/M37	95	2048	1
/M37/HAICHI	44245	4664	0
/M37/MINMAP	44248	17920	0
/M37/SMAP	44257	17920	0
/M37/UCG	44266	23442	0
/M37/UCGGE	44278	62037	0
/M37/UPK	44309	30508	0
/M37/VMF	44324	226742	0
/M37/VMS	44435	238291	0
/M38	96	2048	1
/M38/HAICHI	44552	4664	0
/M38/MINMAP	44555	17920	0
/M38/SMAP	44564	17920	0
/M38/UCG	44573	27140	0
/M38/UCGGE	44587	62037	0
/M38/UPK	44618	30508	0
/M38/VMF	44633	228259	0
/M38/VMS	44745	234677	0
/M39	97	2048	1
/M39/HAICHI	44860	4664	0
/M39/MINMAP	44863	17920	0
/M39/SMAP	44872	17920	0
/M39/UCG	44881	17023	0
/M39/UCGGE	44890	62037	0
/M39/UPK	44921	30508	0
/M39/VMF	44936	61247	0
/M39/VMR	44966	58915	0
/M40	98	2048	1
/M40/HAICHI	44995	4664	0
/M40/MINMAP	44998	17920	0
/M40/SMAP	45007	17920	0
/M40/UCG	45016	24290	0
/M40/UCGGE	45028	62037	0
/M40/UPK	45059	30508	0
/M40/VMF	45074	234632	0
/M40/VMR	45189	216003	0
/M41	99	2048	1
/M41/HAICHI	45295	4664	0
/M41/MINMAP	45298	17920	0
/M41/SMAP	45307	17920	0
/M41/UCG	45316	20626	0
/M41/UCGGE	45327	62037	0
/M41/UPK	45358	30508	0
/M41/VMF	45373	226336	0
/M41/VMS	45484	226526	0
/M42	100	2048	1
/M42/HAICHI	45595	4664	0
/M42/MINMAP	45598	17920	0
/M42/SMAP	45607	17920	0
/M42/UCG	45616	28875	0
/M42/UCGGE	45631	62037	0
/M42/UPK	45662	30508	0
/M42/VMF	45677	247617	0
/M42/VMR	45798	232284	0
/M43	101	2048	1
/M43/HAI1	45912	4664	0
/M43/HAICHI	45915	4664	0
/M43/MINMAP	45918	17920	0
/M43/SMAP	45927	17920	0
/M43/UCG	45936	35489	0
/M43/UCGGE	45954	62037	0
/M43/UPK	45985	30508	0
/M43/UPK1	46000	30508	0
/M43/VMF	46015	63420	0
/M43/VMR	46046	59611	0
/M43/VMS	46076	62225	0
/M44	102	2048	1
/M44/HAICHI	46107	4664	0
/M44/MINMAP	46110	17920	0
/M44/SMAP	46119	17920	0
/M44/UCG	46128	34553	0
/M44/UCGGE	46145	62037	0
/M44/UPK	46176	30508	0
/M44/VMF	46191	226742	0
/M44/VMS	46302	238291	0
/M45	103	2048	1
/M45/HAICHI	46419	4664	0
/M45/MINMAP	46422	17920	0
/M45/SMAP	46431	17920	0
/M45/UCG	46440	32782	0
/M45/UCGGE	46457	62037	0
/M45/UPK	46488	30508	0
/M45/VMF	46503	228259	0
/M45/VMS	46615	234677	0
/M46	104	2048	1
/M46/HAI1	46730	4664	0
/M46/HAICHI	46733	4664	0
/M46/MINMAP	46736	17920	0
/M46/SMAP	46745	17920	0
/M46/UCG	46754	44045	0
/M46/UCGGE	46776	62037	0
/M46/UPK	46807	30508	0
/M46/UPK1	46822	30508	0
/M46/VMF	46837	239861	0
/M46/VMS	46955	223647	0
/M47	105	2048	1
/M47/HAICHI	47065	4664	0
/M47/MINMAP	47068	17920	0
/M47/SMAP	47077	17920	0
/M47/UCG	47086	30800	0
/M47/UCGGE	47102	62037	0
/M47/UPK	47133	30508	0
/M47/VMF	47148	236130	0
/M47/VMS	47264	208163	0
/M48	106	2048	1
/M48/HAI1	47366	4664	0
/M48/HAICHI	47369	4664	0
/M48/MINMAP	47372	17920	0
/M48/SMAP	47381	17920	0
/M48/UCG	47390	38380	0
/M48/UCGGE	47409	62037	0
/M48/UPK	47440	30508	0
/M48/UPK1	47455	30508	0
/M48/VMF	47470	249697	0
/M48/VMR	47592	241019	0
/M49	107	2048	1
/M49/HAICHI	47710	4664	0
/M49/MINMAP	47713	17920	0
/M49/SMAP	47722	17920	0
/M49/UCG	47731	35638	0
/M49/UCGGE	47749	62037	0
/M49/UPK	47780	30508	0
/M49/VMF	47795	252086	0
/M49/VMR	47919	229672	0
/M50	108	2048	1
/M50/HAICHI	48032	4664	0
/M50/MINMAP	48035	17920	0
/M50/SMAP	48044	17920	0
/M50/UCG	48053	39253	0
/M50/UCGGE	48073	62037	0
/M50/UPK	48104	30508	0
/M50/VMF	48119	248454	0
/M50/VMS	48241	217278	0
/M51	109	2048	1
/M51/HAICHI	48348	4664	0
/M51/MINMAP	48351	17920	0
/M51/SMAP	48360	17920	0
/M51/UCG	48369	39919	0
/M51/UCGGE	48389	62037	0
/M51/UPK	48420	30508	0
/M51/VMF	48435	67921	0
/M51/VMR	48469	65987	0
/M52	110	2048	1
/M52/HAICHI	48502	4664	0
/M52/MINMAP	48505	17920	0
/M52/SMAP	48514	17920	0
/M52/UCG	48523	27085	0
/M52/UCGGE	48537	62037	0
/M52/UPK	48568	30508	0
/M52/VMF	48583	231289	0
/M52/VMR	48696	220965	0
/M53	111	2048	1
/M53/HAICHI	48804	4664	0
/M53/MINMAP	48807	17920	0
/M53/SMAP	48816	17920	0
/M53/UCG	48825	14051	0
/M53/UCGGE	48832	62037	0
/M53/UPK	48863	30508	0
/M53/VMF	48878	227573	0
/M53/VMS	48990	175642	0
/M54	112	2048	1
/M54/HAICHI	49076	4664	0
/M54/MINMAP	49079	17920	0
/M54/SMAP	49088	17920	0
/M54/UCG	49097	19475	0
/M54/UCGGE	49107	62037	0
/M54/UPK	49138	30508	0
/M54/VMF	49153	226671	0
/M54/VMR	49264	224171	0
/M55	113	2048	1
/M55/HAICHI	49374	4664	0
/M55/MINMAP	49377	17920	0
/M55/SMAP	49386	17920	0
/M55/UCG	49395	21764	0
/M55/UCGGE	49406	62037	0
/M55/UPK	49437	30508	0
/M55/VMF	49452	228117	0
/M55/VMR	49564	219843	0
/M56	114	2048	1
/M56/HAICHI	49672	4664	0
/M56/MINMAP	49675	17920	0
/M56/SMAP	49684	17920	0
/M56/UCG	49693	24103	0
/M56/UCGGE	49705	62037	0
/M56/UPK	49736	30508	0
/M56/VMF	49751	226742	0
/M56/VMS	49862	238291	0
/M57	115	2048	1
/M57/HAICHI	49979	4664	0
/M57/MINMAP	49982	17920	0
/M57/SMAP	49991	17920	0
/M57/UCG	50000	24166	0
/M57/UCGGE	50012	62037	0
/M57/UPK	50043	30508	0
/M57/VMF	50058	228259	0
/M57/VMS	50170	234677	0
/M58	116	2048	1
/M58/HAICHI	50285	4664	0
/M58/MINMAP	50288	17920	0
/M58/SMAP	50297	17920	0
/M58/UCG	50306	27552	0
/M58/UCGGE	50320	62037	0
/M58/UPK	50351	30508	0
/M58/VMF	50366	234632	0
/M58/VMR	50481	216003	0
/M59	117	2048	1
/M59/HAICHI	50587	4664	0
/M59/MINMAP	50590	17920	0
/M59/SMAP	50599	17920	0
/M59/UCG	50608	27319	0
/M59/UCGGE	50622	62037	0
/M59/UPK	50653	30508	0
/M59/VMF	50668	226742	0
/M59/VMS	50779	238291	0
/M60	118	2048	1
/M60/HAICHI	50896	4664	0
/M60/MINMAP	50899	17920	0
/M60/SMAP	50908	17920	0
/M60/UCG	50917	27140	0
/M60/UCGGE	50931	62037	0
/M60/UPK	50962	30508	0
/M60/VMF	50977	228259	0
/M60/VMS	51089	234677	0
/M61	119	2048	1
/M61/HAICHI	51204	4664	0
/M61/MINMAP	51207	17920	0
/M61/SMAP	51216	17920	0
/M61/UCG	51225	38604	0
/M61/UCGGE	51244	62037	0
/M61/UPK	51275	30508	0
/M61/VMF	51290	200646	0
/M61/VMR	51388	197284	0
/M62	120	2048	1
/M62/HAICHI	51485	4664	0
/M62/MINMAP	51488	17920	0
/M62/SMAP	51497	17920	0
/M62/UCG	51506	37777	0
/M62/UCGGE	51525	62037	0
/M62/UPK	51556	30508	0
/M62/VMF	51571	190245	0
/M62/VMR	51664	183386	0
/M63	121	2048	1
/M63/HAICHI	51754	4664	0
/M63/MINMAP	51757	17920	0
/M63/SMAP	51766	17920	0
/M63/UCG	51775	38454	0
/M63/UCGGE	51794	62037	0
/M63/UPK	51825	30508	0
/M63/VMF	51840	156710	0
/M63/VMR	51917	155955	0
/M64	122	2048	1
/M64/HAICHI	51994	4664	0
/M64/MINMAP	51997	17920	0
/M64/SMAP	52006	17920	0
/M64/UCG	52015	46629	0
/M64/UCGGE	52038	62037	0
/M64/UPK	52069	30508	0
/M64/VMF	52084	225990	0
/M64/VMR	52195	214399	0
/MAPSCT	910	82300	0
/MUSEUM	3068	601516	0
/NA	123	2048	1
/NA/NA13010	13949	12008	0
/NA/NA13020	13955	11032	0
/NZ	124	2048	1
/NZ/NZ13010	13961	12616	0
/OPENTITL	3862	166682	0
/PFACE	4641	56172	0
/PO	125	2048	1
/PO/PO02010	13114	11332	0
/PO/PO02020	12959	10836	0
/PO/PO07010	12965	11380	0
/PO/PO12010	13109	10196	0
/PO/PO12020	12953	10760	0
/PO/PO12030	12948	10200	0
/PO/PO13010	13103	12008	0
/PO/PO22010	13120	7688	0
/PO/PO24010	13030	72824	0
/PO/PO24030	12971	58456	0
/PO/PO24110	13066	75712	0
/PO/PO24130	13000	60768	0
/RAIN	4669	22240	0
/README.TXT	370	6115	0
/RECORD	4680	17072	0
/RU	126	2048	1
/RU/RU02010	13831	11028	0
/RU/RU02030	13859	11732	0
/RU/RU02040	13837	11028	0
/RU/RU02050	13843	11444	0
/RU/RU02060	13865	10916	0
/RU/RU02070	13800	11684	0
/RU/RU02080	13787	11300	0
/RU/RU02090	13806	11028	0
/RU/RU03010	13853	11460	0
/RU/RU05010	13812	11876	0
/RU/RU07010	13871	12260	0
/RU/RU08010	13818	13156	0
/RU/RU08020	13793	13380	0
/RU/RU12010	13781	10584	0
/RU/RU12020	13825	11064	0
/RU/RU22010	13849	7240	0
/SAKUCG	1852	130176	0
/SAKUSEN	1681	350024	0
/SBGPAK	127	4096	1
/SBGPAK/SBG01011	16750	125440	0
/SBGPAK/SBG01012	16812	125440	0
/SBGPAK/SBG01013	16874	125440	0
/SBGPAK/SBG01021	16936	125440	0
/SBGPAK/SBG01022	16998	125440	0
/SBGPAK/SBG01023	17060	125440	0
/SBGPAK/SBG01031	17122	125440	0
/SBGPAK/SBG01041	17184	125440	0
/SBGPAK/SBG01061	17246	125440	0
/SBGPAK/SBG01062	17308	125440	0
/SBGPAK/SBG01071	17370	125440	0
/SBGPAK/SBG01072	17432	125440	0
/SBGPAK/SBG01073	17494	125440	0
/SBGPAK/SBG01081	17556	125440	0
/SBGPAK/SBG01091	17618	125440	0
/SBGPAK/SBG01092	17680	125440	0
/SBGPAK/SBG010A1	17742	125440	0
/SBGPAK/SBG02011	17804	125440	0
/SBGPAK/SBG02012	17866	125440	0
/SBGPAK/SBG02013	17928	125440	0
/SBGPAK/SBG02021	17990	125440	0
/SBGPAK/SBG02022	18052	125440	0
/SBGPAK/SBG02023	18114	125440	0
/SBGPAK/SBG02031	18176	125440	0
/SBGPAK/SBG02041	18238	125440	0
/SBGPAK/SBG02061	18300	125440	0
/SBGPAK/SBG02062	18362	125440	0
/SBGPAK/SBG02071	18424	125440	0
/SBGPAK/SBG02072	18486	125440	0
/SBGPAK/SBG02073	18548	125440	0
/SBGPAK/SBG02081	18610	125440	0
/SBGPAK/SBG02091	18672	125440	0
/SBGPAK/SBG02092	18734	125440	0
/SBGPAK/SBG020A1	18796	125440	0
/SBGPAK/SBG03011	18858	125440	0
/SBGPAK/SBG03012	18920	125440	0
/SBGPAK/SBG03021	18982	125440	0
/SBGPAK/SBG03022	19044	125440	0
/SBGPAK/SBG03031	19106	125440	0
/SBGPAK/SBG03041	19168	125440	0
/SBGPAK/SBG03061	19230	125440	0
/SBGPAK/SBG03062	19292	125440	0
/SBGPAK/SBG03071	19354	125440	0
/SBGPAK/SBG03072	19416	125440	0
/SBGPAK/SBG03081	19478	125440	0
/SBGPAK/SBG03091	19540	125440	0
/SBGPAK/SBG03092	19602	125440	0
/SBGPAK/SBG030A1	19664	125440	0
/SBGPAK/SBG11011	19726	125440	0
/SBGPAK/SBG11012	19788	125440	0
/SBGPAK/SBG11013	19850	125440	0
/SBGPAK/SBG11021	19912	125440	0
/SBGPAK/SBG11022	19974	125440	0
/SBGPAK/SBG11023	20036	125440	0
/SBGPAK/SBG11031	20098	125440	0
/SBGPAK/SBG11041	20160	125440	0
/SBGPAK/SBG11061	20222	125440	0
/SBGPAK/SBG11062	20284	125440	0
/SBGPAK/SBG11071	20346	125440	0
/SBGPAK/SBG11072	20408	125440	0
/SBGPAK/SBG11073	20470	125440	0
/SBGPAK/SBG11081	20532	125440	0
/SBGPAK/SBG11091	20594	125440	0
/SBGPAK/SBG11092	20656	125440	0
/SBGPAK/SBG110A1	20718	125440	0
/SBGPAK/SBG12011	20780	125440	0
/SBGPAK/SBG12012	20842	125440	0
/SBGPAK/SBG12013	20904	125440	0
/SBGPAK/SBG12021	20966	125440	0
/SBGPAK/SBG12022	21028	125440	0
/SBGPAK/SBG12023	21090	125440	0
/SBGPAK/SBG12031	21152	125440	0
/SBGPAK/SBG12041	21214	125440	0
/SBGPAK/SBG12061	21276	125440	0
/SBGPAK/SBG12062	21338	125440	0
/SBGPAK/SBG12071	21400	125440	0
/SBGPAK/SBG12072	21462	125440	0
/SBGPAK/SBG12073	21524	125440	0
/SBGPAK/SBG12081	21586	125440	0
/SBGPAK/SBG12091	21648	125440	0
/SBGPAK/SBG12092	21710	125440	0
/SBGPAK/SBG120A1	21772	125440	0
/SBGPAK/SBG20000.CG	21834	1024	0
/SBGPAK/SBG20000.PLT	21835	512	0
/SBGPAK/SBG20000.PNT	21836	2048	0
/SCHOOL	951	507172	0
/SDDRVS.DRV	407	26610	0
/SE	129	2048	1
/SE/SE00	4711	101714	0
/SE/SE01	4761	251358	0
/SE/SE02	4884	260784	0
/SE/SE03	5012	272468	0
/SE/SE04	5146	267432	0
/SE/SE05	5277	262930	0
/SE/SE06	5406	260286	0
/SE/SE07	5534	273332	0
/SE/SE08	5668	216588	0
/SHOZO	4689	19120	0
/SIKAN	3610	84480	0
/SO	130	6144	1
/SO/SO02010	8780	7204	0
/SO/SO02020	8784	12676	0
/SO/SO02030	8791	6724	0
/SO/SO02040	8795	6756	0
/SO/SO02050	8799	6804	0
/SO/SO02060	8803	6644	0
/SO/SO02070	8807	6484	0
/SO/SO02080	8811	6724	0
/SO/SO02090	8815	6548	0
/SO/SO02100	8819	12132	0
/SO/SO02110	8825	12132	0
/SO/SO02120	8831	11876	0
/SO/SO02130	8837	11876	0
/SO/SO02140	8843	10932	0
/SO/SO02150	8849	10708	0
/SO/SO02160	8855	11940	0
/SO/SO02170	8861	9204	0
/SO/SO02180	8866	11156	0
/SO/SO02190	8872	11268	0
/SO/SO04010	8878	11908	0
/SO/SO07010	8884	8516	0
/SO/SO07020	8889	7108	0
/SO/SO07030	8893	6932	0
/SO/SO07040	8897	10756	0
/SO/SO08010	8903	15076	0
/SO/SO08020	8911	9524	0
/SO/SO08030	8916	13492	0
/SO/SO08040	8923	8964	0
/SO/SO08050	8928	13684	0
/SO/SO11010	8935	7592	0
/SO/SO11011	8939	13272	0
/SO/SO12010	8946	12184	0
/SO/SO12011	8952	12184	0
/SO/SO12020	8958	12072	0
/SO/SO12021	8964	12072	0
/SO/SO12030	8970	12744	0
/SO/SO12031	8977	12744	0
/SO/SO12040	8984	12840	0
/SO/SO12041	8991	12840	0
/SO/SO12050	8998	11976	0
/SO/SO12051	9004	11976	0
/SO/SO12060	9010	11176	0
/SO/SO12061	9016	11176	0
/SO/SO12070	9022	11128	0
/SO/SO12071	9028	11128	0
/SO/SO12080	9034	11016	0
/SO/SO12081	9040	10872	0
/SO/SO13010	9046	9720	0
/SO/SO13011	9051	9720	0
/SO/SO13020	9056	9848	0
/SO/SO13021	9061	9848	0
/SO/SO13030	9066	9800	0
/SO/SO13031	9071	9800	0
/SO/SO13040	9076	9928	0
/SO/SO13041	9081	9928	0
/SO/SO13050	9086	9864	0
/SO/SO13051	9091	9944	0
/SO/SO13070	9096	12936	0
/SO/SO13080	9103	11752	0
/SO/SO14010	9109	11528	0
/SO/SO14011	9115	11528	0
/SO/SO14020	9121	11848	0
/SO/SO14021	9127	11848	0
/SO/SO14030	9133	11896	0
/SO/SO14031	9139	11768	0
/SO/SO14040	9145	12152	0
/SO/SO14041	9151	12152	0
/SO/SO14050	9157	11752	0
/SO/SO14051	9163	11752	0
/SO/SO14060	9169	12632	0
/SO/SO14061	9176	12632	0
/SO/SO14070	9183	11896	0
/SO/SO14071	9189	11896	0
/SO/SO14080	9195	11880	0
/SO/SO14081	9201	11880	0
/SO/SO14090	9207	10424	0
/SO/SO14091	9213	10424	0
/SO/SO14100	9219	11384	0
/SO/SO14101	9225	11384	0
/SO/SO14110	9231	10072	0
/SO/SO14120	9236	10072	0
/SO/SO15010	9241	12312	0
/SO/SO15011	9248	12312	0
/SO/SO15020	9255	12312	0
/SO/SO15021	9262	12312	0
/SO/SO15030	9269	11496	0
/SO/SO15031	9275	11496	0
/SO/SO15040	9281	11496	0
/SO/SO15041	9287	11496	0
/SO/SO15050	9293	11672	0
/SO/SO16010	9299	8372	0
/SO/SO16011	9304	8372	0
/SO/SO16020	9309	9208	0
/SO/SO16021	9314	9208	0
/SO/SO17010	9319	12604	0
/SO/SO17011	9326	12604	0
/SO/SO17020	9333	12108	0
/SO/SO17021	9339	12108	0
/SO/SO18010	9345	7900	0
/SO/SO18011	9349	15340	0
/SO/SO19010	9357	15480	0
/SO/SO19011	9365	15480	0
/SO/SO19020	9373	10248	0
/SO/SO19021	9379	9880	0
/SO/SO21010	9384	7764	0
/SO/SO21020	9388	7668	0
/SO/SO21030	9392	8036	0
/SO/SO22010	9396	8040	0
/SO/SO22020	9400	8008	0
/SO/SO23010	9404	7764	0
/SO/SO23020	9408	8020	0
/SO/SO24030	9412	64584	0
/SO/SO24040	9444	65464	0
/SO/SO24050	9476	69672	0
/SO/SO24060	9511	67672	0
/SO/SO24130	9545	67120	0
/SO/SO24140	9578	68032	0
/SO/SO24150	9612	72368	0
/SO/SO24160	9648	70336	0
/SO/SO31020	9683	35572	0
/SO/SO41010	9701	9524	0
/SO/SO42010	9706	6644	0
/SO/SO48010	9710	6484	0
/STAFF	4018	182642	0
/STAGE	133	4096	1
/STAGE/BAKA	23430	4196	0
/STAGE/BAKURAI	23427	1828	0
/STAGE/BBOMB	23425	2292	0
/STAGE/BBOMB2	23638	2292	0
/STAGE/CLCNTRL	23435	44800	0
/STAGE/GYORAI	23433	2596	0
/STAGE/KTAMA	23421	2452	0
/STAGE/MBG0101	23253	62788	0
/STAGE/MBG0102	23284	74970	0
/STAGE/MBG0103	23545	62788	0
/STAGE/MBG0201	23166	81905	0
/STAGE/MBG0202	23206	94210	0
/STAGE/MBG0301	22942	81543	0
/STAGE/MBG0401	22982	90708	0
/STAGE/MBG0402	23027	99749	0
/STAGE/MBG0701	22234	41024	0
/STAGE/MBG0702	22255	67556	0
/STAGE/MBG0703	22744	79847	0
/STAGE/MBG0709	22288	79815	0
/STAGE/MBG0801	22644	53956	0
/STAGE/MBG0802	22671	72876	0
/STAGE/MBG0803	22905	75032	0
/STAGE/MBG0901	22116	111427	0
/STAGE/MBG0907	22061	111487	0
/STAGE/MBG1201	22533	106402	0
/STAGE/MBG1202	21837	98738	0
/STAGE/MBG1207	22327	106466	0
/STAGE/MBG1208	21955	98802	0
/STAGE/MBG1304	22820	68631	0
/STAGE/MBG1401	22019	84973	0
/STAGE/MBG1402	22411	104384	0
/STAGE/MBG1407	23102	46624	0
/STAGE/MBG1408	23076	52912	0
/STAGE/MBG1409	22171	73975	0
/STAGE/MBG1410	22854	104352	0
/STAGE/MBG1601	22379	65444	0
/STAGE/MBG1602	22783	75078	0
/STAGE/MBG1701	22462	63000	0
/STAGE/MBG1702	22493	81636	0
/STAGE/MBG1704	21886	69179	0
/STAGE/MBG1705	21920	71547	0
/STAGE/MBG1708	22585	68716	0
/STAGE/MBG1709	22619	49371	0
/STAGE/MBG1710	22707	75032	0
/STAGE/MBG2001	23363	84376	0
/STAGE/MBG2002	23321	84376	0
/STAGE/MBG2101	23405	31700	0
/STAGE/MBG2222	23718	13824	0
/STAGE/MOTTBL	23125	82926	0
/STAGE/NLWORK	22004	30548	0
/STAGE/NLWORKC	23576	41908	0
/STAGE/NLWORKF	23618	39736	0
/STAGE/NLWORKR	23597	41908	0
/STAGE/PTAMA	23428	2084	0
/STAGE/RGBCOL.BIN	23457	179200	0
/STAGE/SFXSPR.BIN	23640	157832	0
/STAGE/STAMA	23423	2452	0
/STAGE/STG00	22208	51872	0
/STAN	3652	84480	0
/SUNA	4699	23399	0
/SYS	3568	84480	0
/TO	135	2048	1
/TO/TO02010	5780	8244	0
/TO/TO02020	5797	9924	0
/TO/TO02030	5785	10916	0
/TO/TO02040	5802	9940	0
/TO/TO02050	5791	10628	0
/TO/TO07010	5807	11956	0
/TO/TO08010	5813	13028	0
/TO/TO08020	5820	13652	0
/TO/TO12010	5827	11064	0
/TO/TO13010	5774	10824	0
/X00	136	6144	1
/X00/C0000000	23759	218	0
/X00/C0001000	23760	218	0
/X00/C0010000	23761	218	0
/X00/C0011000	23762	218	0
/X00/C0020000	23909	218	0
/X00/C0020010	23763	218	0
/X00/C0021000	23910	218	0
/X00/C0021010	23764	218	0
/X00/C0031000	23765	218	0
/X00/C0040000	23766	218	0
/X00/C0041000	23911	218	0
/X00/C0041010	23767	218	0
/X00/C0050000	23768	218	0
/X00/C0051000	23769	218	0
/X00/C0060000	23770	218	0
/X00/C0061000	23771	218	0
/X00/C0070000	23772	156	0
/X00/C0080000	23912	156	0
/X00/C0081000	23913	156	0
/X00/C0090000	23914	156	0
/X00/C0091000	23915	156	0
/X00/C0099998	23916	156	0
/X00/C0099999	23917	218	0
/X00/X0000000	23725	2528	0
/X00/X0000001	23727	2528	0
/X00/X0000010	23729	2528	0
/X00/X0000020	23773	2528	0
/X00/X0000030	23775	2528	0
/X00/X0000040	23777	2528	0
/X00/X0000050	23779	2528	0
/X00/X0000060	23781	2528	0
/X00/X0000070	23783	2528	0
/X00/X0000080	23785	2528	0
/X00/X0001000	23731	2528	0
/X00/X0001010	23787	2528	0
/X00/X0001020	23789	2528	0
/X00/X0001030	23791	2528	0
/X00/X0001040	23793	2528	0
/X00/X0001050	23795	2528	0
/X00/X0001060	23797	2528	0
/X00/X0001070	23799	2528	0
/X00/X0001080	23801	2528	0
/X00/X0010000	23733	2528	0
/X00/X0010010	23803	2528	0
/X00/X0010020	23805	2528	0
/X00/X0010030	23807	2528	0
/X00/X0010040	23809	2528	0
/X00/X0010050	23811	2528	0
/X00/X0010060	23813	2528	0
/X00/X0011000	23735	2528	0
/X00/X0011010	23815	2528	0
/X00/X0011020	23817	2528	0
/X00/X0011030	23819	2528	0
/X00/X0011040	23821	2528	0
/X00/X0011050	23823	2528	0
/X00/X0011060	23825	2528	0
/X00/X0020000	23737	2528	0
/X00/X0020010	23827	2528	0
/X00/X0020020	23829	2528	0
/X00/X0020030	23831	2528	0
/X00/X0020040	23833	2528	0
/X00/X0021000	23739	2528	0
/X00/X0021010	23835	2528	0
/X00/X0021020	23837	2528	0
/X00/X0021030	23839	2528	0
/X00/X0021040	23841	2528	0
/X00/X0030000	23741	2528	0
/X00/X0030010	23843	2528	0
/X00/X0031000	23743	2528	0
/X00/X0031010	23845	2528	0
/X00/X0040000	23745	2528	0
/X00/X0040010	23847	2528	0
/X00/X0041000	23747	2528	0
/X00/X0041010	23849	2528	0
/X00/X0050000	23749	2528	0
/X00/X0050010	23851	2528	0
/X00/X0051000	23751	2528	0
/X00/X0051010	23853	2528	0
/X00/X0060000	23753	2528	0
/X00/X0060010	23855	2528	0
/X00/X0060020	23857	2528	0
/X00/X0061000	23755	2528	0
/X00/X0061010	23859	2528	0
/X00/X0061020	23861	2528	0
/X00/X0070000	23863	2528	0
/X00/X0070010	23875	2528	0
/X00/X0070020	23865	2528	0
/X00/X0070030	23877	2528	0
/X00/X0071000	23757	2528	0
/X00/X0071010	23887	2528	0
/X00/X0071020	23889	2528	0
/X00/X0071030	23891	2528	0
/X00/X0080000	23867	2528	0
/X00/X0080010	23879	2528	0
/X00/X0080020	23869	2528	0
/X00/X0080030	23881	2528	0
/X00/X0081000	23893	2528	0
/X00/X0081010	23895	2528	0
/X00/X0081020	23897	2528	0
/X00/X0081030	23899	2528	0
/X00/X0090000	23871	2528	0
/X00/X0090010	23883	2528	0
/X00/X0090020	23873	2528	0
/X00/X0090030	23885	2528	0
/X00/X0091000	23901	2528	0
/X00/X0091010	23903	2528	0
/X00/X0091020	23905	2528	0
/X00/X0091030	23907	2528	0
/X01	139	4096	1
/X01/C0100000	23934	156	0
/X01/C0110000	23935	156	0
/X01/C0120000	23936	156	0
/X01/C0130000	23937	156	0
/X01/C0140000	24038	156	0
/X01/C0141000	24039	156	0
/X01/C0150000	24040	156	0
/X01/C0151000	24041	156	0
/X01/C0160000	24042	156	0
/X01/C0161000	23941	156	0
/X01/C0161010	24043	156	0
/X01/C0170000	23938	156	0
/X01/C0180000	23939	156	0
/X01/C0190000	23940	156	0
/X01/X0100000	23942	2528	0
/X01/X0100010	23950	2528	0
/X01/X0100020	23944	2528	0
/X01/X0100030	23952	2528	0
/X01/X0101000	23918	2528	0
/X01/X0101010	23958	2528	0
/X01/X0101020	23960	2528	0
/X01/X0101030	23962	2528	0
/X01/X0110000	23964	2528	0
/X01/X0110010	23968	2528	0
/X01/X0110020	23966	2528	0
/X01/X0110030	23970	2528	0
/X01/X0111000	23920	2528	0
/X01/X0111010	23972	2528	0
/X01/X0111020	23974	2528	0
/X01/X0111030	23976	2528	0
/X01/X0120000	23978	2528	0
/X01/X0120010	23982	2528	0
/X01/X0120020	23980	2528	0
/X01/X0120030	23984	2528	0
/X01/X0121000	23922	2528	0
/X01/X0121010	23986	2528	0
/X01/X0121020	23988	2528	0
/X01/X0121030	23990	2528	0
/X01/X0130000	23992	2528	0
/X01/X0130010	23994	2528	0
/X01/X0131000	23924	2528	0
/X01/X0131010	24004	2528	0
/X01/X0140000	23996	2528	0
/X01/X0140010	23998	2528	0
/X01/X0141000	24006	2528	0
/X01/X0141010	24008	2528	0
/X01/X0150000	24000	2528	0
/X01/X0150010	24002	2528	0
/X01/X0151000	24010	2528	0
/X01/X0151010	24012	2528	0
/X01/X0160000	24014	2528	0
/X01/X0160010	24016	2528	0
/X01/X0161000	23926	2528	0
/X01/X0161010	24018	2528	0
/X01/X0170000	24020	2528	0
/X01/X0170010	24022	2528	0
/X01/X0171000	23928	2528	0
/X01/X0171010	24024	2528	0
/X01/X0180000	24026	2528	0
/X01/X0180010	24028	2528	0
/X01/X0181000	23930	2528	0
/X01/X0181010	24030	2528	0
/X01/X0190000	23946	2528	0
/X01/X0190010	23954	2528	0
/X01/X0190020	23948	2528	0
/X01/X0190030	23956	2528	0
/X01/X0191000	23932	2528	0
/X01/X0191010	24032	2528	0
/X01/X0191020	24034	2528	0
/X01/X0191030	24036	2528	0
/X02	141	4096	1
/X02/C0200000	24153	156	0
/X02/C0201000	24154	156	0
/X02/C0210000	24155	156	0
/X02/C0211000	24156	156	0
/X02/C0220000	24054	156	0
/X02/C0230000	24157	156	0
/X02/C0231000	24158	156	0
/X02/C0240000	24055	156	0
/X02/C0250000	24056	156	0
/X02/C0260000	24159	156	0
/X02/C0261000	24160	156	0
/X02/C0270000	24161	156	0
/X02/C0270010	24167	156	0
/X02/C0271000	24162	156	0
/X02/C0271010	24168	156	0
/X02/C0280000	24057	156	0
/X02/C0290000	24058	156	0
/X02/X0200000	24059	2528	0
/X02/X0200010	24071	2528	0
/X02/X0200020	24061	2528	0
/X02/X0200030	24073	2528	0
/X02/X0201000	24169	2528	0
/X02/X0201010	24171	2528	0
/X02/X0201020	24173	2528	0
/X02/X0201030	24175	2528	0
/X02/X0210000	24063	2528	0
/X02/X0210010	24075	2528	0
/X02/X0210020	24065	2528	0
/X02/X0210030	24077	2528	0
/X02/X0211000	24163	2528	0
/X02/X0211010	24165	2528	0
/X02/X0211020	24177	2528	0
/X02/X0211030	24179	2528	0
/X02/X0220000	24067	2528	0
/X02/X0220010	24079	2528	0
/X02/X0220020	24069	2528	0
/X02/X0220030	24081	2528	0
/X02/X0221000	24044	2528	0
/X02/X0221010	24119	2528	0
/X02/X0221020	24121	2528	0
/X02/X0221030	24123	2528	0
/X02/X0230000	24083	2528	0
/X02/X0230010	24087	2528	0
/X02/X0230020	24085	2528	0
/X02/X0230030	24089	2528	0
/X02/X0231000	24046	2528	0
/X02/X0231010	24129	2528	0
/X02/X0231020	24131	2528	0
/X02/X0231030	24133	2528	0
/X02/X0240000	24091	2528	0
/X02/X0240010	24095	2528	0
/X02/X0240020	24093	2528	0
/X02/X0240030	24097	2528	0
/X02/X0241000	24048	2528	0
/X02/X0241010	24135	2528	0
/X02/X0241020	24137	2528	0
/X02/X0241030	24139	2528	0
/X02/X0250000	24099	2528	0
/X02/X0250010	24101	2528	0
/X02/X0251000	24050	2528	0
/X02/X0251010	24141	2528	0
/X02/X0260000	24103	2528	0
/X02/X0260010	24105	2528	0
/X02/X0261000	24143	2528	0
/X02/X0261010	24145	2528	0
/X02/X0270000	24107	2528	0
/X02/X0270010	24109	2528	0
/X02/X0271000	24147	2528	0
/X02/X0271010	24149	2528	0
/X02/X0280000	24111	2528	0
/X02/X0280010	24113	2528	0
/X02/X0281000	24125	2528	0
/X02/X0281010	24127	2528	0
/X02/X0290000	24115	2528	0
/X02/X0290010	24117	2528	0
/X02/X0291000	24052	2528	0
/X02/X0291010	24151	2528	0
/X03	143	8192	1
/X03/C0300000	24209	156	0
/X03/C0310000	24210	218	0
/X03/C0320000	24435	218	0
/X03/C0321000	24436	218	0
/X03/C0330000	24437	218	0
/X03/C0331000	24438	218	0
/X03/C0340000	24439	218	0
/X03/C0340010	24444	218	0
/X03/C0340020	24445	218	0
/X03/C0340030	24446	218	0
/X03/C0340040	24447	218	0
/X03/C0340050	24448	218	0
/X03/C0340060	24449	218	0
/X03/C0340070	24450	218	0
/X03/C0341000	24211	218	0
/X03/C0341010	24451	218	0
/X03/C0341020	24452	218	0
/X03/C0341030	24453	218	0
/X03/C0341040	24454	218	0
/X03/C0341050	24455	218	0
/X03/C0341060	24456	218	0
/X03/C0341070	24457	218	0
/X03/C0350000	24212	156	0
/X03/C0360000	24213	156	0
/X03/C0370000	24214	218	0
/X03/C0380000	24440	218	0
/X03/C0381000	24441	218	0
/X03/C0390000	24442	218	0
/X03/C0391000	24443	218	0
/X03/X0300000	24401	2528	0
/X03/X0300010	24403	2528	0
/X03/X0301000	24181	2528	0
/X03/X0301010	24405	2528	0
/X03/X0310000	24183	2528	0
/X03/X0310010	24215	2528	0
/X03/X0310020	24185	2528	0
/X03/X0310030	24241	2528	0
/X03/X0310040	24217	2528	0
/X03/X0310050	24219	2528	0
/X03/X0310060	24243	2528	0
/X03/X0310070	24245	2528	0
/X03/X0311000	24187	2528	0
/X03/X0311010	24271	2528	0
/X03/X0311020	24189	2528	0
/X03/X0311030	24273	2528	0
/X03/X0311040	24275	2528	0
/X03/X0311050	24277	2528	0
/X03/X0311060	24279	2528	0
/X03/X0311070	24281	2528	0
/X03/X0320000	24221	2528	0
/X03/X0320010	24223	2528	0
/X03/X0320020	24247	2528	0
/X03/X0320030	24249	2528	0
/X03/X0320040	24225	2528	0
/X03/X0320050	24227	2528	0
/X03/X0320060	24251	2528	0
/X03/X0320070	24253	2528	0
/X03/X0321000	24283	2528	0
/X03/X0321010	24285	2528	0
/X03/X0321020	24287	2528	0
/X03/X0321030	24289	2528	0
/X03/X0321040	24291	2528	0
/X03/X0321050	24293	2528	0
/X03/X0321060	24295	2528	0
/X03/X0321070	24297	2528	0
/X03/X0330000	24229	2528	0
/X03/X0330010	24231	2528	0
/X03/X0330020	24255	2528	0
/X03/X0330030	24257	2528	0
/X03/X0330040	24233	2528	0
/X03/X0330050	24235	2528	0
/X03/X0330060	24259	2528	0
/X03/X0330070	24261	2528	0
/X03/X0331000	24299	2528	0
/X03/X0331010	24301	2528	0
/X03/X0331020	24303	2528	0
/X03/X0331030	24305	2528	0
/X03/X0331040	24307	2528	0
/X03/X0331050	24309	2528	0
/X03/X0331060	24311	2528	0
/X03/X0331070	24313	2528	0
/X03/X0340000	24315	2528	0
/X03/X0340010	24317	2528	0
/X03/X0340020	24263	2528	0
/X03/X0340030	24265	2528	0
/X03/X0340040	24237	2528	0
/X03/X0340050	24239	2528	0
/X03/X0340060	24267	2528	0
/X03/X0340070	24269	2528	0
/X03/X0341000	24191	2528	0
/X03/X0341010	24319	2528	0
/X03/X0341020	24321	2528	0
/X03/X0341030	24323	2528	0
/X03/X0341040	24325	2528	0
/X03/X0341050	24327	2528	0
/X03/X0341060	24329	2528	0
/X03/X0341070	24331	2528	0
/X03/X0350000	24193	2528	0
/X03/X0350010	24377	2528	0
/X03/X0350020	24195	2528	0
/X03/X0350030	24383	2528	0
/X03/X0350040	24379	2528	0
/X03/X0350050	24381	2528	0
/X03/X0350060	24385	2528	0
/X03/X0350070	24387	2528	0
/X03/X0351000	24197	2528	0
/X03/X0351010	24407	2528	0
/X03/X0351020	24409	2528	0
/X03/X0351030	24411	2528	0
/X03/X0351040	24413	2528	0
/X03/X0351050	24415	2528	0
/X03/X0351060	24417	2528	0
/X03/X0351070	24419	2528	0
/X03/X0360000	24199	2528	0
/X03/X0360010	24389	2528	0
/X03/X0360020	24201	2528	0
/X03/X0360030	24395	2528	0
/X03/X0360040	24391	2528	0
/X03/X0360050	24393	2528	0
/X03/X0360060	24397	2528	0
/X03/X0360070	24399	2528	0
/X03/X0361000	24203	2528	0
/X03/X0361010	24421	2528	0
/X03/X0361020	24423	2528	0
/X03/X0361030	24425	2528	0
/X03/X0361040	24427	2528	0
/X03/X0361050	24429	2528	0
/X03/X0361060	24431	2528	0
/X03/X0361070	24433	2528	0
/X03/X0370000	24205	2528	0
/X03/X0370010	24333	2528	0
/X03/X0370020	24335	2528	0
/X03/X0370030	24337	2528	0
/X03/X0371000	24207	2528	0
/X03/X0371010	24355	2528	0
/X03/X0371020	24357	2528	0
/X03/X0371030	24359	2528	0
/X03/X0380000	24339	2528	0
/X03/X0380010	24341	2528	0
/X03/X0380020	24343	2528	0
/X03/X0380030	24345	2528	0
/X03/X0381000	24361	2528	0
/X03/X0381010	24363	2528	0
/X03/X0381020	24365	2528	0
/X03/X0381030	24367	2528	0
/X03/X0390000	24347	2528	0
/X03/X0390010	24349	2528	0
/X03/X0390020	24351	2528	0
/X03/X0390030	24353	2528	0
/X03/X0391000	24369	2528	0
/X03/X0391010	24371	2528	0
/X03/X0391020	24373	2528	0
/X03/X0391030	24375	2528	0
/X04	147	10240	1
/X04/C0400000	24754	218	0
/X04/C0400010	24772	218	0
/X04/C0400020	24774	218	0
/X04/C0400030	24776	218	0
/X04/C0401000	24755	218	0
/X04/C0401010	24773	218	0
/X04/C0401020	24775	218	0
/X04/C0401030	24777	218	0
/X04/C0410000	24468	156	0
/X04/C0420000	24469	156	0
/X04/C0430000	24504	156	0
/X04/C0430010	24505	156	0
/X04/C0430020	24506	156	0
/X04/C0430080	24507	94	0
/X04/C0430090	24745	94	0
/X04/C0430100	24746	94	0
/X04/C0430110	24747	94	0
/X04/C0431000	24756	156	0
/X04/C0431080	24748	94	0
/X04/C0431090	24749	94	0
/X04/C0431100	24750	94	0
/X04/C0440000	24757	156	0
/X04/C0441000	24758	156	0
/X04/C0450000	24759	156	0
/X04/C0451000	24760	156	0
/X04/C0460000	24508	218	0
/X04/C0460020	24778	218	0
/X04/C0460040	24779	218	0
/X04/C0460060	24780	218	0
/X04/C0470000	24509	218	0
/X04/C0480000	24510	156	0
/X04/C0490000	24511	156	0
/X04/C0490010	24765	156	0
/X04/C0490020	24766	156	0
/X04/C0490030	24767	156	0
/X04/C0490040	24512	156	0
/X04/C0490050	24751	156	0
/X04/C0491000	24768	156	0
/X04/C0491010	24769	156	0
/X04/C0491020	24770	156	0
/X04/C0491030	24771	156	0
/X04/C0491040	24752	156	0
/X04/C0491050	24753	156	0
/X04/X0400000	24458	2528	0
/X04/X0400010	24557	2528	0
/X04/X0400020	24559	2528	0
/X04/X0400030	24561	2528	0
/X04/X0401000	24575	2528	0
/X04/X0401010	24577	2528	0
/X04/X0401020	24579	2528	0
/X04/X0401030	24581	2528	0
/X04/X0410000	24460	2528	0
/X04/X0410010	24563	2528	0
/X04/X0410020	24565	2528	0
/X04/X0410030	24567	2528	0
/X04/X0411000	24462	2528	0
/X04/X0411010	24583	2528	0
/X04/X0411020	24585	2528	0
/X04/X0411030	24587	2528	0
/X04/X0420000	24464	2528	0
/X04/X0420010	24569	2528	0
/X04/X0420020	24571	2528	0
/X04/X0420030	24573	2528	0
/X04/X0421000	24466	2528	0
/X04/X0421010	24589	2528	0
/X04/X0421020	24591	2528	0
/X04/X0421030	24593	2528	0
/X04/X0430000	24470	2528	0
/X04/X0430010	24595	2528	0
/X04/X0430020	24472	2528	0
/X04/X0430030	24621	2528	0
/X04/X0430040	24597	2528	0
/X04/X0430050	24599	2528	0
/X04/X0430060	24623	2528	0
/X04/X0430070	24625	2528	0
/X04/X0430080	24601	2528	0
/X04/X0430090	24627	2528	0
/X04/X0430100	24603	2528	0
/X04/X0430110	24629	2528	0
/X04/X0431000	24474	2528	0
/X04/X0431010	24476	2528	0
/X04/X0431020	24647	2528	0
/X04/X0431030	24669	2528	0
/X04/X0431040	24649	2528	0
/X04/X0431050	24671	2528	0
/X04/X0431060	24651	2528	0
/X04/X0431070	24673	2528	0
/X04/X0431080	24478	2528	0
/X04/X0431090	24691	2528	0
/X04/X0431100	24693	2528	0
/X04/X0431110	24695	2528	0
/X04/X0440000	24605	2528	0
/X04/X0440010	24607	2528	0
/X04/X0440020	24631	2528	0
/X04/X0440030	24633	2528	0
/X04/X0440040	24609	2528	0
/X04/X0440050	24611	2528	0
/X04/X0440060	24635	2528	0
/X04/X0440070	24637	2528	0
/X04/X0441000	24653	2528	0
/X04/X0441010	24675	2528	0
/X04/X0441020	24655	2528	0
/X04/X0441030	24677	2528	0
/X04/X0441040	24657	2528	0
/X04/X0441050	24679	2528	0
/X04/X0441060	24659	2528	0
/X04/X0441070	24681	2528	0
/X04/X0450000	24613	2528	0
/X04/X0450010	24615	2528	0
/X04/X0450020	24639	2528	0
/X04/X0450030	24641	2528	0
/X04/X0450040	24617	2528	0
/X04/X0450050	24619	2528	0
/X04/X0450060	24643	2528	0
/X04/X0450070	24645	2528	0
/X04/X0451000	24661	2528	0
/X04/X0451010	24683	2528	0
/X04/X0451020	24663	2528	0
/X04/X0451030	24685	2528	0
/X04/X0451040	24665	2528	0
/X04/X0451050	24687	2528	0
/X04/X0451060	24667	2528	0
/X04/X0451070	24689	2528	0
/X04/X0460000	24761	2528	0
/X04/X0460010	24513	2528	0
/X04/X0460020	24763	2528	0
/X04/X0460030	24519	2528	0
/X04/X0460040	24515	2528	0
/X04/X0460050	24517	2528	0
/X04/X0460060	24521	2528	0
/X04/X0460070	24523	2528	0
/X04/X0461000	24480	2528	0
/X04/X0461010	24482	2528	0
/X04/X0461020	24697	2528	0
/X04/X0461030	24703	2528	0
/X04/X0461040	24699	2528	0
/X04/X0461050	24705	2528	0
/X04/X0461060	24701	2528	0
/X04/X0461070	24707	2528	0
/X04/X0470000	24525	2528	0
/X04/X0470010	24527	2528	0
/X04/X0470020	24533	2528	0
/X04/X0470030	24535	2528	0
/X04/X0470040	24529	2528	0
/X04/X0470050	24531	2528	0
/X04/X0470060	24537	2528	0
/X04/X0470070	24539	2528	0
/X04/X0471000	24484	2528	0
/X04/X0471010	24486	2528	0
/X04/X0471020	24709	2528	0
/X04/X0471030	24715	2528	0
/X04/X0471040	24711	2528	0
/X04/X0471050	24717	2528	0
/X04/X0471060	24713	2528	0
/X04/X0471070	24719	2528	0
/X04/X0480000	24541	2528	0
/X04/X0480010	24543	2528	0
/X04/X0480020	24549	2528	0
/X04/X0480030	24551	2528	0
/X04/X0480040	24545	2528	0
/X04/X0480050	24547	2528	0
/X04/X0480060	24553	2528	0
/X04/X0480070	24555	2528	0
/X04/X0481000	24488	2528	0
/X04/X0481010	24490	2528	0
/X04/X0481020	24721	2528	0
/X04/X0481030	24727	2528	0
/X04/X0481040	24723	2528	0
/X04/X0481050	24729	2528	0
/X04/X0481060	24725	2528	0
/X04/X0481070	24731	2528	0
/X04/X0490000	24492	2528	0
/X04/X0490010	24733	2528	0
/X04/X0490020	24735	2528	0
/X04/X0490030	24737	2528	0
/X04/X0490040	24494	2528	0
/X04/X0490050	24739	2528	0
/X04/X0491000	24496	2528	0
/X04/X0491010	24498	2528	0
/X04/X0491020	24741	2528	0
/X04/X0491030	24743	2528	0
/X04/X0491040	24500	2528	0
/X04/X0491050	24502	2528	0
/X05	152	6144	1
/X05/C0500000	24866	156	0
/X05/C0501000	24867	156	0
/X05/C0510000	24868	156	0
/X05/C0511000	24869	156	0
/X05/C0520000	24795	156	0
/X05/C0520020	24886	156	0
/X05/C0521000	24989	156	0
/X05/C0521020	24990	156	0
/X05/C0530000	24796	156	0
/X05/C0540000	24797	156	0
/X05/C0550000	24798	156	0
/X05/C0550010	24913	156	0
/X05/C0550020	24914	156	0
/X05/C0550030	24915	156	0
/X05/C0551000	24916	156	0
/X05/C0551010	24917	156	0
/X05/C0551020	24918	156	0
/X05/C0551030	24919	156	0
/X05/C0560000	24870	156	0
/X05/C0560010	24920	156	0
/X05/C0560020	24921	156	0
/X05/C0560030	24922	156	0
/X05/C0561000	24871	156	0
/X05/C0561010	24923	156	0
/X05/C0561020	24924	156	0
/X05/C0561030	24925	156	0
/X05/C0570000	24872	156	0
/X05/C0570010	24970	156	0
/X05/C0570020	24971	156	0
/X05/C0570030	24972	156	0
/X05/C0571000	24873	156	0
/X05/C0571010	24973	156	0
/X05/C0571020	24974	156	0
/X05/C0571030	24975	156	0
/X05/C0580000	24874	218	0
/X05/C0580010	24976	218	0
/X05/C0580020	24977	218	0
/X05/C0580030	24978	218	0
/X05/C0581000	24875	218	0
/X05/C0581010	24979	218	0
/X05/C0581020	24980	218	0
/X05/C0581030	24981	218	0
/X05/C0590000	24799	218	0
/X05/C0590010	24982	218	0
/X05/C0590020	24983	218	0
/X05/C0590030	24984	218	0
/X05/C0591000	24985	94	0
/X05/C0591010	24986	94	0
/X05/C0591020	24987	94	0
/X05/C0591030	24988	94	0
/X05/X0500000	24800	2528	0
/X05/X0500010	24802	2528	0
/X05/X0500020	24804	2528	0
/X05/X0500030	24806	2528	0
/X05/X0501000	24816	2528	0
/X05/X0501010	24824	2528	0
/X05/X0501020	24826	2528	0
/X05/X0501030	24828	2528	0
/X05/X0510000	24808	2528	0
/X05/X0510010	24810	2528	0
/X05/X0510020	24812	2528	0
/X05/X0510030	24814	2528	0
/X05/X0511000	24818	2528	0
/X05/X0511010	24830	2528	0
/X05/X0511020	24832	2528	0
/X05/X0511030	24834	2528	0
/X05/X0520000	24781	2528	0
/X05/X0520010	24840	2528	0
/X05/X0520020	24842	2528	0
/X05/X0520030	24844	2528	0
/X05/X0521000	24783	2528	0
/X05/X0521010	24785	2528	0
/X05/X0521020	24846	2528	0
/X05/X0521030	24848	2528	0
/X05/X0530000	24787	2528	0
/X05/X0530010	24850	2528	0
/X05/X0530020	24852	2528	0
/X05/X0530030	24854	2528	0
/X05/X0531000	24820	2528	0
/X05/X0531010	24836	2528	0
/X05/X0531020	24822	2528	0
/X05/X0531030	24838	2528	0
/X05/X0540000	24789	2528	0
/X05/X0540010	24856	2528	0
/X05/X0540020	24858	2528	0
/X05/X0540030	24860	2528	0
/X05/X0541000	24791	2528	0
/X05/X0541010	24793	2528	0
/X05/X0541020	24864	2528	0
/X05/X0541030	24862	2528	0
/X05/X0550000	24876	2528	0
/X05/X0550010	24878	2528	0
/X05/X0550020	24887	2528	0
/X05/X0550030	24889	2528	0
/X05/X0551000	24880	2528	0
/X05/X0551010	24891	2528	0
/X05/X0551020	24893	2528	0
/X05/X0551030	24895	2528	0
/X05/X0560000	24897	2528	0
/X05/X0560010	24899	2528	0
/X05/X0560020	24901	2528	0
/X05/X0560030	24903	2528	0
/X05/X0561000	24905	2528	0
/X05/X0561010	24907	2528	0
/X05/X0561020	24909	2528	0
/X05/X0561030	24911	2528	0
/X05/X0570000	24926	2528	0
/X05/X0570010	24928	2528	0
/X05/X0570020	24930	2528	0
/X05/X0570030	24932	2528	0
/X05/X0571000	24934	2528	0
/X05/X0571010	24936	2528	0
/X05/X0571020	24938	2528	0
/X05/X0571030	24940	2528	0
/X05/X0580000	24942	2528	0
/X05/X0580010	24944	2528	0
/X05/X0580020	24946	2528	0
/X05/X0580030	24948	2528	0
/X05/X0581000	24950	2528	0
/X05/X0581010	24952	2528	0
/X05/X0581020	24954	2528	0
/X05/X0581030	24956	2528	0
/X05/X0590000	24882	2528	0
/X05/X0590010	24884	2528	0
/X05/X0590020	24958	2528	0
/X05/X0590030	24960	2528	0
/X05/X0591000	24962	2528	0
/X05/X0591010	24964	2528	0
/X05/X0591020	24966	2528	0
/X05/X0591030	24968	2528	0
/X06	155	10240	1
/X06/C0600000	24997	156	0
/X06/C0600010	25238	156	0
/X06/C0600020	25239	156	0
/X06/C0600030	25240	156	0
/X06/C0601000	25241	156	0
/X06/C0601010	25242	156	0
/X06/C0601020	25243	156	0
/X06/C0601030	25244	156	0
/X06/C0610000	24998	156	0
/X06/C0610010	25255	156	0
/X06/C0611000	25256	156	0
/X06/C0611010	25257	156	0
/X06/C0620000	25019	156	0
/X06/C0620010	25020	156	0
/X06/C0621000	25021	156	0
/X06/C0621010	25258	156	0
/X06/C0630000	25022	156	0
/X06/C0630010	25259	156	0
/X06/C0631000	25023	156	0
/X06/C0631010	25260	156	0
/X06/C0640000	25024	218	0
/X06/C0640010	25224	156	0
/X06/C0641000	25025	156	0
/X06/C0641010	25225	156	0
/X06/C0650000	24999	218	0
/X06/C0650010	25261	218	0
/X06/C0651000	25262	156	0
/X06/C0651010	25263	156	0
/X06/C0660000	25000	156	0
/X06/C0660010	25264	156	0
/X06/C0661000	25265	156	0
/X06/C0661010	25266	156	0
/X06/C0670000	25042	218	0
/X06/C0670010	25153	218	0
/X06/C0670020	25154	218	0
/X06/C0670030	25155	218	0
/X06/C0670040	25156	218	0
/X06/C0670050	25157	218	0
/X06/C0670060	25158	218	0
/X06/C0670070	25159	218	0
/X06/C0670080	25160	218	0
/X06/C0670090	25161	218	0
/X06/C0670100	25162	218	0
/X06/C0670110	25163	218	0
/X06/C0670120	25164	218	0
/X06/C0670130	25165	218	0
/X06/C0670140	25166	218	0
/X06/C0670150	25167	218	0
/X06/C0671000	25061	218	0
/X06/C0671010	25168	218	0
/X06/C0671020	25169	218	0
/X06/C0671030	25170	218	0
/X06/C0671040	25171	218	0
/X06/C0671050	25172	218	0
/X06/C0671060	25173	218	0
/X06/C0671070	25174	218	0
/X06/C0671080	25175	218	0
/X06/C0671090	25176	218	0
/X06/C0671100	25177	218	0
/X06/C0671110	25178	218	0
/X06/C0671120	25179	218	0
/X06/C0671130	25180	218	0
/X06/C0671140	25181	218	0
/X06/C0671150	25182	218	0
/X06/C0680000	25043	218	0
/X06/C0680010	25183	218	0
/X06/C0680020	25184	218	0
/X06/C0680030	25185	218	0
/X06/C0680040	25186	218	0
/X06/C0680050	25187	218	0
/X06/C0680060	25188	218	0
/X06/C0680070	25189	218	0
/X06/C0681000	25062	218	0
/X06/C0681010	25190	218	0
/X06/C0681020	25191	218	0
/X06/C0681030	25192	218	0
/X06/C0681040	25193	218	0
/X06/C0681050	25194	218	0
/X06/C0681060	25195	218	0
/X06/C0681070	25196	218	0
/X06/C0682010	25205	218	0
/X06/C0682020	25208	218	0
/X06/C0682030	25211	218	0
/X06/C0682040	25214	218	0
/X06/C0682050	25217	218	0
/X06/C0682060	25220	218	0
/X06/C0682070	25223	218	0
/X06/C0690000	25044	156	0
/X06/C0690010	25197	156	0
/X06/C0690020	25198	156	0
/X06/C0690030	25199	156	0
/X06/C0691010	25200	156	0
/X06/C0691020	25201	156	0
/X06/C0691030	25202	156	0
/X06/X0600000	25026	2528	0
/X06/X0600010	25028	2528	0
/X06/X0600020	25228	2528	0
/X06/X0600030	25230	2528	0
/X06/X0601000	25030	2528	0
/X06/X0601010	25232	2528	0
/X06/X0601020	25234	2528	0
/X06/X0601030	25236	2528	0
/X06/X0610000	24991	2528	0
/X06/X0610010	25001	2528	0
/X06/X0611000	25245	2528	0
/X06/X0611010	25226	2528	0
/X06/X0620000	25003	2528	0
/X06/X0620010	25005	2528	0
/X06/X0630000	25007	2528	0
/X06/X0630010	25009	2528	0
/X06/X0640000	25011	2528	0
/X06/X0640010	25013	2528	0
/X06/X0641000	25045	2528	0
/X06/X0641010	25047	2528	0
/X06/X0650000	24993	2528	0
/X06/X0650010	25015	2528	0
/X06/X0651000	25247	2528	0
/X06/X0651010	25249	2528	0
/X06/X0660000	24995	2528	0
/X06/X0660010	25017	2528	0
/X06/X0661000	25251	2528	0
/X06/X0661010	25253	2528	0
/X06/X0670000	25032	2528	0
/X06/X0670010	25034	2528	0
/X06/X0670020	25063	2528	0
/X06/X0670030	25065	2528	0
/X06/X0670040	25067	2528	0
/X06/X0670050	25069	2528	0
/X06/X0670060	25071	2528	0
/X06/X0670070	25073	2528	0
/X06/X0670080	25075	2528	0
/X06/X0670090	25077	2528	0
/X06/X0670100	25079	2528	0
/X06/X0670110	25081	2528	0
/X06/X0670120	25083	2528	0
/X06/X0670130	25085	2528	0
/X06/X0670140	25087	2528	0
/X06/X0670150	25089	2528	0
/X06/X0671000	25036	2528	0
/X06/X0671010	25049	2528	0
/X06/X0671020	25091	2528	0
/X06/X0671030	25093	2528	0
/X06/X0671040	25095	2528	0
/X06/X0671050	25097	2528	0
/X06/X0671060	25099	2528	0
/X06/X0671070	25101	2528	0
/X06/X0671080	25103	2528	0
/X06/X0671090	25105	2528	0
/X06/X0671100	25107	2528	0
/X06/X0671110	25109	2528	0
/X06/X0671120	25111	2528	0
/X06/X0671130	25113	2528	0
/X06/X0671140	25115	2528	0
/X06/X0671150	25117	2528	0
/X06/X0680000	25038	2528	0
/X06/X0680010	25119	2528	0
/X06/X0680020	25057	2528	0
/X06/X0680030	25121	2528	0
/X06/X0680040	25123	2528	0
/X06/X0680050	25125	2528	0
/X06/X0680060	25127	2528	0
/X06/X0680070	25129	2528	0
/X06/X0681000	25051	2528	0
/X06/X0681010	25131	2528	0
/X06/X0681020	25059	2528	0
/X06/X0681030	25133	2528	0
/X06/X0681040	25135	2528	0
/X06/X0681050	25137	2528	0
/X06/X0681060	25139	2528	0
/X06/X0681070	25141	2528	0
/X06/X0682010	25203	2528	0
/X06/X0682020	25206	2528	0
/X06/X0682030	25209	2528	0
/X06/X0682040	25212	2528	0
/X06/X0682050	25215	2528	0
/X06/X0682060	25218	2528	0
/X06/X0682070	25221	2528	0
/X06/X0690000	25053	2528	0
/X06/X0690010	25143	2528	0
/X06/X0690020	25145	2528	0
/X06/X0690030	25147	2528	0
/X06/X0691000	25040	2528	0
/X06/X0691010	25055	2528	0
/X06/X0691020	25149	2528	0
/X06/X0691030	25151	2528	0
/X07	160	4096	1
/X07/C0700000	25379	156	0
/X07/C0700010	25385	156	0
/X07/C0701000	25380	156	0
/X07/C0701010	25386	156	0
/X07/C0710000	25366	156	0
/X07/C0710010	25357	218	0
/X07/C0711000	25303	156	0
/X07/C0711010	25304	218	0
/X07/C0720000	25367	218	0
/X07/C0720010	25358	156	0
/X07/C0721000	25305	218	0
/X07/C0721010	25306	156	0
/X07/C0730000	25368	156	0
/X07/C0730010	25359	218	0
/X07/C0731000	25307	156	0
/X07/C0731010	25308	218	0
/X07/C0740000	25309	156	0
/X07/C0740010	25310	156	0
/X07/C0741000	25369	156	0
/X07/C0741010	25360	156	0
/X07/C0750000	25370	156	0
/X07/C0750010	25361	156	0
/X07/C0751000	25311	156	0
/X07/C0751010	25312	156	0
/X07/C0760000	25371	218	0
/X07/C0760010	25362	218	0
/X07/C0761000	25313	218	0
/X07/C0761010	25314	156	0
/X07/C0770000	25372	218	0
/X07/C0770010	25363	218	0
/X07/C0771000	25315	218	0
/X07/C0771010	25316	218	0
/X07/C0780000	25373	218	0
/X07/C0780010	25364	218	0
/X07/C0781000	25317	218	0
/X07/C0781010	25318	156	0
/X07/C0790000	25374	218	0
/X07/C0790010	25365	218	0
/X07/C0791000	25319	218	0
/X07/C0791010	25320	218	0
/X07/X0700000	25375	2528	0
/X07/X0700010	25381	2528	0
/X07/X0701000	25377	2528	0
/X07/X0701010	25383	2528	0
/X07/X0710000	25267	2528	0
/X07/X0710010	25269	2528	0
/X07/X0711000	25271	2528	0
/X07/X0711010	25273	2528	0
/X07/X0720000	25321	2528	0
/X07/X0720010	25331	2528	0
/X07/X0721000	25341	2528	0
/X07/X0721010	25353	2528	0
/X07/X0730000	25323	2528	0
/X07/X0730010	25333	2528	0
/X07/X0731000	25343	2528	0
/X07/X0731010	25355	2528	0
/X07/X0740000	25275	2528	0
/X07/X0740010	25277	2528	0
/X07/X0741000	25279	2528	0
/X07/X0741010	25281	2528	0
/X07/X0750000	25283	2528	0
/X07/X0750010	25285	2528	0
/X07/X0751000	25287	2528	0
/X07/X0751010	25325	2528	0
/X07/X0760000	25289	2528	0
/X07/X0760010	25291	2528	0
/X07/X0761000	25293	2528	0
/X07/X0761010	25335	2528	0
/X07/X0770000	25295	2528	0
/X07/X0770010	25297	2528	0
/X07/X0771000	25299	2528	0
/X07/X0771010	25301	2528	0
/X07/X0780000	25327	2528	0
/X07/X0780010	25337	2528	0
/X07/X0781000	25345	2528	0
/X07/X0781010	25349	2528	0
/X07/X0790000	25329	2528	0
/X07/X0790010	25339	2528	0
/X07/X0791000	25347	2528	0
/X07/X0791010	25351	2528	0
/X08	162	8192	1
/X08/C0800000	25461	156	0
/X08/C0800010	25462	156	0
/X08/C0801000	25533	156	0
/X08/C0801010	25515	156	0
/X08/C0810000	25534	218	0
/X08/C0810010	25516	218	0
/X08/C0811000	25463	218	0
/X08/C0811010	25464	218	0
/X08/C0820000	25535	156	0
/X08/C0820010	25517	218	0
/X08/C0821000	25465	156	0
/X08/C0821010	25466	218	0
/X08/C0830000	25536	156	0
/X08/C0830010	25518	156	0
/X08/C0830020	25519	156	0
/X08/C0830030	25520	156	0
/X08/C0831000	25467	156	0
/X08/C0831010	25468	156	0
/X08/C0831020	25469	156	0
/X08/C0831030	25470	156	0
/X08/C0840000	25537	156	0
/X08/C0840010	25521	156	0
/X08/C0840020	25522	156	0
/X08/C0840030	25523	156	0
/X08/C0841000	25471	156	0
/X08/C0841010	25472	156	0
/X08/C0841020	25473	156	0
/X08/C0841030	25474	156	0
/X08/C0850000	25538	156	0
/X08/C0850010	25524	218	0
/X08/C0850020	25525	156	0
/X08/C0850030	25526	156	0
/X08/C0851000	25475	156	0
/X08/C0851010	25598	156	0
/X08/C0851020	25476	156	0
/X08/C0851030	25477	156	0
/X08/C0860000	25478	156	0
/X08/C0860010	25599	156	0
/X08/C0860020	25479	156	0
/X08/C0860030	25480	156	0
/X08/C0861000	25539	156	0
/X08/C0861010	25527	156	0
/X08/C0861020	25528	156	0
/X08/C0861030	25529	156	0
/X08/C0870000	25540	218	0
/X08/C0870010	25530	218	0
/X08/C0870020	25531	218	0
/X08/C0870030	25532	218	0
/X08/C0871000	25481	218	0
/X08/C0871010	25482	218	0
/X08/C0871020	25483	218	0
/X08/C0871030	25484	218	0
/X08/C0880000	25586	218	0
/X08/C0880010	25583	156	0
/X08/C0880020	25584	218	0
/X08/C0880030	25585	156	0
/X08/C0881000	25573	218	0
/X08/C0881010	25574	156	0
/X08/C0881020	25575	218	0
/X08/C0881030	25576	156	0
/X08/C0890000	25591	156	0
/X08/C0890010	25593	280	0
/X08/C0890020	25602	156	0
/X08/C0890030	25600	280	0
/X08/C0890040	25592	156	0
/X08/C0890050	25601	156	0
/X08/C0891000	25577	156	0
/X08/C0891010	25578	156	0
/X08/C0891020	25579	156	0
/X08/C0891030	25580	156	0
/X08/C0891040	25581	156	0
/X08/C0891050	25582	156	0
/X08/X0800000	25387	2528	0
/X08/X0800010	25389	2528	0
/X08/X0801000	25391	2528	0
/X08/X0801010	25393	2528	0
/X08/X0810000	25395	2528	0
/X08/X0810010	25397	2528	0
/X08/X0811000	25399	2528	0
/X08/X0811010	25501	2528	0
/X08/X0820000	25401	2528	0
/X08/X0820010	25403	2528	0
/X08/X0821000	25405	2528	0
/X08/X0821010	25407	2528	0
/X08/X0830000	25409	2528	0
/X08/X0830010	25411	2528	0
/X08/X0830020	25413	2528	0
/X08/X0830030	25415	2528	0
/X08/X0831000	25417	2528	0
/X08/X0831010	25419	2528	0
/X08/X0831020	25421	2528	0
/X08/X0831030	25423	2528	0
/X08/X0840000	25485	2528	0
/X08/X0840010	25493	2528	0
/X08/X0840020	25503	2528	0
/X08/X0840030	25507	2528	0
/X08/X0841000	25489	2528	0
/X08/X0841010	25497	2528	0
/X08/X0841020	25505	2528	0
/X08/X0841030	25511	2528	0
/X08/X0850000	25487	2528	0
/X08/X0850010	25495	2528	0
/X08/X0850020	25425	2528	0
/X08/X0850030	25509	2528	0
/X08/X0851000	25491	2528	0
/X08/X0851010	25499	2528	0
/X08/X0851020	25427	2528	0
/X08/X0851030	25513	2528	0
/X08/X0860000	25429	2528	0
/X08/X0860010	25431	2528	0
/X08/X0860020	25433	2528	0
/X08/X0860030	25435	2528	0
/X08/X0861000	25437	2528	0
/X08/X0861010	25439	2528	0
/X08/X0861020	25441	2528	0
/X08/X0861030	25443	2528	0
/X08/X0870000	25445	2528	0
/X08/X0870010	25447	2528	0
/X08/X0870020	25449	2528	0
/X08/X0870030	25451	2528	0
/X08/X0871000	25453	2528	0
/X08/X0871010	25455	2528	0
/X08/X0871020	25457	2528	0
/X08/X0871030	25459	2528	0
/X08/X0880000	25541	2528	0
/X08/X0880010	25543	2528	0
/X08/X0880020	25545	2528	0
/X08/X0880030	25547	2528	0
/X08/X0881000	25549	2528	0
/X08/X0881010	25551	2528	0
/X08/X0881020	25553	2528	0
/X08/X0881030	25555	2528	0
/X08/X0890000	25557	2528	0
/X08/X0890010	25587	2528	0
/X08/X0890020	25559	2528	0
/X08/X0890030	25594	2528	0
/X08/X0890040	25561	2528	0
/X08/X0890050	25563	2528	0
/X08/X0891000	25565	2528	0
/X08/X0891010	25567	2528	0
/X08/X0891020	25589	2528	0
/X08/X0891030	25596	2528	0
/X08/X0891040	25569	2528	0
/X08/X0891050	25571	2528	0
/X09	166	6144	1
/X09/C0900000	25721	156	0
/X09/C0900010	25737	156	0
/X09/C0900020	25752	156	0
/X09/C0900030	25738	156	0
/X09/C0901000	25639	156	0
/X09/C0901010	25640	156	0
/X09/C0901020	25641	156	0
/X09/C0901030	25739	156	0
/X09/C0910000	25747	156	0
/X09/C0910010	25758	156	0
/X09/C0910020	25753	156	0
/X09/C0910030	25761	156	0
/X09/C0911000	25642	156	0
/X09/C0911010	25643	156	0
/X09/C0911020	25644	156	0
/X09/C0911030	25645	156	0
/X09/C0920000	25688	218	0
/X09/C0920010	25689	218	0
/X09/C0920020	25748	218	0
/X09/C0920030	25690	218	0
/X09/C0921000	25722	218	0
/X09/C0921010	25750	218	0
/X09/C0921020	25749	218	0
/X09/C0921030	25751	218	0
/X09/C0930000	25723	156	0
/X09/C0930010	25740	156	0
/X09/C0930020	25741	156	0
/X09/C0930030	25742	156	0
/X09/C0931000	25646	156	0
/X09/C0931010	25647	156	0
/X09/C0931020	25648	156	0
/X09/C0931030	25649	156	0
/X09/C0940000	25724	156	0
/X09/C0940010	25743	218	0
/X09/C0940020	25744	156	0
/X09/C0940030	25745	218	0
/X09/C0941000	25691	218	0
/X09/C0941010	25692	218	0
/X09/C0941020	25693	218	0
/X09/C0941030	25694	218	0
/X09/C0950000	25725	218	0
/X09/C0950010	25764	218	0
/X09/C0951000	25695	156	0
/X09/C0951010	25696	156	0
/X09/C0960000	25726	218	0
/X09/C0960010	25769	218	0
/X09/C0961000	25697	156	0
/X09/C0961010	25698	156	0
/X09/C0970000	25727	218	0
/X09/C0970010	25774	218	0
/X09/C0971000	25699	156	0
/X09/C0971010	25700	156	0
/X09/C0980000	25701	156	0
/X09/C0980010	25702	156	0
/X09/C0990000	25728	218	0
/X09/C0990010	25746	218	0
/X09/C0991000	25703	156	0
/X09/C0991010	25704	156	0
/X09/X0900000	25603	2528	0
/X09/X0900010	25711	2528	0
/X09/X0900020	25605	2528	0
/X09/X0900030	25754	2528	0
/X09/X0901000	25607	2528	0
/X09/X0901010	25609	2528	0
/X09/X0901020	25611	2528	0
/X09/X0901030	25613	2528	0
/X09/X0910000	25615	2528	0
/X09/X0910010	25756	2528	0
/X09/X0910020	25617	2528	0
/X09/X0910030	25759	2528	0
/X09/X0911000	25619	2528	0
/X09/X0911010	25621	2528	0
/X09/X0911020	25623	2528	0
/X09/X0911030	25625	2528	0
/X09/X0920000	25650	2528	0
/X09/X0920010	25652	2528	0
/X09/X0920020	25707	2528	0
/X09/X0920030	25729	2528	0
/X09/X0921000	25654	2528	0
/X09/X0921010	25705	2528	0
/X09/X0921020	25656	2528	0
/X09/X0921030	25731	2528	0
/X09/X0930000	25627	2528	0
/X09/X0930010	25713	2528	0
/X09/X0930020	25629	2528	0
/X09/X0930030	25733	2528	0
/X09/X0931000	25631	2528	0
/X09/X0931010	25633	2528	0
/X09/X0931020	25635	2528	0
/X09/X0931030	25637	2528	0
/X09/X0940000	25658	2528	0
/X09/X0940010	25715	2528	0
/X09/X0940020	25660	2528	0
/X09/X0940030	25735	2528	0
/X09/X0941000	25662	2528	0
/X09/X0941010	25664	2528	0
/X09/X0941020	25666	2528	0
/X09/X0941030	25668	2528	0
/X09/X0950000	25670	2528	0
/X09/X0950010	25672	2528	0
/X09/X0951000	25674	2528	0
/X09/X0951010	25762	2528	0
/X09/X0951020	25717	2528	0
/X09/X0960000	25775	2528	0
/X09/X0960010	25765	2528	0
/X09/X0961000	25777	2528	0
/X09/X0961010	25767	2528	0
/X09/X0970000	25779	2528	0
/X09/X0970010	25770	2528	0
/X09/X0971000	25781	2528	0
/X09/X0971010	25772	2528	0
/X09/X0980000	25676	2528	0
/X09/X0980010	25709	2528	0
/X09/X0981000	25678	2528	0
/X09/X0981010	25680	2528	0
/X09/X0990000	25682	2528	0
/X09/X0990010	25684	2528	0
/X09/X0991000	25686	2528	0
/X09/X0991010	25719	2528	0
/X10	169	4096	1
/X10/C1000000	25863	156	0
/X10/C1000010	25894	156	0
/X10/C1001000	25864	218	0
/X10/C1001010	25850	218	0
/X10/C1010000	25865	156	0
/X10/C1010010	25887	156	0
/X10/C1010020	25888	156	0
/X10/C1010030	25889	156	0
/X10/C1010040	25890	156	0
/X10/C1010050	25891	156	0
/X10/C1010060	25851	156	0
/X10/C1010070	25852	156	0
/X10/C1011000	25853	156	0
/X10/C1011010	25854	156	0
/X10/C1011020	25855	156	0
/X10/C1011030	25856	156	0
/X10/C1011040	25857	156	0
/X10/C1011050	25858	156	0
/X10/C1011060	25892	156	0
/X10/C1011070	25893	156	0
/X10/C1020000	25870	156	0
/X10/C1020010	25895	156	0
/X10/C1021000	25859	156	0
/X10/C1021010	25860	156	0
/X10/C1030000	25803	218	0
/X10/C1031000	25793	218	0
/X10/C1040000	25804	156	0
/X10/C1041000	25794	156	0
/X10/C1050000	25805	218	0
/X10/C1051000	25795	218	0
/X10/C1060000	25796	218	0
/X10/C1061000	25806	218	0
/X10/C1070000	25819	218	0
/X10/C1071000	25871	218	0
/X10/C1080000	25820	218	0
/X10/C1090000	25821	218	0
/X10/C1091000	25872	218	0
/X10/X1000000	25822	2528	0
/X10/X1000010	25824	2528	0
/X10/X1001000	25826	2528	0
/X10/X1001010	25866	2528	0
/X10/X1010000	25828	2528	0
/X10/X1010010	25830	2528	0
/X10/X1010020	25873	2528	0
/X10/X1010030	25875	2528	0
/X10/X1010040	25832	2528	0
/X10/X1010050	25877	2528	0
/X10/X1010060	25834	2528	0
/X10/X1010070	25879	2528	0
/X10/X1011000	25836	2528	0
/X10/X1011010	25861	2528	0
/X10/X1011020	25881	2528	0
/X10/X1011030	25883	2528	0
/X10/X1011040	25838	2528	0
/X10/X1011050	25885	2528	0
/X10/X1011060	25840	2528	0
/X10/X1011070	25842	2528	0
/X10/X1020000	25844	2528	0
/X10/X1020010	25846	2528	0
/X10/X1021000	25848	2528	0
/X10/X1021010	25868	2528	0
/X10/X1030000	25783	2528	0
/X10/X1031000	25785	2528	0
/X10/X1040000	25797	2528	0
/X10/X1041000	25801	2528	0
/X10/X1050000	25799	2528	0
/X10/X1051000	25787	2528	0
/X10/X1060000	25789	2528	0
/X10/X1061000	25791	2528	0
/X10/X1070000	25807	2528	0
/X10/X1071000	25809	2528	0
/X10/X1080000	25811	2528	0
/X10/X1081000	25813	2528	0
/X10/X1090000	25815	2528	0
/X10/X1091000	25817	2528	0
/X11	171	6144	1
/X11/C1100000	25934	218	0
/X11/C1100001	25900	218	0
/X11/C1100010	26027	218	0
/X11/C1101000	25979	218	0
/X11/C1101010	26028	218	0
/X11/C1110000	25964	218	0
/X11/C1110001	25901	218	0
/X11/C1110020	25965	218	0
/X11/C1111000	25980	218	0
/X11/C1111001	25994	218	0
/X11/C1111010	26031	218	0
/X11/C1111020	26034	218	0
/X11/C1120000	25981	218	0
/X11/C1120001	25902	218	0
/X11/C1121000	25982	218	0
/X11/C1121001	25976	218	0
/X11/C1121010	26037	218	0
/X11/C1130000	25983	218	0
/X11/C1130001	25915	218	0
/X11/C1131000	25984	218	0
/X11/C1131001	25977	218	0
/X11/C1131010	26040	218	0
/X11/C1140000	25966	218	0
/X11/C1140001	25916	218	0
/X11/C1141000	25967	218	0
/X11/C1141001	25978	218	0
/X11/C1150000	25968	218	0
/X11/C1150001	25935	218	0
/X11/C1150011	25999	218	0
/X11/C1160000	25969	218	0
/X11/C1160001	25973	218	0
/X11/C1160011	26008	218	0
/X11/C1161000	25970	218	0
/X11/C1161010	26049	218	0
/X11/C1170000	25917	218	0
/X11/C1170001	25974	218	0
/X11/C1170011	26017	218	0
/X11/C1171000	25975	156	0
/X11/C1180000	26070	218	0
/X11/C1180001	25936	218	0
/X11/C1180011	25989	218	0
/X11/C1181000	26071	218	0
/X11/C1190000	26072	218	0
/X11/C1190001	25937	218	0
/X11/C1190011	26022	218	0
/X11/C1191000	26073	218	0
/X11/X1100000	25918	2528	0
/X11/X1100001	26050	2528	0
/X11/X1100010	26023	2528	0
/X11/X1101000	25920	2528	0
/X11/X1101001	26052	2528	0
/X11/X1101010	26025	2528	0
/X11/X1110000	25938	2528	0
/X11/X1110001	25990	2528	0
/X11/X1110010	25940	2528	0
/X11/X1110020	25942	2528	0
/X11/X1111000	25944	2528	0
/X11/X1111001	25992	2528	0
/X11/X1111010	26029	2528	0
/X11/X1111020	26032	2528	0
/X11/X1120000	26054	2528	0
/X11/X1120001	25896	2528	0
/X11/X1120010	26041	2528	0
/X11/X1121000	26056	2528	0
/X11/X1121001	25898	2528	0
/X11/X1121010	26035	2528	0
/X11/X1130000	26058	2528	0
/X11/X1130001	25903	2528	0
/X11/X1130010	26043	2528	0
/X11/X1131000	26060	2528	0
/X11/X1131001	25905	2528	0
/X11/X1131010	26038	2528	0
/X11/X1140000	25946	2528	0
/X11/X1140001	25907	2528	0
/X11/X1140010	25948	2528	0
/X11/X1141000	25950	2528	0
/X11/X1141001	25909	2528	0
/X11/X1141010	25971	2528	0
/X11/X1150000	25952	2528	0
/X11/X1150001	25922	2528	0
/X11/X1150010	25954	2528	0
/X11/X1150011	25995	2528	0
/X11/X1151000	25956	2528	0
/X11/X1151001	25924	2528	0
/X11/X1151010	26045	2528	0
/X11/X1151011	25997	2528	0
/X11/X1160000	25958	2528	0
/X11/X1160001	26000	2528	0
/X11/X1160010	25960	2528	0
/X11/X1160011	26004	2528	0
/X11/X1161000	25962	2528	0
/X11/X1161001	26002	2528	0
/X11/X1161010	26047	2528	0
/X11/X1161011	26006	2528	0
/X11/X1170000	25911	2528	0
/X11/X1170001	26009	2528	0
/X11/X1170011	26013	2528	0
/X11/X1171000	25913	2528	0
/X11/X1171001	26011	2528	0
/X11/X1171011	26015	2528	0
/X11/X1180000	26062	2528	0
/X11/X1180001	25926	2528	0
/X11/X1180011	25985	2528	0
/X11/X1181000	26064	2528	0
/X11/X1181001	25928	2528	0
/X11/X1181011	25987	2528	0
/X11/X1190000	26066	2528	0
/X11/X1190001	25930	2528	0
/X11/X1190011	26018	2528	0
/X11/X1191000	26068	2528	0
/X11/X1191001	25932	2528	0
/X11/X1191011	26020	2528	0
/X12	174	4096	1
/X12/C1200000	26096	156	0
/X12/C1210000	26097	156	0
/X12/C1220000	26098	94	0
/X12/C1230000	26099	94	0
/X12/C1230010	26157	94	0
/X12/C1230020	26158	94	0
/X12/C1230030	26100	156	0
/X12/C1231000	26114	156	0
/X12/C1231010	26159	156	0
/X12/C1231020	26160	156	0
/X12/C1231030	26161	218	0
/X12/C1240000	26115	156	0
/X12/C1241000	26116	218	0
/X12/C1250000	26101	218	0
/X12/C1250010	26131	218	0
/X12/C1251000	26102	218	0
/X12/C1251010	26132	156	0
/X12/C1260000	26103	218	0
/X12/C1260001	26104	156	0
/X12/C1260010	26133	218	0
/X12/C1261000	26105	218	0
/X12/C1261010	26134	218	0
/X12/C1270000	26135	218	0
/X12/C1270010	26143	280	0
/X12/C1271000	26136	218	0
/X12/C1271010	26144	218	0
/X12/C1280000	26145	280	0
/X12/C1281000	26146	218	0
/X12/C1290000	26147	218	0
/X12/C1291000	26148	218	0
/X12/X1200000	26074	2528	0
/X12/X1201000	26076	2528	0
/X12/X1210000	26078	2528	0
/X12/X1211000	26080	2528	0
/X12/X1220000	26082	2528	0
/X12/X1221000	26084	2528	0
/X12/X1230000	26106	2528	0
/X12/X1230010	26149	2528	0
/X12/X1230020	26151	2528	0
/X12/X1230030	26086	2528	0
/X12/X1231000	26108	2528	0
/X12/X1231010	26153	2528	0
/X12/X1231020	26155	2528	0
/X12/X1231030	26088	2528	0
/X12/X1240000	26110	2528	0
/X12/X1241000	26112	2528	0
/X12/X1250000	26090	2528	0
/X12/X1250010	26117	2528	0
/X12/X1251000	26092	2528	0
/X12/X1251010	26119	2528	0
/X12/X1260000	26094	2528	0
/X12/X1260010	26121	2528	0
/X12/X1261000	26123	2528	0
/X12/X1261010	26125	2528	0
/X12/X1270000	26127	2528	0
/X12/X1270010	26129	2528	0
/X12/X1280000	26137	2528	0
/X12/X1281000	26139	2528	0
/X12/X1290000	26141	2528	0
/X12/X1291000	26162	2528	0
/X13	176	12288	1
/X13/C1310000	26392	156	0
/X13/C1310010	26503	156	0
/X13/C1310040	26501	156	0
/X13/C1310050	26504	156	0
/X13/C1311000	26393	156	0
/X13/C1311010	26505	156	0
/X13/C1311040	26502	156	0
/X13/C1311050	26506	156	0
/X13/C1320000	26394	156	0
/X13/C1321000	26395	156	0
/X13/C1330000	26396	156	0
/X13/C1331000	26397	156	0
/X13/C1340000	26398	156	0
/X13/C1340010	26542	156	0
/X13/C1340020	26510	156	0
/X13/C1340021	26522	156	0
/X13/C1340030	26511	156	0
/X13/C1340031	26523	156	0
/X13/C1340040	26543	156	0
/X13/C1340050	26544	156	0
/X13/C1340060	26545	156	0
/X13/C1341000	26399	156	0
/X13/C1341010	26546	156	0
/X13/C1341020	26512	156	0
/X13/C1341021	26524	156	0
/X13/C1341030	26513	156	0
/X13/C1341031	26525	156	0
/X13/C1341040	26547	156	0
/X13/C1341050	26548	156	0
/X13/C1341060	26549	156	0
/X13/C1350000	26400	156	0
/X13/C1351000	26401	156	0
/X13/C1360000	26402	156	0
/X13/C1361000	26403	156	0
/X13/C1370000	26507	156	0
/X13/C1370010	26470	156	0
/X13/C1370020	26471	156	0
/X13/C1370030	26472	156	0
/X13/C1370040	26404	156	0
/X13/C1370050	26473	156	0
/X13/C1370060	26474	156	0
/X13/C1370070	26475	156	0
/X13/C1370080	26476	156	0
/X13/C1370090	26477	156	0
/X13/C1371000	26405	156	0
/X13/C1371020	26526	156	0
/X13/C1371030	26527	156	0
/X13/C1371040	26528	156	0
/X13/C1371050	26529	156	0
/X13/C1371060	26530	156	0
/X13/C1371070	26531	156	0
/X13/C1371080	26532	156	0
/X13/C1371090	26533	156	0
/X13/C1380000	26508	156	0
/X13/C1380010	26478	156	0
/X13/C1380020	26479	156	0
/X13/C1380030	26480	156	0
/X13/C1380040	26406	156	0
/X13/C1380050	26481	156	0
/X13/C1380060	26482	156	0
/X13/C1380070	26483	156	0
/X13/C1380080	26484	156	0
/X13/C1380090	26485	156	0
/X13/C1381000	26407	156	0
/X13/C1381010	26534	156	0
/X13/C1381020	26535	156	0
/X13/C1381030	26536	156	0
/X13/C1381040	26486	156	0
/X13/C1381050	26488	156	0
/X13/C1381060	26487	156	0
/X13/C1381070	26489	156	0
/X13/C1381080	26550	156	0
/X13/C1381090	26551	156	0
/X13/C1390000	26509	156	0
/X13/C1390010	26490	156	0
/X13/C1390020	26491	156	0
/X13/C1390030	26492	156	0
/X13/C1390040	26408	156	0
/X13/C1390050	26537	156	0
/X13/C1390080	26493	156	0
/X13/C1390090	26494	156	0
/X13/C1391000	26409	156	0
/X13/C1391020	26538	156	0
/X13/C1391030	26539	156	0
/X13/C1391040	26495	156	0
/X13/C1391050	26497	156	0
/X13/C1391060	26496	156	0
/X13/C1391070	26498	156	0
/X13/C1391080	26540	156	0
/X13/C1391090	26541	156	0
/X13/X1300000	26499	2528	0
/X13/X1310000	26164	2528	0
/X13/X1310010	26166	2528	0
/X13/X1310020	26168	2528	0
/X13/X1310030	26170	2528	0
/X13/X1310040	26172	2528	0
/X13/X1310050	26174	2528	0
/X13/X1310060	26176	2528	0
/X13/X1311000	26178	2528	0
/X13/X1311010	26180	2528	0
/X13/X1311020	26182	2528	0
/X13/X1311030	26184	2528	0
/X13/X1311040	26186	2528	0
/X13/X1311050	26188	2528	0
/X13/X1311060	26190	2528	0
/X13/X1320000	26192	2528	0
/X13/X1320010	26194	2528	0
/X13/X1320020	26196	2528	0
/X13/X1320030	26198	2528	0
/X13/X1320040	26200	2528	0
/X13/X1320050	26202	2528	0
/X13/X1320060	26204	2528	0
/X13/X1321000	26206	2528	0
/X13/X1321010	26208	2528	0
/X13/X1321020	26210	2528	0
/X13/X1321030	26212	2528	0
/X13/X1321040	26214	2528	0
/X13/X1321050	26216	2528	0
/X13/X1321060	26218	2528	0
/X13/X1330000	26220	2528	0
/X13/X1330010	26222	2528	0
/X13/X1330020	26224	2528	0
/X13/X1330030	26226	2528	0
/X13/X1330040	26228	2528	0
/X13/X1330050	26230	2528	0
/X13/X1330060	26232	2528	0
/X13/X1331000	26234	2528	0
/X13/X1331010	26236	2528	0
/X13/X1331020	26238	2528	0
/X13/X1331030	26240	2528	0
/X13/X1331040	26242	2528	0
/X13/X1331050	26244	2528	0
/X13/X1331060	26246	2528	0
/X13/X1340000	26248	2528	0
/X13/X1340010	26250	2528	0
/X13/X1340020	26252	2528	0
/X13/X1340021	26514	2528	0
/X13/X1340030	26254	2528	0
/X13/X1340031	26516	2528	0
/X13/X1340040	26256	2528	0
/X13/X1340050	26258	2528	0
/X13/X1340060	26260	2528	0
/X13/X1341000	26262	2528	0
/X13/X1341010	26264	2528	0
/X13/X1341020	26266	2528	0
/X13/X1341021	26518	2528	0
/X13/X1341030	26268	2528	0
/X13/X1341031	26520	2528	0
/X13/X1341040	26270	2528	0
/X13/X1341050	26272	2528	0
/X13/X1341060	26274	2528	0
/X13/X1350000	26276	2528	0
/X13/X1350010	26278	2528	0
/X13/X1350020	26280	2528	0
/X13/X1350030	26282	2528	0
/X13/X1350040	26284	2528	0
/X13/X1350050	26286	2528	0
/X13/X1350060	26288	2528	0
/X13/X1351000	26290	2528	0
/X13/X1351010	26292	2528	0
/X13/X1351020	26294	2528	0
/X13/X1351030	26296	2528	0
/X13/X1351040	26298	2528	0
/X13/X1351050	26300	2528	0
/X13/X1351060	26302	2528	0
/X13/X1360000	26304	2528	0
/X13/X1360010	26306	2528	0
/X13/X1360020	26308	2528	0
/X13/X1360030	26310	2528	0
/X13/X1360040	26312	2528	0
/X13/X1360050	26314	2528	0
/X13/X1360060	26316	2528	0
/X13/X1361000	26318	2528	0
/X13/X1361010	26320	2528	0
/X13/X1361020	26322	2528	0
/X13/X1361030	26324	2528	0
/X13/X1361040	26326	2528	0
/X13/X1361050	26328	2528	0
/X13/X1361060	26330	2528	0
/X13/X1370000	26410	2528	0
/X13/X1370010	26412	2528	0
/X13/X1370020	26414	2528	0
/X13/X1370030	26416	2528	0
/X13/X1370040	26332	2528	0
/X13/X1370050	26334	2528	0
/X13/X1370060	26336	2528	0
/X13/X1370070	26338	2528	0
/X13/X1370080	26418	2528	0
/X13/X1370090	26420	2528	0
/X13/X1371000	26340	2528	0
/X13/X1371010	26342	2528	0
/X13/X1371020	26344	2528	0
/X13/X1371030	26346	2528	0
/X13/X1371040	26422	2528	0
/X13/X1371050	26426	2528	0
/X13/X1371060	26424	2528	0
/X13/X1371070	26428	2528	0
/X13/X1371080	26348	2528	0
/X13/X1371090	26350	2528	0
/X13/X1380000	26430	2528	0
/X13/X1380010	26432	2528	0
/X13/X1380020	26434	2528	0
/X13/X1380030	26436	2528	0
/X13/X1380040	26352	2528	0
/X13/X1380050	26354	2528	0
/X13/X1380060	26356	2528	0
/X13/X1380070	26358	2528	0
/X13/X1380080	26438	2528	0
/X13/X1380090	26440	2528	0
/X13/X1381000	26360	2528	0
/X13/X1381010	26362	2528	0
/X13/X1381020	26364	2528	0
/X13/X1381030	26366	2528	0
/X13/X1381040	26442	2528	0
/X13/X1381050	26446	2528	0
/X13/X1381060	26444	2528	0
/X13/X1381070	26448	2528	0
/X13/X1381080	26368	2528	0
/X13/X1381090	26370	2528	0
/X13/X1390000	26450	2528	0
/X13/X1390010	26452	2528	0
/X13/X1390020	26454	2528	0
/X13/X1390030	26456	2528	0
/X13/X1390040	26372	2528	0
/X13/X1390050	26374	2528	0
/X13/X1390060	26376	2528	0
/X13/X1390070	26378	2528	0
/X13/X1390080	26458	2528	0
/X13/X1390090	26460	2528	0
/X13/X1391000	26380	2528	0
/X13/X1391010	26382	2528	0
/X13/X1391020	26384	2528	0
/X13/X1391030	26386	2528	0
/X13/X1391040	26462	2528	0
/X13/X1391050	26466	2528	0
/X13/X1391060	26464	2528	0
/X13/X1391070	26468	2528	0
/X13/X1391080	26388	2528	0
/X13/X1391090	26390	2528	0
/X14	182	8192	1
/X14/C1400000	26768	156	0
/X14/C1401000	26769	156	0
/X14/C1410000	26770	156	0
/X14/C1411000	26771	156	0
/X14/C1420000	26772	156	0
/X14/C1421000	26773	156	0
/X14/C1430000	26774	156	0
/X14/C1430010	26799	156	0
/X14/C1430020	26800	156	0
/X14/C1430030	26801	156	0
/X14/C1431000	26775	156	0
/X14/C1431010	26802	156	0
/X14/C1431020	26803	156	0
/X14/C1431030	26804	156	0
/X14/C1440000	26776	156	0
/X14/C1440010	26809	156	0
/X14/C1440020	26810	156	0
/X14/C1440030	26811	156	0
/X14/C1441000	26777	156	0
/X14/C1441010	26812	156	0
/X14/C1441020	26813	156	0
/X14/C1441030	26814	156	0
/X14/C1450000	26778	156	0
/X14/C1450010	26815	156	0
/X14/C1450020	26816	156	0
/X14/C1450030	26817	156	0
/X14/C1451000	26779	156	0
/X14/C1451010	26818	156	0
/X14/C1451020	26819	156	0
/X14/C1451030	26820	156	0
/X14/C1460000	26780	156	0
/X14/C1461000	26781	156	0
/X14/C1470000	26782	156	0
/X14/C1471000	26783	156	0
/X14/C1481000	26784	156	0
/X14/C1490000	26797	156	0
/X14/C1491000	26798	156	0
/X14/X1400000	26552	2528	0
/X14/X1400010	26554	2528	0
/X14/X1400020	26556	2528	0
/X14/X1400030	26558	2528	0
/X14/X1400040	26560	2528	0
/X14/X1400050	26562	2528	0
/X14/X1400060	26564	2528	0
/X14/X1400070	26566	2528	0
/X14/X1400080	26568	2528	0
/X14/X1400090	26570	2528	0
/X14/X1401000	26572	2528	0
/X14/X1401010	26574	2528	0
/X14/X1401020	26576	2528	0
/X14/X1401030	26578	2528	0
/X14/X1401040	26580	2528	0
/X14/X1401050	26582	2528	0
/X14/X1401060	26584	2528	0
/X14/X1401070	26586	2528	0
/X14/X1401080	26588	2528	0
/X14/X1401090	26590	2528	0
/X14/X1410000	26592	2528	0
/X14/X1410010	26594	2528	0
/X14/X1410020	26596	2528	0
/X14/X1410030	26598	2528	0
/X14/X1410040	26600	2528	0
/X14/X1410050	26602	2528	0
/X14/X1410060	26604	2528	0
/X14/X1410070	26606	2528	0
/X14/X1410080	26608	2528	0
/X14/X1410090	26610	2528	0
/X14/X1411000	26612	2528	0
/X14/X1411010	26614	2528	0
/X14/X1411020	26616	2528	0
/X14/X1411030	26618	2528	0
/X14/X1411040	26620	2528	0
/X14/X1411050	26622	2528	0
/X14/X1411060	26624	2528	0
/X14/X1411070	26626	2528	0
/X14/X1411080	26628	2528	0
/X14/X1411090	26630	2528	0
/X14/X1420000	26632	2528	0
/X14/X1420010	26634	2528	0
/X14/X1420020	26636	2528	0
/X14/X1420030	26638	2528	0
/X14/X1420040	26640	2528	0
/X14/X1420050	26642	2528	0
/X14/X1420060	26644	2528	0
/X14/X1420070	26646	2528	0
/X14/X1420080	26648	2528	0
/X14/X1420090	26650	2528	0
/X14/X1421000	26652	2528	0
/X14/X1421010	26654	2528	0
/X14/X1421020	26656	2528	0
/X14/X1421030	26658	2528	0
/X14/X1421040	26660	2528	0
/X14/X1421050	26662	2528	0
/X14/X1421060	26664	2528	0
/X14/X1421070	26666	2528	0
/X14/X1421080	26668	2528	0
/X14/X1421090	26670	2528	0
/X14/X1430000	26672	2528	0
/X14/X1430010	26674	2528	0
/X14/X1430020	26676	2528	0
/X14/X1430030	26678	2528	0
/X14/X1431000	26680	2528	0
/X14/X1431010	26682	2528	0
/X14/X1431020	26684	2528	0
/X14/X1431030	26686	2528	0
/X14/X1440000	26688	2528	0
/X14/X1440001	26805	2528	0
/X14/X1440010	26690	2528	0
/X14/X1440020	26692	2528	0
/X14/X1440030	26694	2528	0
/X14/X1441000	26696	2528	0
/X14/X1441001	26807	2528	0
/X14/X1441010	26698	2528	0
/X14/X1441020	26700	2528	0
/X14/X1441030	26702	2528	0
/X14/X1450000	26704	2528	0
/X14/X1450010	26706	2528	0
/X14/X1450020	26708	2528	0
/X14/X1450030	26710	2528	0
/X14/X1451000	26712	2528	0
/X14/X1451010	26714	2528	0
/X14/X1451020	26716	2528	0
/X14/X1451030	26718	2528	0
/X14/X1460000	26720	2528	0
/X14/X1460010	26722	2528	0
/X14/X1460020	26724	2528	0
/X14/X1460030	26726	2528	0
/X14/X1461000	26728	2528	0
/X14/X1461010	26730	2528	0
/X14/X1461020	26732	2528	0
/X14/X1461030	26734	2528	0
/X14/X1470000	26736	2528	0
/X14/X1470010	26738	2528	0
/X14/X1470020	26740	2528	0
/X14/X1470030	26742	2528	0
/X14/X1471000	26744	2528	0
/X14/X1471010	26746	2528	0
/X14/X1471020	26748	2528	0
/X14/X1471030	26750	2528	0
/X14/X1480000	26752	2528	0
/X14/X1480010	26754	2528	0
/X14/X1480020	26756	2528	0
/X14/X1480030	26758	2528	0
/X14/X1481000	26760	2528	0
/X14/X1481010	26762	2528	0
/X14/X1481020	26764	2528	0
/X14/X1481030	26766	2528	0
/X14/X1490000	26785	2528	0
/X14/X1490010	26787	2528	0
/X14/X1490020	26789	2528	0
/X14/X1491000	26791	2528	0
/X14/X1491010	26793	2528	0
/X14/X1491020	26795	2528	0
/X15	186	4096	1
/X15/C1500000	26921	156	0
/X15/C1501000	26922	156	0
/X15/C1510000	26923	156	0
/X15/C1511000	26924	156	0
/X15/C1520000	26925	156	0
/X15/C1520010	26943	156	0
/X15/C1520020	26944	156	0
/X15/C1521000	26926	156	0
/X15/C1521010	26945	156	0
/X15/C1521020	26946	156	0
/X15/C1530000	26927	156	0
/X15/C1531000	26928	156	0
/X15/C1540000	26929	156	0
/X15/C1541000	26930	156	0
/X15/C1550000	26931	156	0
/X15/C1551000	26932	156	0
/X15/C1560000	26933	156	0
/X15/C1561000	26934	156	0
/X15/C1570000	26935	156	0
/X15/C1571000	26936	156	0
/X15/C1580000	26937	156	0
/X15/C1581000	26938	156	0
/X15/C1590000	26947	156	0
/X15/C1590010	26948	156	0
/X15/C1591000	26949	156	0
/X15/C1591010	26950	156	0
/X15/X1500000	26821	2528	0
/X15/X1500010	26823	2528	0
/X15/X1500020	26825	2528	0
/X15/X1501000	26827	2528	0
/X15/X1501010	26829	2528	0
/X15/X1501020	26831	2528	0
/X15/X1510000	26833	2528	0
/X15/X1510010	26835	2528	0
/X15/X1510020	26837	2528	0
/X15/X1511000	26839	2528	0
/X15/X1511010	26841	2528	0
/X15/X1511020	26843	2528	0
/X15/X1520000	26845	2528	0
/X15/X1520010	26847	2528	0
/X15/X1520020	26849	2528	0
/X15/X1521000	26851	2528	0
/X15/X1521010	26853	2528	0
/X15/X1521020	26855	2528	0
/X15/X1530000	26857	2528	0
/X15/X1530010	26859	2528	0
/X15/X1530020	26861	2528	0
/X15/X1531000	26863	2528	0
/X15/X1531010	26865	2528	0
/X15/X1531020	26867	2528	0
/X15/X1540000	26869	2528	0
/X15/X1540010	26871	2528	0
/X15/X1540020	26873	2528	0
/X15/X1541000	26875	2528	0
/X15/X1541010	26877	2528	0
/X15/X1541020	26879	2528	0
/X15/X1550000	26881	2528	0
/X15/X1550010	26883	2528	0
/X15/X1551000	26885	2528	0
/X15/X1551010	26887	2528	0
/X15/X1560000	26889	2528	0
/X15/X1560010	26891	2528	0
/X15/X1561000	26893	2528	0
/X15/X1561010	26895	2528	0
/X15/X1570000	26897	2528	0
/X15/X1570010	26899	2528	0
/X15/X1571000	26901	2528	0
/X15/X1571010	26903	2528	0
/X15/X1580000	26905	2528	0
/X15/X1580010	26907	2528	0
/X15/X1581000	26909	2528	0
/X15/X1581010	26911	2528	0
/X15/X1582000	26939	2528	0
/X15/X1582010	26941	2528	0
/X15/X1590000	26913	2528	0
/X15/X1590010	26915	2528	0
/X15/X1591000	26917	2528	0
/X15/X1591010	26919	2528	0
/X16	188	8192	1
/X16/C1600000	26959	156	0
/X16/C1601000	26960	156	0
/X16/C1610000	27139	156	0
/X16/C1610040	27206	156	0
/X16/C1611000	27202	156	0
/X16/C1611040	27214	156	0
/X16/C1620000	27203	156	0
/X16/C1621000	27204	156	0
/X16/C1630000	27205	156	0
/X16/C1630010	27211	156	0
/X16/C1630020	27212	156	0
/X16/C1630030	27213	156	0
/X16/C1631020	27215	156	0
/X16/C1631030	27216	156	0
/X16/C1640000	27208	156	0
/X16/C1641000	27207	156	0
/X16/C1650000	27005	156	0
/X16/C1650060	27006	156	0
/X16/C1651000	27007	156	0
/X16/C1651060	27008	156	0
/X16/C1660000	27041	156	0
/X16/C1661000	27042	156	0
/X16/C1670000	27209	156	0
/X16/C1671000	27210	156	0
/X16/C1680000	27217	156	0
/X16/C1680010	27218	156	0
/X16/C1680020	27219	156	0
/X16/C1680030	27220	156	0
/X16/C1680040	27221	156	0
/X16/C1680050	27222	156	0
/X16/C1680060	27223	156	0
/X16/C1680070	27224	156	0
/X16/C1690000	27140	156	0
/X16/C1691000	27201	156	0
/X16/X1600000	26951	2528	0
/X16/X1600010	26953	2528	0
/X16/X1601000	26955	2528	0
/X16/X1601010	26957	2528	0
/X16/X1610000	27141	2528	0
/X16/X1610010	27143	2528	0
/X16/X1610020	27145	2528	0
/X16/X1610030	27147	2528	0
/X16/X1610040	27149	2528	0
/X16/X1610050	27151	2528	0
/X16/X1611000	27153	2528	0
/X16/X1611010	27155	2528	0
/X16/X1611020	27157	2528	0
/X16/X1611030	27159	2528	0
/X16/X1611040	27161	2528	0
/X16/X1611050	27163	2528	0
/X16/X1620000	27165	2528	0
/X16/X1620010	27167	2528	0
/X16/X1620020	27169	2528	0
/X16/X1621000	27171	2528	0
/X16/X1621010	27173	2528	0
/X16/X1621020	27175	2528	0
/X16/X1630000	27177	2528	0
/X16/X1630010	27179	2528	0
/X16/X1630020	27181	2528	0
/X16/X1630030	27183	2528	0
/X16/X1631000	27185	2528	0
/X16/X1631010	27187	2528	0
/X16/X1631020	27189	2528	0
/X16/X1631030	27191	2528	0
/X16/X1640000	27193	2528	0
/X16/X1640010	27195	2528	0
/X16/X1641000	27197	2528	0
/X16/X1641010	27199	2528	0
/X16/X1650000	26961	2528	0
/X16/X1650010	26963	2528	0
/X16/X1650020	26965	2528	0
/X16/X1650030	26967	2528	0
/X16/X1650040	26969	2528	0
/X16/X1650050	26971	2528	0
/X16/X1650060	26973	2528	0
/X16/X1650070	26975	2528	0
/X16/X1650080	26977	2528	0
/X16/X1650090	26979	2528	0
/X16/X1650100	26981	2528	0
/X16/X1651000	26983	2528	0
/X16/X1651010	26985	2528	0
/X16/X1651020	26987	2528	0
/X16/X1651030	26989	2528	0
/X16/X1651040	26991	2528	0
/X16/X1651050	26993	2528	0
/X16/X1651060	26995	2528	0
/X16/X1651070	26997	2528	0
/X16/X1651080	26999	2528	0
/X16/X1651090	27001	2528	0
/X16/X1651100	27003	2528	0
/X16/X1660000	27009	2528	0
/X16/X1660010	27011	2528	0
/X16/X1660020	27013	2528	0
/X16/X1660030	27015	2528	0
/X16/X1660040	27017	2528	0
/X16/X1660050	27019	2528	0
/X16/X1660060	27021	2528	0
/X16/X1660070	27023	2528	0
/X16/X1661000	27025	2528	0
/X16/X1661010	27027	2528	0
/X16/X1661020	27029	2528	0
/X16/X1661030	27031	2528	0
/X16/X1661040	27033	2528	0
/X16/X1661050	27035	2528	0
/X16/X1661060	27037	2528	0
/X16/X1661070	27039	2528	0
/X16/X1670000	27043	2528	0
/X16/X1670010	27045	2528	0
/X16/X1670020	27047	2528	0
/X16/X1670030	27049	2528	0
/X16/X1670040	27051	2528	0
/X16/X1670050	27053	2528	0
/X16/X1670060	27055	2528	0
/X16/X1670070	27057	2528	0
/X16/X1671000	27059	2528	0
/X16/X1671010	27061	2528	0
/X16/X1671020	27063	2528	0
/X16/X1671030	27065	2528	0
/X16/X1671040	27067	2528	0
/X16/X1671050	27069	2528	0
/X16/X1671060	27071	2528	0
/X16/X1671070	27073	2528	0
/X16/X1680000	27075	2528	0
/X16/X1680010	27077	2528	0
/X16/X1680020	27079	2528	0
/X16/X1680030	27081	2528	0
/X16/X1680040	27083	2528	0
/X16/X1680050	27085	2528	0
/X16/X1680060	27087	2528	0
/X16/X1680070	27089	2528	0
/X16/X1681000	27091	2528	0
/X16/X1681010	27093	2528	0
/X16/X1681020	27095	2528	0
/X16/X1681030	27097	2528	0
/X16/X1681040	27099	2528	0
/X16/X1681050	27101	2528	0
/X16/X1681060	27103	2528	0
/X16/X1681070	27105	2528	0
/X16/X1690000	27107	2528	0
/X16/X1690010	27109	2528	0
/X16/X1690020	27111	2528	0
/X16/X1690030	27113	2528	0
/X16/X1690040	27115	2528	0
/X16/X1690050	27117	2528	0
/X16/X1690060	27119	2528	0
/X16/X1690070	27121	2528	0
/X16/X1691000	27123	2528	0
/X16/X1691010	27125	2528	0
/X16/X1691020	27127	2528	0
/X16/X1691030	27129	2528	0
/X16/X1691040	27131	2528	0
/X16/X1691050	27133	2528	0
/X16/X1691060	27135	2528	0
/X16/X1691070	27137	2528	0
/X17	192	10240	1
/X17/C1700000	27439	156	0
/X17/C1701000	27257	156	0
/X17/C1710000	27481	156	0
/X17/C1710010	27482	156	0
/X17/C1710020	27483	156	0
/X17/C1710030	27484	156	0
/X17/C1710040	27305	1706	0
/X17/C1710050	27485	1706	0
/X17/C1710060	27486	156	0
/X17/C1710070	27487	156	0
/X17/C1711000	27488	156	0
/X17/C1711010	27489	156	0
/X17/C1711020	27490	156	0
/X17/C1711030	27491	156	0
/X17/C1711040	27306	156	0
/X17/C1711050	27492	156	0
/X17/C1711060	27493	156	0
/X17/C1711070	27494	156	0
/X17/C1720000	27495	156	0
/X17/C1720010	27510	156	0
/X17/C1720020	27511	156	0
/X17/C1720030	27512	156	0
/X17/C1720040	27513	156	0
/X17/C1720050	27514	156	0
/X17/C1721000	27496	156	0
/X17/C1721010	27515	156	0
/X17/C1721020	27516	156	0
/X17/C1721030	27517	156	0
/X17/C1721040	27518	156	0
/X17/C1721050	27519	156	0
/X17/C1730000	27258	156	0
/X17/C1731000	27440	156	0
/X17/C1740000	27504	156	0
/X17/C1740010	27505	156	0
/X17/C1740020	27506	156	0
/X17/C1740030	27507	156	0
/X17/C1740040	27508	156	0
/X17/C1740050	27509	156	0
/X17/C1741000	27532	156	0
/X17/C1741010	27533	156	0
/X17/C1741020	27534	156	0
/X17/C1741030	27535	156	0
/X17/C1741040	27536	156	0
/X17/C1741050	27537	156	0
/X17/C1750000	27497	156	0
/X17/C1751000	27498	156	0
/X17/C1751010	27499	156	0
/X17/C1751020	27500	156	0
/X17/C1751030	27501	156	0
/X17/C1751040	27502	156	0
/X17/C1751050	27503	156	0
/X17/C1760000	27520	94	0
/X17/C1760010	27521	94	0
/X17/C1760020	27522	94	0
/X17/C1760030	27523	94	0
/X17/C1760040	27524	94	0
/X17/C1760050	27525	94	0
/X17/C1761000	27526	156	0
/X17/C1761010	27527	156	0
/X17/C1761020	27528	156	0
/X17/C1761030	27529	156	0
/X17/C1761040	27530	156	0
/X17/C1761050	27531	156	0
/X17/C1770000	27307	156	0
/X17/C1770010	27469	156	0
/X17/C1770020	27470	156	0
/X17/C1770030	27471	156	0
/X17/C1770040	27472	156	0
/X17/C1770050	27473	156	0
/X17/C1771000	27308	156	0
/X17/C1771010	27474	156	0
/X17/C1771020	27475	156	0
/X17/C1771030	27476	156	0
/X17/C1771040	27477	156	0
/X17/C1771050	27478	156	0
/X17/C1780000	27309	156	0
/X17/C1780010	27479	156	0
/X17/C1781000	27310	156	0
/X17/C1781010	27480	156	0
/X17/C1790000	27311	156	0
/X17/C1791000	27312	156	0
/X17/X1700000	27225	2528	0
/X17/X1700010	27227	2528	0
/X17/X1700020	27229	2528	0
/X17/X1700030	27231	2528	0
/X17/X1700040	27233	2528	0
/X17/X1700050	27235	2528	0
/X17/X1700060	27237	2528	0
/X17/X1700070	27239	2528	0
/X17/X1701000	27241	2528	0
/X17/X1701010	27243	2528	0
/X17/X1701020	27245	2528	0
/X17/X1701030	27247	2528	0
/X17/X1701040	27249	2528	0
/X17/X1701050	27251	2528	0
/X17/X1701060	27253	2528	0
/X17/X1701070	27255	2528	0
/X17/X1710000	27259	2528	0
/X17/X1710010	27261	2528	0
/X17/X1710020	27263	2528	0
/X17/X1710030	27265	2528	0
/X17/X1710040	27267	2528	0
/X17/X1710050	27269	2528	0
/X17/X1710060	27271	2528	0
/X17/X1710070	27273	2528	0
/X17/X1711000	27275	2528	0
/X17/X1711010	27277	2528	0
/X17/X1711020	27279	2528	0
/X17/X1711030	27281	2528	0
/X17/X1711040	27283	2528	0
/X17/X1711050	27285	2528	0
/X17/X1711060	27287	2528	0
/X17/X1711070	27289	2528	0
/X17/X1720000	27313	2528	0
/X17/X1720010	27315	2528	0
/X17/X1720020	27317	2528	0
/X17/X1720030	27319	2528	0
/X17/X1720040	27321	2528	0
/X17/X1720050	27323	2528	0
/X17/X1721000	27325	2528	0
/X17/X1721010	27327	2528	0
/X17/X1721020	27329	2528	0
/X17/X1721030	27331	2528	0
/X17/X1721040	27333	2528	0
/X17/X1721050	27335	2528	0
/X17/X1730000	27337	2528	0
/X17/X1730010	27339	2528	0
/X17/X1730020	27341	2528	0
/X17/X1730030	27343	2528	0
/X17/X1730040	27345	2528	0
/X17/X1730050	27347	2528	0
/X17/X1731000	27349	2528	0
/X17/X1731010	27351	2528	0
/X17/X1731020	27353	2528	0
/X17/X1731030	27355	2528	0
/X17/X1731040	27357	2528	0
/X17/X1731050	27359	2528	0
/X17/X1740000	27361	2528	0
/X17/X1740010	27363	2528	0
/X17/X1740020	27365	2528	0
/X17/X1740030	27367	2528	0
/X17/X1740040	27369	2528	0
/X17/X1740050	27371	2528	0
/X17/X1741000	27373	2528	0
/X17/X1741010	27375	2528	0
/X17/X1741020	27377	2528	0
/X17/X1741030	27379	2528	0
/X17/X1741040	27381	2528	0
/X17/X1741050	27383	2528	0
/X17/X1750000	27385	2528	0
/X17/X1750010	27387	2528	0
/X17/X1750020	27389	2528	0
/X17/X1750030	27391	2528	0
/X17/X1750040	27393	2528	0
/X17/X1750050	27395	2528	0
/X17/X1751000	27397	2528	0
/X17/X1751010	27399	2528	0
/X17/X1751020	27401	2528	0
/X17/X1751030	27403	2528	0
/X17/X1751040	27405	2528	0
/X17/X1751050	27407	2528	0
/X17/X1760000	27409	2528	0
/X17/X1760010	27411	2528	0
/X17/X1760020	27413	2528	0
/X17/X1760030	27415	2528	0
/X17/X1760040	27417	2528	0
/X17/X1760050	27419	2528	0
/X17/X1761000	27421	2528	0
/X17/X1761010	27423	2528	0
/X17/X1761020	27425	2528	0
/X17/X1761030	27427	2528	0
/X17/X1761040	27429	2528	0
/X17/X1761050	27431	2528	0
/X17/X1770000	27291	2528	0
/X17/X1770010	27441	2528	0
/X17/X1770020	27443	2528	0
/X17/X1770030	27445	2528	0
/X17/X1770040	27447	2528	0
/X17/X1770050	27449	2528	0
/X17/X1771000	27293	2528	0
/X17/X1771010	27295	2528	0
/X17/X1771020	27451	2528	0
/X17/X1771030	27453	2528	0
/X17/X1771040	27455	2528	0
/X17/X1771050	27457	2528	0
/X17/X1780000	27297	2528	0
/X17/X1780010	27459	2528	0
/X17/X1780020	27461	2528	0
/X17/X1781000	27463	2528	0
/X17/X1781010	27465	2528	0
/X17/X1781020	27467	2528	0
/X17/X1790000	27299	2528	0
/X17/X1790010	27301	2528	0
/X17/X1790020	27433	2528	0
/X17/X1791000	27303	2528	0
/X17/X1791010	27435	2528	0
/X17/X1791020	27437	2528	0
/X18	197	6144	1
/X18/C1800000	27584	156	0
/X18/C1800010	27653	156	0
/X18/C1800020	27654	156	0
/X18/C1801000	27655	156	0
/X18/C1801010	27656	156	0
/X18/C1801020	27657	156	0
/X18/C1810000	27585	156	0
/X18/C1810010	27658	156	0
/X18/C1810020	27659	156	0
/X18/C1811000	27586	156	0
/X18/C1811010	27660	156	0
/X18/C1811020	27661	156	0
/X18/C1820000	27587	156	0
/X18/C1820010	27676	156	0
/X18/C1820020	27683	156	0
/X18/C1821000	27588	156	0
/X18/C1821010	27684	156	0
/X18/C1821020	27685	156	0
/X18/C1830000	27589	156	0
/X18/C1830010	27662	156	0
/X18/C1830020	27663	156	0
/X18/C1831000	27590	156	0
/X18/C1831010	27664	156	0
/X18/C1831020	27665	156	0
/X18/C1840000	27591	156	0
/X18/C1840010	27666	156	0
/X18/C1840020	27667	156	0
/X18/C1841000	27592	156	0
/X18/C1841010	27668	156	0
/X18/C1841020	27669	156	0
/X18/C1850000	27593	156	0
/X18/C1850010	27686	156	0
/X18/C1851000	27594	156	0
/X18/C1851010	27687	156	0
/X18/C1860000	27595	156	0
/X18/C1860010	27670	156	0
/X18/C1861000	27596	156	0
/X18/C1861010	27671	156	0
/X18/C1870000	27597	156	0
/X18/C1870010	27672	156	0
/X18/C1871000	27598	156	0
/X18/C1871010	27673	156	0
/X18/C1880000	27611	156	0
/X18/C1880010	27677	156	0
/X18/C1881000	27612	156	0
/X18/C1881010	27678	156	0
/X18/C1890000	27613	156	0
/X18/C1890010	27674	156	0
/X18/C1891000	27614	156	0
/X18/C1891010	27675	156	0
/X18/X1800000	27538	2528	0
/X18/X1800010	27540	2528	0
/X18/X1800020	27619	2528	0
/X18/X1801000	27542	2528	0
/X18/X1801010	27621	2528	0
/X18/X1801020	27623	2528	0
/X18/X1810000	27544	2528	0
/X18/X1810010	27546	2528	0
/X18/X1810020	27625	2528	0
/X18/X1811000	27548	2528	0
/X18/X1811010	27627	2528	0
/X18/X1811020	27629	2528	0
/X18/X1820000	27550	2528	0
/X18/X1820010	27552	2528	0
/X18/X1820020	27679	2528	0
/X18/X1821000	27554	2528	0
/X18/X1821010	27615	2528	0
/X18/X1821020	27681	2528	0
/X18/X1830000	27556	2528	0
/X18/X1830010	27558	2528	0
/X18/X1830020	27631	2528	0
/X18/X1831000	27560	2528	0
/X18/X1831010	27633	2528	0
/X18/X1831020	27635	2528	0
/X18/X1840000	27562	2528	0
/X18/X1840010	27564	2528	0
/X18/X1840020	27637	2528	0
/X18/X1841000	27566	2528	0
/X18/X1841010	27639	2528	0
/X18/X1841020	27641	2528	0
/X18/X1850000	27568	2528	0
/X18/X1850010	27570	2528	0
/X18/X1851000	27643	2528	0
/X18/X1851010	27645	2528	0
/X18/X1860000	27572	2528	0
/X18/X1860010	27574	2528	0
/X18/X1861000	27576	2528	0
/X18/X1861010	27647	2528	0
/X18/X1870000	27578	2528	0
/X18/X1870010	27580	2528	0
/X18/X1871000	27582	2528	0
/X18/X1871010	27649	2528	0
/X18/X1880000	27599	2528	0
/X18/X1880010	27601	2528	0
/X18/X1881000	27603	2528	0
/X18/X1881010	27617	2528	0
/X18/X1890000	27605	2528	0
/X18/X1890010	27607	2528	0
/X18/X1891000	27609	2528	0
/X18/X1891010	27651	2528	0
/X19	200	2048	1
/X19/C1900000	27695	156	0
/X19/C1900010	27707	156	0
/X19/C1901000	27696	156	0
/X19/C1901010	27708	156	0
/X19/C1910000	27709	156	0
/X19/C1910010	27714	156	0
/X19/C1911000	27688	156	0
/X19/C1911010	27715	156	0
/X19/C1920000	27716	156	0
/X19/C1921000	27717	156	0
/X19/X1900000	27689	2528	0
/X19/X1900010	27691	2528	0
/X19/X1901000	27693	2528	0
/X19/X1901010	27697	2528	0
/X19/X1910000	27699	2528	0
/X19/X1910010	27701	2528	0
/X19/X1911000	27703	2528	0
/X19/X1911010	27705	2528	0
/X19/X1920000	27710	2528	0
/X19/X1921000	27712	2528	0
/X20	201	2048	1
/X20/C2060000	27766	156	0
/X20/C2061000	27773	156	0
/X20/C2061010	27774	156	0
/X20/C2061020	27775	156	0
/X20/C2070000	27767	156	0
/X20/C2071000	27768	156	0
/X20/C2080000	27769	156	0
/X20/C2081000	27770	156	0
/X20/C2090000	27771	156	0
/X20/C2090010	27776	156	0
/X20/C2090020	27777	156	0
/X20/C2091000	27772	156	0
/X20/C2091010	27778	156	0
/X20/C2091020	27779	156	0
/X20/X2060000	27718	2528	0
/X20/X2060010	27720	2528	0
/X20/X2060020	27722	2528	0
/X20/X2061000	27724	2528	0
/X20/X2061010	27726	2528	0
/X20/X2061020	27728	2528	0
/X20/X2070000	27730	2528	0
/X20/X2070010	27732	2528	0
/X20/X2070020	27734	2528	0
/X20/X2071000	27736	2528	0
/X20/X2071010	27738	2528	0
/X20/X2071020	27740	2528	0
/X20/X2080000	27742	2528	0
/X20/X2080010	27744	2528	0
/X20/X2080020	27746	2528	0
/X20/X2081000	27748	2528	0
/X20/X2081010	27750	2528	0
/X20/X2081020	27752	2528	0
/X20/X2090000	27754	2528	0
/X20/X2090010	27756	2528	0
/X20/X2090020	27758	2528	0
/X20/X2091000	27760	2528	0
/X20/X2091010	27762	2528	0
/X20/X2091020	27764	2528	0
/X21	202	6144	1
/X21/C2100000	27856	156	0
/X21/C2100001	27929	156	0
/X21/C2100011	27930	156	0
/X21/C2100021	27931	156	0
/X21/C2101000	27857	156	0
/X21/C2101001	27932	156	0
/X21/C2101011	27933	156	0
/X21/C2101021	27934	156	0
/X21/C2110000	27912	94	0
/X21/C2110010	27913	94	0
/X21/C2111000	27858	156	0
/X21/C2111010	27914	156	0
/X21/C2120000	27859	94	0
/X21/C2120010	27915	94	0
/X21/C2121000	27860	156	0
/X21/C2121010	27916	156	0
/X21/C2130000	27861	156	0
/X21/C2140000	27862	156	0
/X21/C2140010	27939	156	0
/X21/C2140011	27940	156	0
/X21/C2141000	27863	156	0
/X21/C2141010	27941	156	0
/X21/C2141011	27942	156	0
/X21/C2150000	27864	156	0
/X21/C2151000	27911	156	0
/X21/C2160000	27865	156	0
/X21/C2161000	27866	156	0
/X21/C2170000	27867	156	0
/X21/C2170010	27868	218	0
/X21/C2170020	27891	156	0
/X21/C2170030	27869	156	0
/X21/C2171000	27870	156	0
/X21/C2171010	27871	156	0
/X21/C2171020	27892	156	0
/X21/C2171030	27872	156	0
/X21/C2180000	27873	156	0
/X21/C2180010	27874	218	0
/X21/C2180020	27875	156	0
/X21/C2181000	27876	156	0
/X21/C2181010	27877	156	0
/X21/C2181020	27878	156	0
/X21/C2190000	27879	156	0
/X21/C2190010	27880	156	0
/X21/C2190020	27881	156	0
/X21/C2191000	27882	156	0
/X21/C2191010	27883	156	0
/X21/C2191020	27884	156	0
/X21/X2100000	27780	2528	0
/X21/X2100001	27917	2528	0
/X21/X2100010	27782	2528	0
/X21/X2100011	27919	2528	0
/X21/X2100020	27784	2528	0
/X21/X2100021	27921	2528	0
/X21/X2101000	27786	2528	0
/X21/X2101001	27923	2528	0
/X21/X2101010	27788	2528	0
/X21/X2101011	27925	2528	0
/X21/X2101020	27790	2528	0
/X21/X2101021	27927	2528	0
/X21/X2110000	27792	2528	0
/X21/X2110010	27794	2528	0
/X21/X2111000	27796	2528	0
/X21/X2111010	27798	2528	0
/X21/X2120000	27800	2528	0
/X21/X2120010	27802	2528	0
/X21/X2121000	27804	2528	0
/X21/X2121010	27806	2528	0
/X21/X2130000	27808	2528	0
/X21/X2130010	27810	2528	0
/X21/X2131000	27812	2528	0
/X21/X2131010	27814	2528	0
/X21/X2140000	27816	2528	0
/X21/X2140010	27818	2528	0
/X21/X2140011	27935	2528	0
/X21/X2141000	27820	2528	0
/X21/X2141010	27822	2528	0
/X21/X2141011	27937	2528	0
/X21/X2150000	27824	2528	0
/X21/X2150010	27826	2528	0
/X21/X2151000	27828	2528	0
/X21/X2151010	27830	2528	0
/X21/X2160000	27832	2528	0
/X21/X2160010	27834	2528	0
/X21/X2161000	27836	2528	0
/X21/X2161010	27838	2528	0
/X21/X2170000	27840	2528	0
/X21/X2170010	27842	2528	0
/X21/X2170020	27887	2528	0
/X21/X2170030	27893	2528	0
/X21/X2171000	27844	2528	0
/X21/X2171010	27846	2528	0
/X21/X2171020	27889	2528	0
/X21/X2171030	27895	2528	0
/X21/X2180000	27897	2528	0
/X21/X2180010	27899	2528	0
/X21/X2180020	27901	2528	0
/X21/X2181000	27903	2528	0
/X21/X2181010	27848	2528	0
/X21/X2181020	27905	2528	0
/X21/X2190000	27850	2528	0
/X21/X2190010	27907	2528	0
/X21/X2190020	27909	2528	0
/X21/X2191000	27852	2528	0
/X21/X2191010	27854	2528	0
/X21/X2191020	27885	2528	0
/X22	205	4096	1
/X22/C2200000	27961	94	0
/X22/C2200010	27962	94	0
/X22/C2200011	28037	156	0
/X22/C2200020	27963	94	0
/X22/C2201000	27964	156	0
/X22/C2201010	27965	156	0
/X22/C2201011	28038	156	0
/X22/C2201020	27966	156	0
/X22/C2210000	27967	94	0
/X22/C2210010	27968	94	0
/X22/C2210020	27969	94	0
/X22/C2211000	27970	156	0
/X22/C2211010	27971	156	0
/X22/C2211020	27972	156	0
/X22/C2220000	27973	156	0
/X22/C2220010	27974	156	0
/X22/C2220020	27975	156	0
/X22/C2221000	27976	94	0
/X22/C2221010	27977	94	0
/X22/C2221020	27978	94	0
/X22/C2230000	28019	156	0
/X22/C2231000	28020	156	0
/X22/C2240000	28021	156	0
/X22/C2241000	28022	156	0
/X22/C2250000	28023	156	0
/X22/C2251000	28024	156	0
/X22/C2260000	28025	94	0
/X22/C2260001	28039	156	0
/X22/C2261000	28026	156	0
/X22/C2261001	28040	156	0
/X22/C2262000	28047	156	0
/X22/C2270000	28043	156	0
/X22/C2271000	28044	156	0
/X22/C2280000	28027	218	0
/X22/C2281000	28028	156	0
/X22/X2200000	27943	2528	0
/X22/X2200010	27983	2528	0
/X22/X2200011	28029	2528	0
/X22/X2200020	27985	2528	0
/X22/X2201000	27945	2528	0
/X22/X2201010	27947	2528	0
/X22/X2201011	28031	2528	0
/X22/X2201020	27991	2528	0
/X22/X2210000	27949	2528	0
/X22/X2210010	27993	2528	0
/X22/X2210020	27995	2528	0
/X22/X2211000	27951	2528	0
/X22/X2211010	27953	2528	0
/X22/X2211020	28041	2528	0
/X22/X2220000	27955	2528	0
/X22/X2220010	27979	2528	0
/X22/X2220020	27981	2528	0
/X22/X2221000	27957	2528	0
/X22/X2221010	27959	2528	0
/X22/X2221020	27989	2528	0
/X22/X2230000	27997	2528	0
/X22/X2231000	27999	2528	0
/X22/X2240000	28001	2528	0
/X22/X2241000	28003	2528	0
/X22/X2250000	28005	2528	0
/X22/X2251000	28007	2528	0
/X22/X2260000	27987	2528	0
/X22/X2260001	28033	2528	0
/X22/X2261000	28009	2528	0
/X22/X2261001	28035	2528	0
/X22/X2262000	28045	2528	0
/X22/X2270000	28011	2528	0
/X22/X2271000	28013	2528	0
/X22/X2280000	28015	2528	0
/X22/X2281000	28017	2528	0
/X23	207	2048	1
/X23/C2350000	28068	156	0
/X23/C2351000	28069	156	0
/X23/C2360000	28070	156	0
/X23/C2361000	28071	156	0
/X23/C2370000	28072	156	0
/X23/C2371000	28073	94	0
/X23/C2380000	28074	94	0
/X23/C2381000	28075	156	0
/X23/C2390000	28076	156	0
/X23/C2391000	28077	156	0
/X23/X2350000	28048	2528	0
/X23/X2351000	28050	2528	0
/X23/X2360000	28052	2528	0
/X23/X2361000	28054	2528	0
/X23/X2370000	28056	2528	0
/X23/X2371000	28058	2528	0
/X23/X2380000	28060	2528	0
/X23/X2381000	28062	2528	0
/X23/X2390000	28064	2528	0
/X23/X2391000	28066	2528	0
/X24	208	4096	1
/X24/C2400000	28151	156	0
/X24/C2401000	28152	156	0
/X24/C2410000	28100	94	0
/X24/C2411000	28101	94	0
/X24/C2420000	28118	156	0
/X24/C2421000	28119	156	0
/X24/C2430000	28120	156	0
/X24/C2431000	28121	156	0
/X24/C2440000	28122	156	0
/X24/C2441000	28123	156	0
/X24/C2450000	28124	156	0
/X24/C2451000	28125	156	0
/X24/C2460000	28126	156	0
/X24/C2461000	28127	156	0
/X24/C2470000	28130	156	0
/X24/C2470010	28159	156	0
/X24/C2471010	28160	156	0
/X24/C2480000	28142	156	0
/X24/C2481000	28131	156	0
/X24/C2490000	28094	156	0
/X24/C2490010	28134	156	0
/X24/C2490040	28132	156	0
/X24/C2490050	28135	156	0
/X24/C2491000	28095	156	0
/X24/C2491010	28136	156	0
/X24/C2491040	28133	156	0
/X24/C2491050	28137	156	0
/X24/X2400000	28143	2528	0
/X24/X2401000	28145	2528	0
/X24/X2410000	28096	2528	0
/X24/X2411000	28098	2528	0
/X24/X2420000	28147	2528	0
/X24/X2421000	28149	2528	0
/X24/X2430000	28102	2528	0
/X24/X2431000	28104	2528	0
/X24/X2440000	28106	2528	0
/X24/X2441000	28108	2528	0
/X24/X2450000	28110	2528	0
/X24/X2451000	28112	2528	0
/X24/X2460000	28114	2528	0
/X24/X2461000	28116	2528	0
/X24/X2470000	28128	2528	0
/X24/X2470010	28153	2528	0
/X24/X2471000	28155	2528	0
/X24/X2471010	28157	2528	0
/X24/X2480000	28138	2528	0
/X24/X2481000	28140	2528	0
/X24/X2490000	28078	2528	0
/X24/X2490010	28080	2528	0
/X24/X2490020	28082	2528	0
/X24/X2490030	28084	2528	0
/X24/X2491000	28086	2528	0
/X24/X2491010	28088	2528	0
/X24/X2491020	28090	2528	0
/X24/X2491030	28092	2528	0
/X25	210	4096	1
/X25/C2500000	28193	156	0
/X25/C2501000	28194	156	0
/X25/C2510000	28195	156	0
/X25/C2511000	28196	156	0
/X25/C2520000	28213	156	0
/X25/C2520010	28214	156	0
/X25/C2520020	28215	156	0
/X25/C2520030	28216	156	0
/X25/C2521000	28217	156	0
/X25/C2521010	28218	156	0
/X25/C2521020	28219	156	0
/X25/C2521030	28220	156	0
/X25/C2530000	28221	156	0
/X25/C2530010	28222	156	0
/X25/C2530020	28223	156	0
/X25/C2530030	28224	156	0
/X25/C2531000	28225	156	0
/X25/C2531010	28226	156	0
/X25/C2531020	28227	156	0
/X25/C2531030	28228	156	0
/X25/C2540000	28257	156	0
/X25/C2540010	28258	156	0
/X25/C2540020	28259	156	0
/X25/C2540030	28260	156	0
/X25/C2541000	28282	156	0
/X25/C2541010	28261	156	0
/X25/C2541020	28262	156	0
/X25/C2541030	28263	156	0
/X25/C2550000	28264	156	0
/X25/C2551000	28265	156	0
/X25/C2560000	28266	156	0
/X25/C2561000	28267	156	0
/X25/C2570000	28268	156	0
/X25/C2571000	28269	156	0
/X25/C2580000	28270	156	0
/X25/C2581000	28271	156	0
/X25/C2590000	28272	156	0
/X25/C2591000	28273	156	0
/X25/X2500000	28161	2528	0
/X25/X2500010	28163	2528	0
/X25/X2500020	28165	2528	0
/X25/X2500030	28167	2528	0
/X25/X2501000	28169	2528	0
/X25/X2501010	28171	2528	0
/X25/X2501020	28173	2528	0
/X25/X2501030	28175	2528	0
/X25/X2510000	28177	2528	0
/X25/X2510010	28179	2528	0
/X25/X2510020	28181	2528	0
/X25/X2510030	28183	2528	0
/X25/X2511000	28185	2528	0
/X25/X2511010	28187	2528	0
/X25/X2511020	28189	2528	0
/X25/X2511030	28191	2528	0
/X25/X2520000	28197	2528	0
/X25/X2520010	28199	2528	0
/X25/X2520020	28283	2528	0
/X25/X2520030	28285	2528	0
/X25/X2521000	28201	2528	0
/X25/X2521010	28287	2528	0
/X25/X2521020	28203	2528	0
/X25/X2521030	28289	2528	0
/X25/X2530000	28205	2528	0
/X25/X2530010	28207	2528	0
/X25/X2530020	28291	2528	0
/X25/X2530030	28293	2528	0
/X25/X2531000	28209	2528	0
/X25/X2531010	28295	2528	0
/X25/X2531020	28211	2528	0
/X25/X2531030	28297	2528	0
/X25/X2540000	28229	2528	0
/X25/X2540010	28231	2528	0
/X25/X2540020	28274	2528	0
/X25/X2540030	28276	2528	0
/X25/X2541000	28233	2528	0
/X25/X2541010	28278	2528	0
/X25/X2541020	28235	2528	0
/X25/X2541030	28280	2528	0
/X25/X2550000	28237	2528	0
/X25/X2551000	28239	2528	0
/X25/X2560000	28241	2528	0
/X25/X2561000	28243	2528	0
/X25/X2570000	28245	2528	0
/X25/X2571000	28247	2528	0
/X25/X2580000	28249	2528	0
/X25/X2581000	28251	2528	0
/X25/X2590000	28253	2528	0
/X25/X2591000	28255	2528	0
/X26	212	4096	1
/X26/C2600000	28323	156	0
/X26/C2601000	28324	156	0
/X26/C2610000	28325	156	0
/X26/C2610010	28326	156	0
/X26/C2611000	28327	156	0
/X26/C2611010	28328	156	0
/X26/C2620000	28329	156	0
/X26/C2620010	28330	156	0
/X26/C2621000	28331	156	0
/X26/C2621010	28332	156	0
/X26/C2630000	28333	156	0
/X26/C2630010	28334	156	0
/X26/C2631000	28335	156	0
/X26/C2631010	28336	156	0
/X26/C2640000	28337	156	0
/X26/C2640010	28354	156	0
/X26/C2641000	28338	156	0
/X26/C2641010	28355	156	0
/X26/C2650000	28356	156	0
/X26/C2650010	28357	156	0
/X26/C2651000	28358	156	0
/X26/C2651010	28359	156	0
/X26/C2660000	28360	156	0
/X26/C2660010	28361	156	0
/X26/C2661000	28362	156	0
/X26/C2661010	28363	156	0
/X26/C2670000	28364	156	0
/X26/C2670010	28339	156	0
/X26/C2671000	28340	156	0
/X26/C2671010	28341	156	0
/X26/C2680000	28342	156	0
/X26/C2680010	28343	156	0
/X26/C2680020	28344	156	0
/X26/C2681000	28345	156	0
/X26/C2681010	28407	156	0
/X26/C2681020	28408	156	0
/X26/C2690000	28346	156	0
/X26/C2691000	28347	156	0
/X26/X2600000	28299	2528	0
/X26/X2601000	28301	2528	0
/X26/X2610000	28379	2528	0
/X26/X2610010	28381	2528	0
/X26/X2611000	28383	2528	0
/X26/X2611010	28385	2528	0
/X26/X2620000	28387	2528	0
/X26/X2620010	28389	2528	0
/X26/X2621000	28303	2528	0
/X26/X2621010	28305	2528	0
/X26/X2630000	28391	2528	0
/X26/X2630010	28307	2528	0
/X26/X2631000	28309	2528	0
/X26/X2631010	28311	2528	0
/X26/X2640000	28365	2528	0
/X26/X2640010	28393	2528	0
/X26/X2641000	28313	2528	0
/X26/X2641010	28395	2528	0
/X26/X2650000	28348	2528	0
/X26/X2650010	28397	2528	0
/X26/X2651000	28350	2528	0
/X26/X2651010	28352	2528	0
/X26/X2660000	28399	2528	0
/X26/X2660010	28401	2528	0
/X26/X2661000	28403	2528	0
/X26/X2661010	28405	2528	0
/X26/X2670000	28315	2528	0
/X26/X2670010	28317	2528	0
/X26/X2671000	28319	2528	0
/X26/X2671010	28321	2528	0
/X26/X2680000	28367	2528	0
/X26/X2680010	28369	2528	0
/X26/X2680020	28371	2528	0
/X26/X2681000	28373	2528	0
/X26/X2681010	28375	2528	0
/X26/X2681020	28377	2528	0
/X27	214	4096	1
/X27/C2700000	28447	156	0
/X27/C2700010	28448	156	0
/X27/C2700020	28449	156	0
/X27/C2701000	28450	156	0
/X27/C2701010	28474	156	0
/X27/C2710000	28451	156	0
/X27/C2710020	28488	156	0
/X27/C2711000	28452	156	0
/X27/C2711020	28489	218	0
/X27/C2720010	28475	156	0
/X27/C2720020	28490	156	0
/X27/C2721000	28455	156	0
/X27/C2721010	28476	156	0
/X27/C2721020	28483	218	0
/X27/C2730000	28456	156	0
/X27/C2731000	28457	156	0
/X27/C2740000	28458	156	0
/X27/C2741000	28459	156	0
/X27/C2750000	28460	156	0
/X27/C2751000	28461	156	0
/X27/C2760000	28462	156	0
/X27/C2761000	28463	156	0
/X27/C2770000	28464	156	0
/X27/C2771000	28465	156	0
/X27/C2780000	28466	156	0
/X27/C2781000	28467	156	0
/X27/X2700000	28409	2528	0
/X27/X2700010	28411	2528	0
/X27/X2700020	28470	2528	0
/X27/X2701000	28413	2528	0
/X27/X2701010	28415	2528	0
/X27/X2701020	28472	2528	0
/X27/X2710000	28417	2528	0
/X27/X2710010	28419	2528	0
/X27/X2710020	28453	2528	0
/X27/X2711000	28421	2528	0
/X27/X2711010	28468	2528	0
/X27/X2711020	28481	2528	0
/X27/X2720000	28423	2528	0
/X27/X2720010	28425	2528	0
/X27/X2720020	28477	2528	0
/X27/X2721000	28427	2528	0
/X27/X2721010	28429	2528	0
/X27/X2721020	28479	2528	0
/X27/X2730000	28431	2528	0
/X27/X2731000	28433	2528	0
/X27/X2740000	28484	2528	0
/X27/X2741000	28486	2528	0
/X27/X2760000	28435	2528	0
/X27/X2761000	28437	2528	0
/X27/X2770000	28439	2528	0
/X27/X2771000	28441	2528	0
/X27/X2780000	28443	2528	0
/X27/X2781000	28445	2528	0
/X28	216	2048	1
/X28/C2850000	28495	218	0
/X28/C2851000	28496	218	0
/X28/C2860000	28497	218	0
/X28/C2861000	28502	156	0
/X28/X2850000	28491	2528	0
/X28/X2851000	28493	2528	0
/X28/X2860000	28498	2528	0
/X28/X2861000	28500	2528	0
/X29	217	2048	1
/X29/C2900000	28525	280	0
/X29/C2901000	28526	280	0
/X29/C2910000	28527	280	0
/X29/C2911000	28528	280	0
/X29/C2920010	28529	342	0
/X29/C2921010	28530	280	0
/X29/C2921011	28531	156	0
/X29/C2930000	28511	218	0
/X29/C2931000	28548	156	0
/X29/C2960000	28532	156	0
/X29/C2961000	28533	156	0
/X29/C2970000	28512	94	0
/X29/C2980000	28513	156	0
/X29/C2990000	28514	156	0
/X29/X2900000	28538	2528	0
/X29/X2901000	28540	2528	0
/X29/X2910000	28517	2528	0
/X29/X2911000	28519	2528	0
/X29/X2920010	28542	2528	0
/X29/X2921010	28544	2528	0
/X29/X2930000	28515	2528	0
/X29/X2931000	28546	2528	0
/X29/X2960000	28521	2528	0
/X29/X2961000	28523	2528	0
/X29/X2970000	28503	2528	0
/X29/X2971000	28505	2528	0
/X29/X2980000	28507	2528	0
/X29/X2981000	28534	2528	0
/X29/X2990000	28509	2528	0
/X29/X2991000	28536	2528	0
/X30	218	2048	1
/X30/C3000000	28567	94	0
/X30/C3000001	28602	94	0
/X30/C3010000	28568	156	0
/X30/C3020000	28569	156	0
/X30/C3030000	28570	218	0
/X30/C3040000	28571	156	0
/X30/C3050000	28572	156	0
/X30/C3060000	28603	156	0
/X30/C3070000	28573	156	0
/X30/C3080000	28604	156	0
/X30/C3090000	28574	218	0
/X30/C3091000	28597	218	0
/X30/X3000000	28549	2528	0
/X30/X3000001	28598	2528	0
/X30/X3001000	28551	2528	0
/X30/X3001001	28600	2528	0
/X30/X3010000	28553	2528	0
/X30/X3011000	28583	2528	0
/X30/X3020000	28575	2528	0
/X30/X3021000	28585	2528	0
/X30/X3030000	28555	2528	0
/X30/X3031000	28557	2528	0
/X30/X3040000	28559	2528	0
/X30/X3041000	28587	2528	0
/X30/X3050000	28561	2528	0
/X30/X3051000	28589	2528	0
/X30/X3060000	28577	2528	0
/X30/X3061000	28591	2528	0
/X30/X3070000	28579	2528	0
/X30/X3071000	28593	2528	0
/X30/X3080000	28581	2528	0
/X30/X3081000	28595	2528	0
/X30/X3090000	28563	2528	0
/X30/X3091000	28565	2528	0
/X31	219	2048	1
/X31/C3100000	28619	156	0
/X31/C3110000	28620	156	0
/X31/C3120000	28621	218	0
/X31/C3130000	28622	156	0
/X31/C3140000	28652	156	0
/X31/C3150000	28623	280	0
/X31/C3160000	28624	218	0
/X31/C3170000	28625	218	0
/X31/C3180000	28653	156	0
/X31/C3190000	28654	156	0
/X31/X3100000	28605	2528	0
/X31/X3101000	28634	2528	0
/X31/X3110000	28607	2528	0
/X31/X3111000	28636	2528	0
/X31/X3120000	28609	2528	0
/X31/X3121000	28638	2528	0
/X31/X3130000	28626	2528	0
/X31/X3131000	28640	2528	0
/X31/X3140000	28628	2528	0
/X31/X3141000	28642	2528	0
/X31/X3150000	28611	2528	0
/X31/X3151000	28613	2528	0
/X31/X3160000	28615	2528	0
/X31/X3161000	28644	2528	0
/X31/X3170000	28617	2528	0
/X31/X3171000	28646	2528	0
/X31/X3180000	28630	2528	0
/X31/X3181000	28648	2528	0
/X31/X3190000	28632	2528	0
/X31/X3191000	28650	2528	0
/X32	220	2048	1
/X32/C3200000	28693	156	0
/X32/C3210000	28690	156	0
/X32/C3220000	28665	156	0
/X32/C3230000	28666	156	0
/X32/C3231000	28698	218	0
/X32/C3240000	28667	218	0
/X32/C3241000	28699	218	0
/X32/C3250000	28668	218	0
/X32/C3260000	28669	156	0
/X32/C3270000	28682	156	0
/X32/C3280000	28683	156	0
/X32/C3290000	28706	94	0
/X32/X3200000	28655	2528	0
/X32/X3201000	28684	2528	0
/X32/X3210000	28686	2528	0
/X32/X3211000	28688	2528	0
/X32/X3220000	28691	2528	0
/X32/X3221000	28700	2528	0
/X32/X3230000	28657	2528	0
/X32/X3231000	28694	2528	0
/X32/X3240000	28659	2528	0
/X32/X3241000	28696	2528	0
/X32/X3250000	28661	2528	0
/X32/X3251000	28702	2528	0
/X32/X3260000	28663	2528	0
/X32/X3261000	28704	2528	0
/X32/X3270000	28670	2528	0
/X32/X3271000	28672	2528	0
/X32/X3280000	28674	2528	0
/X32/X3281000	28676	2528	0
/X32/X3290000	28678	2528	0
/X32/X3291000	28680	2528	0
/X33	221	2048	1
/X33/C3300000	28723	156	0
/X33/C3301000	28757	156	0
/X33/C3310000	28724	156	0
/X33/C3320000	28725	156	0
/X33/C3330000	28726	156	0
/X33/C3340000	28727	218	0
/X33/C3350000	28755	156	0
/X33/C3360000	28728	218	0
/X33/C3360001	28774	218	0
/X33/C3370000	28729	218	0
/X33/C3370001	28775	218	0
/X33/C3380000	28730	156	0
/X33/C3380001	28776	218	0
/X33/C3390000	28756	156	0
/X33/C3390001	28777	156	0
/X33/X3300000	28707	2528	0
/X33/X3301000	28735	2528	0
/X33/X3310000	28709	2528	0
/X33/X3311000	28737	2528	0
/X33/X3320000	28711	2528	0
/X33/X3321000	28739	2528	0
/X33/X3330000	28731	2528	0
/X33/X3331000	28741	2528	0
/X33/X3340000	28713	2528	0
/X33/X3341000	28743	2528	0
/X33/X3350000	28715	2528	0
/X33/X3351000	28745	2528	0
/X33/X3360000	28717	2528	0
/X33/X3360001	28758	2528	0
/X33/X3361000	28747	2528	0
/X33/X3361001	28760	2528	0
/X33/X3370000	28733	2528	0
/X33/X3370001	28762	2528	0
/X33/X3371000	28749	2528	0
/X33/X3371001	28764	2528	0
/X33/X3380000	28719	2528	0
/X33/X3380001	28766	2528	0
/X33/X3381000	28751	2528	0
/X33/X3381001	28768	2528	0
/X33/X3390000	28721	2528	0
/X33/X3390001	28770	2528	0
/X33/X3391000	28753	2528	0
/X33/X3391001	28772	2528	0
/X34	222	2048	1
/X34/C3400000	28786	156	0
/X34/C3400001	28836	156	0
/X34/C3410000	28787	218	0
/X34/C3410001	28837	218	0
/X34/C3420000	28788	156	0
/X34/C3430000	28799	156	0
/X34/C3440000	28800	156	0
/X34/C3450000	28801	156	0
/X34/C3460000	28802	156	0
/X34/C3470000	28803	156	0
/X34/C3480000	28826	156	0
/X34/C3490000	28827	156	0
/X34/X3400000	28778	2528	0
/X34/X3400001	28828	2528	0
/X34/X3401000	28804	2528	0
/X34/X3401001	28830	2528	0
/X34/X3410000	28780	2528	0
/X34/X3410001	28832	2528	0
/X34/X3411000	28806	2528	0
/X34/X3411001	28834	2528	0
/X34/X3420000	28782	2528	0
/X34/X3421000	28784	2528	0
/X34/X3430000	28789	2528	0
/X34/X3431000	28808	2528	0
/X34/X3440000	28791	2528	0
/X34/X3441000	28810	2528	0
/X34/X3450000	28793	2528	0
/X34/X3451000	28812	2528	0
/X34/X3460000	28795	2528	0
/X34/X3461000	28814	2528	0
/X34/X3470000	28797	2528	0
/X34/X3471000	28816	2528	0
/X34/X3480000	28822	2528	0
/X34/X3481000	28818	2528	0
/X34/X3490000	28824	2528	0
/X34/X3491000	28820	2528	0
/X35	223	2048	1
/X35/C3500000	28884	156	0
/X35/C3510000	28885	156	0
/X35/C3510001	28892	156	0
/X35/C3520000	28886	156	0
/X35/C3530000	28887	156	0
/X35/C3540000	28850	156	0
/X35/C3550000	28851	156	0
/X35/C3560000	28852	156	0
/X35/C3570000	28853	156	0
/X35/C3580000	28854	156	0
/X35/C3590000	28855	156	0
/X35/X3500000	28876	2528	0
/X35/X3501000	28856	2528	0
/X35/X3510000	28878	2528	0
/X35/X3510001	28888	2528	0
/X35/X3511000	28858	2528	0
/X35/X3511001	28890	2528	0
/X35/X3520000	28880	2528	0
/X35/X3521000	28860	2528	0
/X35/X3530000	28882	2528	0
/X35/X3531000	28862	2528	0
/X35/X3540000	28838	2528	0
/X35/X3541000	28864	2528	0
/X35/X3550000	28840	2528	0
/X35/X3551000	28866	2528	0
/X35/X3560000	28842	2528	0
/X35/X3561000	28868	2528	0
/X35/X3570000	28844	2528	0
/X35/X3571000	28870	2528	0
/X35/X3580000	28846	2528	0
/X35/X3581000	28872	2528	0
/X35/X3590000	28848	2528	0
/X35/X3591000	28874	2528	0
/X36	224	2048	1
/X36/C3600000	28932	280	0
/X36/C3610000	28913	218	0
/X36/C3620000	28914	218	0
/X36/C3630000	28915	280	0
/X36/C3630010	28916	280	0
/X36/C3630020	28917	280	0
/X36/C3640000	28918	218	0
/X36/C3650000	28919	218	0
/X36/C3660000	28930	156	0
/X36/C3670000	28931	156	0
/X36/C3680000	28928	156	0
/X36/C3690000	28929	156	0
/X36/X3600000	28893	2528	0
/X36/X3610000	28895	2528	0
/X36/X3620000	28897	2528	0
/X36/X3630000	28899	2528	0
/X36/X3630010	28901	2528	0
/X36/X3630020	28903	2528	0
/X36/X3640000	28905	2528	0
/X36/X3650000	28907	2528	0
/X36/X3660000	28909	2528	0
/X36/X3670000	28911	2528	0
/X36/X3680000	28920	2528	0
/X36/X3681000	28922	2528	0
/X36/X3690000	28924	2528	0
/X36/X3691000	28926	2528	0
/X37	225	6144	1
/X37/C3700000	28957	156	0
/X37/C3710000	28958	156	0
/X37/C3720000	28959	156	0
/X37/C3730000	28960	156	0
/X37/C3740000	28937	280	0
/X37/C3740020	28961	156	0
/X37/C3740030	28962	156	0
/X37/C3740040	28963	156	0
/X37/C3740050	28964	156	0
/X37/C3740060	28965	156	0
/X37/C3741000	28966	280	0
/X37/C3750000	28938	280	0
/X37/C3751000	28967	280	0
/X37/C3760000	29036	156	0
/X37/C3760010	29113	156	0
/X37/C3760020	29112	156	0
/X37/C3760030	29114	156	0
/X37/C3760040	29115	156	0
/X37/C3760050	29116	156	0
/X37/C3760060	29117	156	0
/X37/C3761000	29037	156	0
/X37/C3761010	29118	156	0
/X37/C3761020	29119	156	0
/X37/C3761030	29120	156	0
/X37/C3761040	29121	156	0
/X37/C3761050	29122	156	0
/X37/C3761060	29123	156	0
/X37/C3770000	29038	156	0
/X37/C3771000	29039	156	0
/X37/C3780000	29040	156	0
/X37/C3780010	29100	156	0
/X37/C3780011	29106	156	0
/X37/C3781000	29041	156	0
/X37/C3781010	29101	156	0
/X37/C3781011	29107	156	0
/X37/C3790000	29042	156	0
/X37/C3791000	29043	156	0
/X37/X3700000	28949	2528	0
/X37/X3701000	29044	2528	0
/X37/X3710000	28951	2528	0
/X37/X3711000	29046	2528	0
/X37/X3720000	28953	2528	0
/X37/X3721000	29048	2528	0
/X37/X3730000	28955	2528	0
/X37/X3731000	29050	2528	0
/X37/X3740000	28933	2528	0
/X37/X3741000	29108	2528	0
/X37/X3750000	28935	2528	0
/X37/X3750010	28939	2528	0
/X37/X3750020	28945	2528	0
/X37/X3750030	28947	2528	0
/X37/X3750080	28941	2528	0
/X37/X3750090	28943	2528	0
/X37/X3751000	29110	2528	0
/X37/X3760000	29052	2528	0
/X37/X3760010	28968	2528	0
/X37/X3760020	28970	2528	0
/X37/X3760030	29056	2528	0
/X37/X3760040	29060	2528	0
/X37/X3760050	28972	2528	0
/X37/X3760060	29066	2528	0
/X37/X3761000	29054	2528	0
/X37/X3761010	28974	2528	0
/X37/X3761020	28976	2528	0
/X37/X3761030	29058	2528	0
/X37/X3761040	29062	2528	0
/X37/X3761050	29064	2528	0
/X37/X3761060	29068	2528	0
/X37/X3770000	28978	2528	0
/X37/X3770010	29070	2528	0
/X37/X3770020	28980	2528	0
/X37/X3770030	29074	2528	0
/X37/X3770040	28982	2528	0
/X37/X3770050	29078	2528	0
/X37/X3770060	28984	2528	0
/X37/X3770070	29082	2528	0
/X37/X3770080	28986	2528	0
/X37/X3770090	29088	2528	0
/X37/X3771000	28988	2528	0
/X37/X3771010	28990	2528	0
/X37/X3771020	29072	2528	0
/X37/X3771030	29076	2528	0
/X37/X3771040	28992	2528	0
/X37/X3771050	28994	2528	0
/X37/X3771060	29080	2528	0
/X37/X3771070	29084	2528	0
/X37/X3771080	29086	2528	0
/X37/X3771090	29090	2528	0
/X37/X3780000	29092	2528	0
/X37/X3780010	28996	2528	0
/X37/X3780011	29102	2528	0
/X37/X3780020	28998	2528	0
/X37/X3780030	29096	2528	0
/X37/X3781000	29094	2528	0
/X37/X3781010	29000	2528	0
/X37/X3781011	29104	2528	0
/X37/X3781020	29002	2528	0
/X37/X3781030	29098	2528	0
/X37/X3790000	29004	2528	0
/X37/X3790010	29006	2528	0
/X37/X3790020	29008	2528	0
/X37/X3790030	29010	2528	0
/X37/X3790040	29012	2528	0
/X37/X3790050	29014	2528	0
/X37/X3790060	29016	2528	0
/X37/X3790070	29018	2528	0
/X37/X3791000	29020	2528	0
/X37/X3791010	29022	2528	0
/X37/X3791020	29024	2528	0
/X37/X3791030	29026	2528	0
/X37/X3791040	29028	2528	0
/X37/X3791050	29030	2528	0
/X37/X3791060	29032	2528	0
/X37/X3791070	29034	2528	0
/X38	228	6144	1
/X38/C3800000	29204	156	0
/X38/C3801000	29205	156	0
/X38/C3810000	29170	156	0
/X38/C3810001	29284	156	0
/X38/C3810010	29285	156	0
/X38/C3810011	29286	156	0
/X38/C3810020	29287	156	0
/X38/C3810021	29288	156	0
/X38/C3811000	29171	156	0
/X38/C3811001	29289	156	0
/X38/C3811010	29290	156	0
/X38/C3811011	29291	156	0
/X38/C3811020	29292	156	0
/X38/C3811021	29293	156	0
/X38/C3820000	29136	156	0
/X38/C3821000	29137	156	0
/X38/C3830000	29138	156	0
/X38/C3831000	29139	156	0
/X38/C3840000	29308	156	0
/X38/C3840010	29254	156	0
/X38/C3840011	29262	156	0
/X38/C3841000	29309	156	0
/X38/C3841010	29255	156	0
/X38/C3841011	29263	156	0
/X38/C3850000	29172	156	0
/X38/C3850001	29294	156	0
/X38/C3850010	29298	156	0
/X38/C3850020	29299	156	0
/X38/C3851000	29173	156	0
/X38/C3851001	29295	156	0
/X38/C3851010	29300	156	0
/X38/C3851020	29301	156	0
/X38/C3860000	29174	156	0
/X38/C3860001	29312	156	0
/X38/C3861000	29175	156	0
/X38/C3861001	29313	156	0
/X38/C3890000	29134	156	0
/X38/C3890060	29256	156	0
/X38/C3891000	29135	156	0
/X38/C3891060	29257	156	0
/X38/X3800000	29176	2528	0
/X38/X3800010	29178	2528	0
/X38/X3800020	29180	2528	0
/X38/X3800030	29182	2528	0
/X38/X3800040	29184	2528	0
/X38/X3800050	29186	2528	0
/X38/X3801000	29188	2528	0
/X38/X3801010	29190	2528	0
/X38/X3801020	29192	2528	0
/X38/X3801030	29194	2528	0
/X38/X3801040	29196	2528	0
/X38/X3801050	29198	2528	0
/X38/X3810000	29140	2528	0
/X38/X3810001	29264	2528	0
/X38/X3810010	29142	2528	0
/X38/X3810011	29266	2528	0
/X38/X3810020	29144	2528	0
/X38/X3810021	29268	2528	0
/X38/X3811000	29146	2528	0
/X38/X3811001	29270	2528	0
/X38/X3811010	29148	2528	0
/X38/X3811011	29272	2528	0
/X38/X3811020	29150	2528	0
/X38/X3811021	29274	2528	0
/X38/X3820000	29206	2528	0
/X38/X3820010	29304	2528	0
/X38/X3821000	29208	2528	0
/X38/X3821010	29306	2528	0
/X38/X3830000	29152	2528	0
/X38/X3830010	29200	2528	0
/X38/X3830020	29202	2528	0
/X38/X3831000	29154	2528	0
/X38/X3831010	29156	2528	0
/X38/X3831020	29158	2528	0
/X38/X3840000	29210	2528	0
/X38/X3840010	29214	2528	0
/X38/X3840011	29258	2528	0
/X38/X3841000	29212	2528	0
/X38/X3841010	29216	2528	0
/X38/X3841011	29260	2528	0
/X38/X3850000	29160	2528	0
/X38/X3850001	29276	2528	0
/X38/X3850010	29162	2528	0
/X38/X3850020	29218	2528	0
/X38/X3851000	29164	2528	0
/X38/X3851001	29278	2528	0
/X38/X3851010	29230	2528	0
/X38/X3851020	29220	2528	0
/X38/X3860000	29166	2528	0
/X38/X3860001	29302	2528	0
/X38/X3861000	29168	2528	0
/X38/X3861001	29310	2528	0
/X38/X3870000	29222	2528	0
/X38/X3871000	29224	2528	0
/X38/X3880000	29226	2528	0
/X38/X3881000	29228	2528	0
/X38/X3881010	29296	2528	0
/X38/X3890000	29232	2528	0
/X38/X3890010	29124	2528	0
/X38/X3890020	29130	2528	0
/X38/X3890030	29132	2528	0
/X38/X3890040	29238	2528	0
/X38/X3890050	29242	2528	0
/X38/X3890060	29250	2528	0
/X38/X3890061	29280	2528	0
/X38/X3890080	29126	2528	0
/X38/X3890090	29128	2528	0
/X38/X3891000	29234	2528	0
/X38/X3891010	29236	2528	0
/X38/X3891040	29240	2528	0
/X38/X3891050	29244	2528	0
/X38/X3891060	29252	2528	0
/X38/X3891061	29282	2528	0
/X38/X3891080	29246	2528	0
/X38/X3891090	29248	2528	0
/X39	231	6144	1
/X39/C3900000	29314	156	0
/X39/C3900020	29458	156	0
/X39/C3900021	29470	156	0
/X39/C3900030	29459	156	0
/X39/C3901020	29460	156	0
/X39/C3901021	29471	156	0
/X39/C3901030	29461	156	0
/X39/C3930000	29315	156	0
/X39/C3931000	29316	156	0
/X39/C3950000	29433	156	0
/X39/C3950010	29434	156	0
/X39/C3950020	29435	156	0
/X39/C3950030	29436	156	0
/X39/C3950040	29437	156	0
/X39/C3950060	29438	156	0
/X39/C3950070	29439	156	0
/X39/C3951000	29440	156	0
/X39/C3951010	29441	156	0
/X39/C3951020	29442	156	0
/X39/C3951030	29443	156	0
/X39/C3951040	29444	156	0
/X39/C3951050	29445	156	0
/X39/C3951060	29446	156	0
/X39/C3951070	29447	156	0
/X39/C3960000	29409	156	0
/X39/C3961000	29410	156	0
/X39/C3970000	29411	156	0
/X39/C3971000	29412	156	0
/X39/C3980000	29413	218	0
/X39/C3981000	29414	218	0
/X39/C3990000	29329	156	0
/X39/C3990010	29330	156	0
/X39/C3990020	29331	156	0
/X39/C3991000	29332	156	0
/X39/C3991010	29333	156	0
/X39/C3991020	29334	156	0
/X39/X3900020	29450	2528	0
/X39/X3900021	29462	2528	0
/X39/X3900030	29452	2528	0
/X39/X3900031	29464	2528	0
/X39/X3901020	29454	2528	0
/X39/X3901021	29466	2528	0
/X39/X3901030	29456	2528	0
/X39/X3901031	29468	2528	0
/X39/X3920000	29335	2528	0
/X39/X3920010	29337	2528	0
/X39/X3921000	29339	2528	0
/X39/X3921010	29341	2528	0
/X39/X3950000	29415	2528	0
/X39/X3950010	29417	2528	0
/X39/X3950020	29419	2528	0
/X39/X3950040	29421	2528	0
/X39/X3950060	29423	2528	0
/X39/X3951000	29425	2528	0
/X39/X3951010	29427	2528	0
/X39/X3951020	29429	2528	0
/X39/X3951030	29431	2528	0
/X39/X3960000	29343	2528	0
/X39/X3960010	29345	2528	0
/X39/X3960020	29347	2528	0
/X39/X3960030	29349	2528	0
/X39/X3961000	29351	2528	0
/X39/X3961010	29353	2528	0
/X39/X3961020	29355	2528	0
/X39/X3961030	29357	2528	0
/X39/X3970000	29359	2528	0
/X39/X3970010	29361	2528	0
/X39/X3970020	29363	2528	0
/X39/X3970030	29365	2528	0
/X39/X3970040	29367	2528	0
/X39/X3970050	29369	2528	0
/X39/X3970060	29371	2528	0
/X39/X3971000	29373	2528	0
/X39/X3971010	29375	2528	0
/X39/X3971020	29377	2528	0
/X39/X3971030	29379	2528	0
/X39/X3971040	29381	2528	0
/X39/X3971050	29383	2528	0
/X39/X3971060	29385	2528	0
/X39/X3980000	29387	2528	0
/X39/X3980020	29389	2528	0
/X39/X3980040	29391	2528	0
/X39/X3980060	29393	2528	0
/X39/X3980080	29395	2528	0
/X39/X3981000	29397	2528	0
/X39/X3981010	29399	2528	0
/X39/X3981020	29401	2528	0
/X39/X3981030	29403	2528	0
/X39/X3981040	29448	2528	0
/X39/X3990000	29317	2528	0
/X39/X3990010	29319	2528	0
/X39/X3990020	29321	2528	0
/X39/X3990030	29405	2528	0
/X39/X3991000	29323	2528	0
/X39/X3991010	29325	2528	0
/X39/X3991020	29327	2528	0
/X39/X3991030	29407	2528	0
/X40	234	10240	1
/X40/C4000000	29478	156	0
/X40/C4000001	29711	94	0
/X40/C4000010	29479	156	0
/X40/C4000011	29712	94	0
/X40/C4000020	29662	156	0
/X40/C4000021	29713	94	0
/X40/C4000030	29663	156	0
/X40/C4000031	29714	94	0
/X40/C4000040	29484	156	0
/X40/C4000041	29485	218	0
/X40/C4000050	29664	156	0
/X40/C4000060	29665	156	0
/X40/C4000070	29666	156	0
/X40/C4000080	29667	156	0
/X40/C4000090	29668	156	0
/X40/C4001000	29669	156	0
/X40/C4001001	29715	156	0
/X40/C4001010	29670	156	0
/X40/C4001011	29716	156	0
/X40/C4001020	29671	156	0
/X40/C4001021	29717	156	0
/X40/C4001030	29672	156	0
/X40/C4001031	29718	156	0
/X40/C4001040	29486	156	0
/X40/C4001050	29673	156	0
/X40/C4001060	29674	156	0
/X40/C4001070	29675	156	0
/X40/C4001080	29676	156	0
/X40/C4001090	29677	156	0
/X40/C4010000	29730	156	0
/X40/C4011000	29623	156	0
/X40/C4020000	29731	156	0
/X40/C4021000	29624	156	0
/X40/C4030000	29719	94	0
/X40/C4030010	29720	94	0
/X40/C4030020	29721	94	0
/X40/C4030030	29769	94	0
/X40/C4031000	29625	156	0
/X40/C4031010	29722	156	0
/X40/C4031020	29723	156	0
/X40/C4031030	29770	156	0
/X40/C4040000	29626	156	0
/X40/C4040010	29724	156	0
/X40/C4040020	29725	156	0
/X40/C4040030	29726	156	0
/X40/C4040040	29733	218	0
/X40/C4040050	29735	218	0
/X40/C4040060	29737	218	0
/X40/C4040070	29739	218	0
/X40/C4041000	29627	156	0
/X40/C4041010	29727	156	0
/X40/C4041020	29728	156	0
/X40/C4041030	29729	156	0
/X40/C4041040	29734	218	0
/X40/C4041050	29736	218	0
/X40/C4041060	29738	218	0
/X40/C4041070	29740	218	0
/X40/C4050000	29628	156	0
/X40/C4050010	29686	156	0
/X40/C4050020	29741	218	0
/X40/C4050030	29743	218	0
/X40/C4051000	29629	156	0
/X40/C4051010	29687	156	0
/X40/C4051020	29742	218	0
/X40/C4051030	29744	218	0
/X40/C4060000	29732	218	0
/X40/C4060020	29745	218	0
/X40/C4060040	29746	218	0
/X40/C4060060	29747	218	0
/X40/C4061000	29630	218	0
/X40/C4070000	29688	156	0
/X40/C4070010	29689	156	0
/X40/C4070020	29748	156	0
/X40/C4071000	29631	156	0
/X40/C4071010	29690	156	0
/X40/C4080000	29691	156	0
/X40/C4080010	29692	156	0
/X40/C4081000	29693	156	0
/X40/C4081010	29694	156	0
/X40/C4090000	29695	218	0
/X40/C4090010	29696	218	0
/X40/C4091000	29697	156	0
/X40/C4091010	29698	156	0
/X40/X4000000	29472	2528	0
/X40/X4000001	29699	2528	0
/X40/X4000010	29632	2528	0
/X40/X4000011	29701	2528	0
/X40/X4000020	29638	2528	0
/X40/X4000021	29703	2528	0
/X40/X4000030	29640	2528	0
/X40/X4000031	29705	2528	0
/X40/X4000040	29480	2528	0
/X40/X4000050	29642	2528	0
/X40/X4000060	29634	2528	0
/X40/X4000070	29644	2528	0
/X40/X4000080	29646	2528	0
/X40/X4000090	29648	2528	0
/X40/X4001000	29474	2528	0
/X40/X4001001	29749	2528	0
/X40/X4001010	29476	2528	0
/X40/X4001011	29751	2528	0
/X40/X4001020	29650	2528	0
/X40/X4001021	29753	2528	0
/X40/X4001030	29652	2528	0
/X40/X4001031	29755	2528	0
/X40/X4001040	29482	2528	0
/X40/X4001050	29654	2528	0
/X40/X4001060	29636	2528	0
/X40/X4001070	29656	2528	0
/X40/X4001080	29658	2528	0
/X40/X4001090	29660	2528	0
/X40/X4010000	29487	2528	0
/X40/X4010010	29489	2528	0
/X40/X4010020	29491	2528	0
/X40/X4010030	29493	2528	0
/X40/X4011000	29495	2528	0
/X40/X4011010	29497	2528	0
/X40/X4011020	29499	2528	0
/X40/X4011030	29501	2528	0
/X40/X4020000	29503	2528	0
/X40/X4020010	29505	2528	0
/X40/X4020020	29507	2528	0
/X40/X4020030	29509	2528	0
/X40/X4021000	29511	2528	0
/X40/X4021010	29513	2528	0
/X40/X4021020	29515	2528	0
/X40/X4021030	29517	2528	0
/X40/X4030000	29519	2528	0
/X40/X4030010	29521	2528	0
/X40/X4030020	29707	2528	0
/X40/X4030030	29709	2528	0
/X40/X4031000	29523	2528	0
/X40/X4031010	29525	2528	0
/X40/X4031020	29757	2528	0
/X40/X4031030	29759	2528	0
/X40/X4040000	29527	2528	0
/X40/X4040010	29529	2528	0
/X40/X4040020	29531	2528	0
/X40/X4040030	29533	2528	0
/X40/X4040040	29535	2528	0
/X40/X4040050	29537	2528	0
/X40/X4040060	29539	2528	0
/X40/X4040070	29541	2528	0
/X40/X4041000	29543	2528	0
/X40/X4041010	29545	2528	0
/X40/X4041020	29547	2528	0
/X40/X4041030	29549	2528	0
/X40/X4041040	29551	2528	0
/X40/X4041050	29553	2528	0
/X40/X4041060	29555	2528	0
/X40/X4041070	29557	2528	0
/X40/X4050000	29559	2528	0
/X40/X4050010	29561	2528	0
/X40/X4050020	29563	2528	0
/X40/X4050030	29565	2528	0
/X40/X4051000	29567	2528	0
/X40/X4051010	29569	2528	0
/X40/X4051020	29571	2528	0
/X40/X4051030	29573	2528	0
/X40/X4060000	29575	2528	0
/X40/X4060010	29577	2528	0
/X40/X4060020	29579	2528	0
/X40/X4060030	29581	2528	0
/X40/X4060040	29583	2528	0
/X40/X4060050	29585	2528	0
/X40/X4060060	29587	2528	0
/X40/X4060070	29589	2528	0
/X40/X4061000	29591	2528	0
/X40/X4061010	29593	2528	0
/X40/X4061020	29595	2528	0
/X40/X4061030	29597	2528	0
/X40/X4061040	29599	2528	0
/X40/X4061050	29601	2528	0
/X40/X4061060	29603	2528	0
/X40/X4061070	29605	2528	0
/X40/X4070000	29607	2528	0
/X40/X4070010	29609	2528	0
/X40/X4070020	29611	2528	0
/X40/X4070030	29613	2528	0
/X40/X4071000	29615	2528	0
/X40/X4071010	29617	2528	0
/X40/X4071020	29619	2528	0
/X40/X4071030	29621	2528	0
/X40/X4080000	29678	2528	0
/X40/X4080010	29680	2528	0
/X40/X4081000	29761	2528	0
/X40/X4081010	29763	2528	0
/X40/X4090000	29682	2528	0
/X40/X4090010	29684	2528	0
/X40/X4091000	29765	2528	0
/X40/X4091010	29767	2528	0
/X41	239	4096	1
/X41/C4100000	29835	156	0
/X41/C4100010	29836	156	0
/X41/C4101000	29837	156	0
/X41/C4101010	29838	156	0
/X41/C4110000	29839	156	0
/X41/C4110010	29840	156	0
/X41/C4111000	29841	156	0
/X41/C4111010	29842	156	0
/X41/C4120000	29843	156	0
/X41/C4120010	29844	156	0
/X41/C4120020	29845	156	0
/X41/C4120030	29846	156	0
/X41/C4121000	29847	156	0
/X41/C4121010	29867	156	0
/X41/C4121020	29848	156	0
/X41/C4121030	29849	156	0
/X41/C4130000	29868	156	0
/X41/C4130010	29869	218	0
/X41/C4130020	29879	218	0
/X41/C4130030	29885	218	0
/X41/C4131000	29850	156	0
/X41/C4131010	29851	156	0
/X41/C4131020	29880	218	0
/X41/C4131030	29852	218	0
/X41/C4140000	29870	156	0
/X41/C4141000	29871	156	0
/X41/C4150000	29853	218	0
/X41/C4151000	29854	218	0
/X41/C4160001	29890	218	0
/X41/C4160011	29895	218	0
/X41/C4170000	29855	156	0
/X41/C4171000	29856	156	0
/X41/C4180000	29857	156	0
/X41/C4181000	29858	156	0
/X41/C4181010	29878	156	0
/X41/C4190000	29872	156	0
/X41/C4190010	29873	156	0
/X41/C4190020	29874	156	0
/X41/C4191000	29875	156	0
/X41/C4191010	29876	156	0
/X41/C4191020	29877	156	0
/X41/X4100000	29771	2528	0
/X41/X4100010	29773	2528	0
/X41/X4101000	29775	2528	0
/X41/X4101010	29777	2528	0
/X41/X4110000	29779	2528	0
/X41/X4110010	29781	2528	0
/X41/X4111000	29783	2528	0
/X41/X4111010	29785	2528	0
/X41/X4120000	29787	2528	0
/X41/X4120010	29789	2528	0
/X41/X4120020	29791	2528	0
/X41/X4120030	29793	2528	0
/X41/X4121000	29795	2528	0
/X41/X4121010	29797	2528	0
/X41/X4121020	29799	2528	0
/X41/X4121030	29801	2528	0
/X41/X4130000	29803	2528	0
/X41/X4130010	29805	2528	0
/X41/X4130020	29807	2528	0
/X41/X4130030	29881	2528	0
/X41/X4131000	29809	2528	0
/X41/X4131010	29811	2528	0
/X41/X4131020	29813	2528	0
/X41/X4131030	29883	2528	0
/X41/X4140000	29859	2528	0
/X41/X4141000	29902	2528	0
/X41/X4150000	29815	2528	0
/X41/X4151000	29817	2528	0
/X41/X4160001	29886	2528	0
/X41/X4160011	29891	2528	0
/X41/X4161001	29888	2528	0
/X41/X4161011	29893	2528	0
/X41/X4170000	29819	2528	0
/X41/X4170010	29821	2528	0
/X41/X4171000	29823	2528	0
/X41/X4171010	29825	2528	0
/X41/X4180000	29827	2528	0
/X41/X4180010	29829	2528	0
/X41/X4181000	29831	2528	0
/X41/X4181010	29833	2528	0
/X41/X4190000	29861	2528	0
/X41/X4190010	29863	2528	0
/X41/X4190020	29865	2528	0
/X41/X4191000	29896	2528	0
/X41/X4191010	29898	2528	0
/X41/X4191020	29900	2528	0
/X42	241	4096	1
/X42/C4220000	29956	156	0
/X42/C4220010	29957	156	0
/X42/C4220020	29958	156	0
/X42/C4221000	29959	156	0
/X42/C4221010	29960	156	0
/X42/C4230000	29920	156	0
/X42/C4230010	29921	156	0
/X42/C4230020	29922	156	0
/X42/C4231000	29923	156	0
/X42/C4231010	29924	156	0
/X42/C4231020	29925	156	0
/X42/C4240000	29926	156	0
/X42/C4240010	29927	156	0
/X42/C4241000	29928	156	0
/X42/C4241010	29929	156	0
/X42/C4270000	29961	156	0
/X42/C4270010	29962	156	0
/X42/C4271000	29963	156	0
/X42/C4271010	29964	156	0
/X42/C4280000	29930	156	0
/X42/C4280010	29931	156	0
/X42/C4281000	29932	156	0
/X42/C4281010	29933	156	0
/X42/C4290000	29934	156	0
/X42/C4291000	29935	156	0
/X42/X4220000	29936	2528	0
/X42/X4220010	29938	2528	0
/X42/X4220020	29940	2528	0
/X42/X4221000	29942	2528	0
/X42/X4221010	29944	2528	0
/X42/X4221020	29946	2528	0
/X42/X4230000	29904	2528	0
/X42/X4230010	29906	2528	0
/X42/X4230020	29908	2528	0
/X42/X4231000	29965	2528	0
/X42/X4231010	29967	2528	0
/X42/X4231020	29969	2528	0
/X42/X4240000	29910	2528	0
/X42/X4240010	29912	2528	0
/X42/X4241000	29971	2528	0
/X42/X4241010	29973	2528	0
/X42/X4270000	29948	2528	0
/X42/X4270010	29950	2528	0
/X42/X4271000	29952	2528	0
/X42/X4271010	29954	2528	0
/X42/X4280000	29914	2528	0
/X42/X4280010	29916	2528	0
/X42/X4281000	29975	2528	0
/X42/X4281010	29977	2528	0
/X42/X4290000	29918	2528	0
/X42/X4291000	29979	2528	0
/X43	243	4096	1
/X43/C4320000	30035	156	0
/X43/C4321000	30036	156	0
/X43/C4330000	30003	156	0
/X43/C4331000	30004	156	0
/X43/C4340000	30005	156	0
/X43/C4340010	30006	156	0
/X43/C4340020	30007	156	0
/X43/C4341000	30008	156	0
/X43/C4341010	30009	156	0
/X43/C4341020	30010	156	0
/X43/C4370000	30037	156	0
/X43/C4370010	30038	156	0
/X43/C4370020	30039	156	0
/X43/C4371000	30040	156	0
/X43/C4371010	30041	156	0
/X43/C4371020	30042	156	0
/X43/C4380000	30011	156	0
/X43/C4380010	30012	156	0
/X43/C4380020	30013	156	0
/X43/C4381000	30014	156	0
/X43/C4381010	30015	156	0
/X43/C4381020	30016	156	0
/X43/C4390000	30017	156	0
/X43/C4391000	30018	156	0
/X43/X4320000	30019	2528	0
/X43/X4321000	30021	2528	0
/X43/X4330000	29981	2528	0
/X43/X4331000	30043	2528	0
/X43/X4340000	29983	2528	0
/X43/X4340010	29985	2528	0
/X43/X4340020	29987	2528	0
/X43/X4341000	29989	2528	0
/X43/X4341010	29991	2528	0
/X43/X4341020	29993	2528	0
/X43/X4370000	30023	2528	0
/X43/X4370010	30025	2528	0
/X43/X4370020	30027	2528	0
/X43/X4371000	30029	2528	0
/X43/X4371010	30031	2528	0
/X43/X4371020	30033	2528	0
/X43/X4380000	29995	2528	0
/X43/X4380010	29997	2528	0
/X43/X4380020	29999	2528	0
/X43/X4381000	30045	2528	0
/X43/X4381010	30047	2528	0
/X43/X4381020	30049	2528	0
/X43/X4390000	30001	2528	0
/X43/X4391000	30051	2528	0
/X44	245	2048	1
/X44/C4420000	30066	156	0
/X44/C4421000	30067	156	0
/X44/C4430000	30059	156	0
/X44/C4431000	30060	156	0
/X44/C4440000	30070	156	0
/X44/C4470000	30073	156	0
/X44/C4480000	30061	156	0
/X44/X4420000	30062	2528	0
/X44/X4421000	30064	2528	0
/X44/X4430000	30053	2528	0
/X44/X4431000	30071	2528	0
/X44/X4440000	30055	2528	0
/X44/X4441000	30074	2528	0
/X44/X4470000	30057	2528	0
/X44/X4480000	30068	2528	0
/X45	246	4096	1
/X45/C4500000	30116	156	0
/X45/C4500010	30117	156	0
/X45/C4500020	30118	156	0
/X45/C4501000	30119	156	0
/X45/C4501010	30120	156	0
/X45/C4501020	30121	156	0
/X45/C4510000	30122	156	0
/X45/C4510010	30123	156	0
/X45/C4511000	30124	156	0
/X45/C4511010	30125	156	0
/X45/C4530000	30126	156	0
/X45/C4530010	30127	156	0
/X45/C4530020	30128	156	0
/X45/C4530030	30129	156	0
/X45/C4531000	30130	156	0
/X45/C4531010	30131	156	0
/X45/C4531020	30132	156	0
/X45/C4531030	30133	156	0
/X45/C4550000	30154	156	0
/X45/C4551000	30155	156	0
/X45/C4560000	30156	156	0
/X45/C4561000	30157	156	0
/X45/C4570000	30158	156	0
/X45/C4571000	30159	156	0
/X45/C4580000	30160	156	0
/X45/C4581000	30161	156	0
/X45/C4590000	30162	156	0
/X45/C4591000	30163	156	0
/X45/X4500000	30076	2528	0
/X45/X4500010	30078	2528	0
/X45/X4500020	30080	2528	0
/X45/X4501000	30082	2528	0
/X45/X4501010	30084	2528	0
/X45/X4501020	30086	2528	0
/X45/X4510000	30088	2528	0
/X45/X4510010	30090	2528	0
/X45/X4511000	30092	2528	0
/X45/X4511010	30094	2528	0
/X45/X4520000	30096	2528	0
/X45/X4521000	30098	2528	0
/X45/X4530000	30100	2528	0
/X45/X4530010	30102	2528	0
/X45/X4530020	30104	2528	0
/X45/X4530030	30106	2528	0
/X45/X4531000	30108	2528	0
/X45/X4531010	30110	2528	0
/X45/X4531020	30112	2528	0
/X45/X4531030	30114	2528	0
/X45/X4550000	30134	2528	0
/X45/X4551000	30136	2528	0
/X45/X4560000	30138	2528	0
/X45/X4561000	30140	2528	0
/X45/X4570000	30142	2528	0
/X45/X4571000	30144	2528	0
/X45/X4580000	30146	2528	0
/X45/X4581000	30148	2528	0
/X45/X4590000	30150	2528	0
/X45/X4591000	30152	2528	0
/X46	248	2048	1
/X46/C4600000	30204	156	0
/X46/C4601000	30205	156	0
/X46/C4610000	30206	156	0
/X46/C4611000	30207	156	0
/X46/C4620000	30208	156	0
/X46/C4621000	30209	156	0
/X46/C4630000	30210	156	0
/X46/C4631000	30211	156	0
/X46/C4640000	30212	156	0
/X46/C4641000	30213	156	0
/X46/C4650000	30214	156	0
/X46/C4651000	30215	156	0
/X46/C4660000	30216	156	0
/X46/C4661000	30217	156	0
/X46/C4670000	30218	156	0
/X46/C4671000	30219	156	0
/X46/C4680000	30220	156	0
/X46/C4681000	30221	156	0
/X46/C4690000	30222	156	0
/X46/C4691000	30223	156	0
/X46/X4600000	30164	2528	0
/X46/X4601000	30166	2528	0
/X46/X4610000	30168	2528	0
/X46/X4611000	30170	2528	0
/X46/X4620000	30172	2528	0
/X46/X4621000	30174	2528	0
/X46/X4630000	30176	2528	0
/X46/X4631000	30178	2528	0
/X46/X4640000	30180	2528	0
/X46/X4641000	30182	2528	0
/X46/X4650000	30184	2528	0
/X46/X4651000	30186	2528	0
/X46/X4660000	30188	2528	0
/X46/X4661000	30190	2528	0
/X46/X4670000	30192	2528	0
/X46/X4671000	30194	2528	0
/X46/X4680000	30196	2528	0
/X46/X4681000	30198	2528	0
/X46/X4690000	30200	2528	0
/X46/X4691000	30202	2528	0
/X47	249	8192	1
/X47/C4700000	30356	156	0
/X47/C4700010	30362	156	0
/X47/C4700020	30368	156	0
/X47/C4700030	30374	156	0
/X47/C4701000	30357	156	0
/X47/C4701010	30363	156	0
/X47/C4701020	30369	156	0
/X47/C4701030	30375	156	0
/X47/C4710000	30380	156	0
/X47/C4711000	30381	156	0
/X47/C4720000	30394	156	0
/X47/C4721000	30395	156	0
/X47/C4730000	30420	156	0
/X47/C4731000	30421	156	0
/X47/C4740000	30434	156	0
/X47/C4740010	30440	156	0
/X47/C4740020	30446	156	0
/X47/C4740030	30228	156	0
/X47/C4741000	30435	156	0
/X47/C4741010	30441	156	0
/X47/C4741020	30447	156	0
/X47/C4741030	30229	156	0
/X47/C4750000	30234	156	0
/X47/C4751000	30235	156	0
/X47/C4760000	30244	156	0
/X47/C4761000	30245	156	0
/X47/C4770000	30278	156	0
/X47/C4770010	30284	156	0
/X47/C4770020	30290	156	0
/X47/C4770030	30296	156	0
/X47/C4770060	30302	156	0
/X47/C4770070	30308	156	0
/X47/C4771000	30279	156	0
/X47/C4771010	30285	156	0
/X47/C4771020	30291	156	0
/X47/C4771030	30297	156	0
/X47/C4771060	30303	156	0
/X47/C4771070	30309	156	0
/X47/C4780000	30314	156	0
/X47/C4780010	30320	156	0
/X47/C4780020	30326	156	0
/X47/C4780030	30332	156	0
/X47/C4780040	30338	156	0
/X47/C4780050	30344	156	0
/X47/C4781000	30315	156	0
/X47/C4781010	30321	156	0
/X47/C4781020	30327	156	0
/X47/C4781030	30333	156	0
/X47/C4781040	30339	156	0
/X47/C4781050	30345	156	0
/X47/C4790000	30350	156	0
/X47/C4790010	30452	156	0
/X47/C4791000	30351	156	0
/X47/C4791010	30453	156	0
/X47/X4700000	30352	2528	0
/X47/X4700010	30358	2528	0
/X47/X4700020	30364	2528	0
/X47/X4700030	30370	2528	0
/X47/X4701000	30354	2528	0
/X47/X4701010	30360	2528	0
/X47/X4701020	30366	2528	0
/X47/X4701030	30372	2528	0
/X47/X4710000	30376	2528	0
/X47/X4710010	30382	2528	0
/X47/X4710020	30386	2528	0
/X47/X4711000	30378	2528	0
/X47/X4711010	30384	2528	0
/X47/X4711020	30388	2528	0
/X47/X4720000	30390	2528	0
/X47/X4720010	30396	2528	0
/X47/X4720020	30400	2528	0
/X47/X4720030	30404	2528	0
/X47/X4720040	30408	2528	0
/X47/X4720050	30412	2528	0
/X47/X4721000	30392	2528	0
/X47/X4721010	30398	2528	0
/X47/X4721020	30402	2528	0
/X47/X4721030	30406	2528	0
/X47/X4721040	30410	2528	0
/X47/X4721050	30414	2528	0
/X47/X4730000	30416	2528	0
/X47/X4730010	30422	2528	0
/X47/X4730020	30426	2528	0
/X47/X4731000	30418	2528	0
/X47/X4731010	30424	2528	0
/X47/X4731020	30428	2528	0
/X47/X4740000	30430	2528	0
/X47/X4740010	30436	2528	0
/X47/X4740020	30442	2528	0
/X47/X4740030	30224	2528	0
/X47/X4741000	30432	2528	0
/X47/X4741010	30438	2528	0
/X47/X4741020	30444	2528	0
/X47/X4741030	30226	2528	0
/X47/X4750000	30230	2528	0
/X47/X4750010	30236	2528	0
/X47/X4751000	30232	2528	0
/X47/X4751010	30238	2528	0
/X47/X4760000	30240	2528	0
/X47/X4760010	30246	2528	0
/X47/X4760020	30250	2528	0
/X47/X4760030	30254	2528	0
/X47/X4760040	30258	2528	0
/X47/X4760050	30262	2528	0
/X47/X4760090	30266	2528	0
/X47/X4760100	30270	2528	0
/X47/X4761000	30242	2528	0
/X47/X4761010	30248	2528	0
/X47/X4761020	30252	2528	0
/X47/X4761030	30256	2528	0
/X47/X4761040	30260	2528	0
/X47/X4761050	30264	2528	0
/X47/X4761090	30268	2528	0
/X47/X4761100	30272	2528	0
/X47/X4770000	30274	2528	0
/X47/X4770010	30280	2528	0
/X47/X4770020	30286	2528	0
/X47/X4770030	30292	2528	0
/X47/X4770060	30298	2528	0
/X47/X4770070	30304	2528	0
/X47/X4771000	30276	2528	0
/X47/X4771010	30282	2528	0
/X47/X4771020	30288	2528	0
/X47/X4771030	30294	2528	0
/X47/X4771060	30300	2528	0
/X47/X4771070	30306	2528	0
/X47/X4780000	30310	2528	0
/X47/X4780010	30316	2528	0
/X47/X4780020	30322	2528	0
/X47/X4780030	30328	2528	0
/X47/X4780040	30334	2528	0
/X47/X4780050	30340	2528	0
/X47/X4781000	30312	2528	0
/X47/X4781010	30318	2528	0
/X47/X4781020	30324	2528	0
/X47/X4781030	30330	2528	0
/X47/X4781040	30336	2528	0
/X47/X4781050	30342	2528	0
/X47/X4790000	30346	2528	0
/X47/X4790010	30448	2528	0
/X47/X4790020	30454	2528	0
/X47/X4791000	30348	2528	0
/X47/X4791010	30450	2528	0
/X47/X4791020	30456	2528	0
/X48	253	4096	1
/X48/C4800000	30532	156	0
/X48/C4801000	30533	156	0
/X48/C4810000	30546	156	0
/X48/C4811000	30547	156	0
/X48/C4820000	30556	156	0
/X48/C4820010	30562	156	0
/X48/C4821000	30557	156	0
/X48/C4821010	30563	156	0
/X48/C4830000	30568	156	0
/X48/C4831000	30569	156	0
/X48/C4840000	30509	156	0
/X48/C4841000	30510	156	0
/X48/C4841010	30515	156	0
/X48/C4841020	30504	156	0
/X48/C4850000	30520	94	0
/X48/C4850010	30526	94	0
/X48/C4851000	30521	156	0
/X48/C4851010	30527	156	0
/X48/C4860000	30462	156	0
/X48/C4860010	30468	218	0
/X48/C4860030	30474	156	0
/X48/C4861000	30463	156	0
/X48/C4861010	30469	156	0
/X48/C4861030	30475	156	0
/X48/C4870000	30480	156	0
/X48/C4871000	30481	156	0
/X48/C4880000	30486	156	0
/X48/C4881000	30487	156	0
/X48/C4890000	30492	156	0
/X48/C4890010	30498	156	0
/X48/C4891000	30493	156	0
/X48/C4891010	30499	156	0
/X48/X4800000	30528	2528	0
/X48/X4800010	30534	2528	0
/X48/X4800020	30538	2528	0
/X48/X4801000	30530	2528	0
/X48/X4801010	30536	2528	0
/X48/X4801020	30540	2528	0
/X48/X4810000	30542	2528	0
/X48/X4810010	30548	2528	0
/X48/X4811000	30544	2528	0
/X48/X4811010	30550	2528	0
/X48/X4820000	30552	2528	0
/X48/X4820010	30558	2528	0
/X48/X4821000	30554	2528	0
/X48/X4821010	30560	2528	0
/X48/X4830000	30564	2528	0
/X48/X4831000	30566	2528	0
/X48/X4840000	30505	2528	0
/X48/X4840010	30511	2528	0
/X48/X4840020	30500	2528	0
/X48/X4841000	30507	2528	0
/X48/X4841010	30513	2528	0
/X48/X4841020	30502	2528	0
/X48/X4850000	30516	2528	0
/X48/X4850010	30522	2528	0
/X48/X4851000	30518	2528	0
/X48/X4851010	30524	2528	0
/X48/X4860000	30458	2528	0
/X48/X4860010	30464	2528	0
/X48/X4860030	30470	2528	0
/X48/X4861000	30460	2528	0
/X48/X4861010	30466	2528	0
/X48/X4861030	30472	2528	0
/X48/X4870000	30476	2528	0
/X48/X4871000	30478	2528	0
/X48/X4880000	30482	2528	0
/X48/X4881000	30484	2528	0
/X48/X4890000	30488	2528	0
/X48/X4890010	30494	2528	0
/X48/X4891000	30490	2528	0
/X48/X4891010	30496	2528	0
/X49	255	4096	1
/X49/C4900000	30574	156	0
/X49/C4901000	30575	156	0
/X49/C4910000	30580	156	0
/X49/C4910010	30586	156	0
/X49/C4911000	30581	156	0
/X49/C4911010	30587	156	0
/X49/C4920000	30600	156	0
/X49/C4921000	30601	156	0
/X49/C4930000	30606	156	0
/X49/C4930010	30612	156	0
/X49/C4931000	30607	156	0
/X49/C4931010	30613	156	0
/X49/C4940000	30618	156	0
/X49/C4940010	30624	156	0
/X49/C4941000	30619	156	0
/X49/C4941010	30625	156	0
/X49/C4950000	30630	156	0
/X49/C4951000	30631	156	0
/X49/C4960000	30636	94	0
/X49/C4970000	30641	218	0
/X49/C4980000	30646	218	0
/X49/C4981000	30647	218	0
/X49/C4990000	30652	280	0
/X49/X4900000	30570	2528	0
/X49/X4901000	30572	2528	0
/X49/X4910000	30576	2528	0
/X49/X4910010	30582	2528	0
/X49/X4910020	30588	2528	0
/X49/X4910030	30592	2528	0
/X49/X4911000	30578	2528	0
/X49/X4911010	30584	2528	0
/X49/X4911020	30590	2528	0
/X49/X4911030	30594	2528	0
/X49/X4920000	30596	2528	0
/X49/X4921000	30598	2528	0
/X49/X4930000	30602	2528	0
/X49/X4930010	30608	2528	0
/X49/X4931000	30604	2528	0
/X49/X4931010	30610	2528	0
/X49/X4940000	30614	2528	0
/X49/X4940010	30620	2528	0
/X49/X4941000	30616	2528	0
/X49/X4941010	30622	2528	0
/X49/X4950000	30626	2528	0
/X49/X4951000	30628	2528	0
/X49/X4960000	30632	2528	0
/X49/X4961000	30634	2528	0
/X49/X4970000	30637	2528	0
/X49/X4971000	30639	2528	0
/X49/X4980000	30642	2528	0
/X49/X4981000	30644	2528	0
/X49/X4990000	30648	2528	0
/X49/X4991000	30650	2528	0
/X50	257	2048	1
/X50/C5000000	30657	156	0
/X50/C5010000	30662	156	0
/X50/C5020000	30667	156	0
/X50/C5040000	30686	156	0
/X50/C5041000	30687	156	0
/X50/C5050000	30697	218	0
/X50/C5060000	30676	156	0
/X50/C5070000	30692	156	0
/X50/C5080000	30702	156	0
/X50/C5090000	30681	156	0
/X50/X5000000	30653	2528	0
/X50/X5001000	30655	2528	0
/X50/X5010000	30658	2528	0
/X50/X5011000	30660	2528	0
/X50/X5020000	30663	2528	0
/X50/X5021000	30665	2528	0
/X50/X5030000	30668	2528	0
/X50/X5031000	30670	2528	0
/X50/X5040000	30682	2528	0
/X50/X5041000	30684	2528	0
/X50/X5050000	30693	2528	0
/X50/X5051000	30695	2528	0
/X50/X5060000	30672	2528	0
/X50/X5061000	30674	2528	0
/X50/X5070000	30688	2528	0
/X50/X5071000	30690	2528	0
/X50/X5080000	30698	2528	0
/X50/X5081000	30700	2528	0
/X50/X5090000	30677	2528	0
/X50/X5091000	30679	2528	0
/X51	258	8192	1
/X51/C5100000	30835	156	0
/X51/C5100010	30841	156	0
/X51/C5100020	30847	156	0
/X51/C5100030	30853	156	0
/X51/C5101000	30836	156	0
/X51/C5101010	30842	156	0
/X51/C5101020	30848	156	0
/X51/C5101030	30854	156	0
/X51/C5110000	30859	156	0
/X51/C5111000	30860	156	0
/X51/C5120000	30873	156	0
/X51/C5121000	30874	156	0
/X51/C5130000	30899	156	0
/X51/C5131000	30900	156	0
/X51/C5140000	30913	156	0
/X51/C5140010	30919	156	0
/X51/C5140020	30925	156	0
/X51/C5140030	30707	156	0
/X51/C5141000	30914	156	0
/X51/C5141010	30920	156	0
/X51/C5141020	30926	156	0
/X51/C5141030	30708	156	0
/X51/C5150000	30713	156	0
/X51/C5151000	30714	156	0
/X51/C5160000	30723	156	0
/X51/C5161000	30724	156	0
/X51/C5170000	30757	156	0
/X51/C5170010	30763	156	0
/X51/C5170020	30769	156	0
/X51/C5170030	30775	156	0
/X51/C5170060	30781	156	0
/X51/C5170070	30787	156	0
/X51/C5171000	30758	156	0
/X51/C5171010	30764	156	0
/X51/C5171020	30770	156	0
/X51/C5171030	30776	156	0
/X51/C5171060	30782	156	0
/X51/C5171070	30788	156	0
/X51/C5180000	30793	156	0
/X51/C5180010	30799	156	0
/X51/C5180020	30805	156	0
/X51/C5180030	30811	156	0
/X51/C5180040	30817	156	0
/X51/C5180050	30823	156	0
/X51/C5181000	30794	156	0
/X51/C5181010	30800	156	0
/X51/C5181020	30806	156	0
/X51/C5181030	30812	156	0
/X51/C5181040	30818	156	0
/X51/C5181050	30824	156	0
/X51/C5190000	30829	156	0
/X51/C5190010	30931	156	0
/X51/C5191000	30830	156	0
/X51/C5191010	30932	156	0
/X51/X5100000	30831	2528	0
/X51/X5100010	30837	2528	0
/X51/X5100020	30843	2528	0
/X51/X5100030	30849	2528	0
/X51/X5101000	30833	2528	0
/X51/X5101010	30839	2528	0
/X51/X5101020	30845	2528	0
/X51/X5101030	30851	2528	0
/X51/X5110000	30855	2528	0
/X51/X5110010	30861	2528	0
/X51/X5110020	30865	2528	0
/X51/X5111000	30857	2528	0
/X51/X5111010	30863	2528	0
/X51/X5111020	30867	2528	0
/X51/X5120000	30869	2528	0
/X51/X5120010	30875	2528	0
/X51/X5120020	30879	2528	0
/X51/X5120030	30883	2528	0
/X51/X5120040	30887	2528	0
/X51/X5120050	30891	2528	0
/X51/X5121000	30871	2528	0
/X51/X5121010	30877	2528	0
/X51/X5121020	30881	2528	0
/X51/X5121030	30885	2528	0
/X51/X5121040	30889	2528	0
/X51/X5121050	30893	2528	0
/X51/X5130000	30895	2528	0
/X51/X5130010	30901	2528	0
/X51/X5130020	30905	2528	0
/X51/X5131000	30897	2528	0
/X51/X5131010	30903	2528	0
/X51/X5131020	30907	2528	0
/X51/X5140000	30909	2528	0
/X51/X5140010	30915	2528	0
/X51/X5140020	30921	2528	0
/X51/X5140030	30703	2528	0
/X51/X5141000	30911	2528	0
/X51/X5141010	30917	2528	0
/X51/X5141020	30923	2528	0
/X51/X5141030	30705	2528	0
/X51/X5150000	30709	2528	0
/X51/X5150010	30715	2528	0
/X51/X5151000	30711	2528	0
/X51/X5151010	30717	2528	0
/X51/X5160000	30719	2528	0
/X51/X5160010	30725	2528	0
/X51/X5160020	30729	2528	0
/X51/X5160030	30733	2528	0
/X51/X5160040	30737	2528	0
/X51/X5160050	30741	2528	0
/X51/X5160090	30745	2528	0
/X51/X5160100	30749	2528	0
/X51/X5161000	30721	2528	0
/X51/X5161010	30727	2528	0
/X51/X5161020	30731	2528	0
/X51/X5161030	30735	2528	0
/X51/X5161040	30739	2528	0
/X51/X5161050	30743	2528	0
/X51/X5161090	30747	2528	0
/X51/X5161100	30751	2528	0
/X51/X5170000	30753	2528	0
/X51/X5170010	30759	2528	0
/X51/X5170020	30765	2528	0
/X51/X5170030	30771	2528	0
/X51/X5170060	30777	2528	0
/X51/X5170070	30783	2528	0
/X51/X5171000	30755	2528	0
/X51/X5171010	30761	2528	0
/X51/X5171020	30767	2528	0
/X51/X5171030	30773	2528	0
/X51/X5171060	30779	2528	0
/X51/X5171070	30785	2528	0
/X51/X5180000	30789	2528	0
/X51/X5180010	30795	2528	0
/X51/X5180020	30801	2528	0
/X51/X5180030	30807	2528	0
/X51/X5180040	30813	2528	0
/X51/X5180050	30819	2528	0
/X51/X5181000	30791	2528	0
/X51/X5181010	30797	2528	0
/X51/X5181020	30803	2528	0
/X51/X5181030	30809	2528	0
/X51/X5181040	30815	2528	0
/X51/X5181050	30821	2528	0
/X51/X5190000	30825	2528	0
/X51/X5190010	30927	2528	0
/X51/X5190020	30933	2528	0
/X51/X5191000	30827	2528	0
/X51/X5191010	30929	2528	0
/X51/X5191020	30935	2528	0
/X52	262	4096	1
/X52/C5200000	31011	156	0
/X52/C5201000	31012	156	0
/X52/C5210000	31025	156	0
/X52/C5211000	31026	156	0
/X52/C5220000	31035	156	0
/X52/C5220010	31041	156	0
/X52/C5221000	31036	156	0
/X52/C5221010	31042	156	0
/X52/C5230000	31047	156	0
/X52/C5231000	31048	156	0
/X52/C5240000	30988	156	0
/X52/C5241000	30989	156	0
/X52/C5241010	30994	156	0
/X52/C5241020	30983	156	0
/X52/C5250000	30999	94	0
/X52/C5250010	31005	94	0
/X52/C5251000	31000	156	0
/X52/C5251010	31006	156	0
/X52/C5260000	30941	156	0
/X52/C5260010	30947	218	0
/X52/C5260030	30953	156	0
/X52/C5261000	30942	156	0
/X52/C5261010	30948	156	0
/X52/C5261030	30954	156	0
/X52/C5270000	30959	156	0
/X52/C5271000	30960	156	0
/X52/C5280000	30965	156	0
/X52/C5281000	30966	156	0
/X52/C5290000	30971	156	0
/X52/C5290010	30977	156	0
/X52/C5291000	30972	156	0
/X52/C5291010	30978	156	0
/X52/X5200000	31007	2528	0
/X52/X5200010	31013	2528	0
/X52/X5200020	31017	2528	0
/X52/X5201000	31009	2528	0
/X52/X5201010	31015	2528	0
/X52/X5201020	31019	2528	0
/X52/X5210000	31021	2528	0
/X52/X5210010	31027	2528	0
/X52/X5211000	31023	2528	0
/X52/X5211010	31029	2528	0
/X52/X5220000	31031	2528	0
/X52/X5220010	31037	2528	0
/X52/X5221000	31033	2528	0
/X52/X5221010	31039	2528	0
/X52/X5230000	31043	2528	0
/X52/X5231000	31045	2528	0
/X52/X5240000	30984	2528	0
/X52/X5240010	30990	2528	0
/X52/X5240020	30979	2528	0
/X52/X5241000	30986	2528	0
/X52/X5241010	30992	2528	0
/X52/X5241020	30981	2528	0
/X52/X5250000	30995	2528	0
/X52/X5250010	31001	2528	0
/X52/X5251000	30997	2528	0
/X52/X5251010	31003	2528	0
/X52/X5260000	30937	2528	0
/X52/X5260010	30943	2528	0
/X52/X5260030	30949	2528	0
/X52/X5261000	30939	2528	0
/X52/X5261010	30945	2528	0
/X52/X5261030	30951	2528	0
/X52/X5270000	30955	2528	0
/X52/X5271000	30957	2528	0
/X52/X5280000	30961	2528	0
/X52/X5281000	30963	2528	0
/X52/X5290000	30967	2528	0
/X52/X5290010	30973	2528	0
/X52/X5291000	30969	2528	0
/X52/X5291010	30975	2528	0
/X53	264	4096	1
/X53/C5300000	31053	156	0
/X53/C5301000	31054	156	0
/X53/C5310000	31059	156	0
/X53/C5310010	31065	156	0
/X53/C5311000	31060	156	0
/X53/C5311010	31066	156	0
/X53/C5320000	31079	156	0
/X53/C5321000	31080	156	0
/X53/C5330000	31085	156	0
/X53/C5330010	31091	156	0
/X53/C5331000	31086	156	0
/X53/C5331010	31092	156	0
/X53/C5340000	31097	156	0
/X53/C5340010	31103	156	0
/X53/C5341000	31098	156	0
/X53/C5341010	31104	156	0
/X53/C5350000	31109	156	0
/X53/C5351000	31110	156	0
/X53/C5360000	31115	94	0
/X53/C5370000	31120	218	0
/X53/C5380000	31125	218	0
/X53/C5381000	31126	218	0
/X53/C5390000	31131	280	0
/X53/X5300000	31049	2528	0
/X53/X5301000	31051	2528	0
/X53/X5310000	31055	2528	0
/X53/X5310010	31061	2528	0
/X53/X5310020	31067	2528	0
/X53/X5310030	31071	2528	0
/X53/X5311000	31057	2528	0
/X53/X5311010	31063	2528	0
/X53/X5311020	31069	2528	0
/X53/X5311030	31073	2528	0
/X53/X5320000	31075	2528	0
/X53/X5321000	31077	2528	0
/X53/X5330000	31081	2528	0
/X53/X5330010	31087	2528	0
/X53/X5331000	31083	2528	0
/X53/X5331010	31089	2528	0
/X53/X5340000	31093	2528	0
/X53/X5340010	31099	2528	0
/X53/X5341000	31095	2528	0
/X53/X5341010	31101	2528	0
/X53/X5350000	31105	2528	0
/X53/X5351000	31107	2528	0
/X53/X5360000	31111	2528	0
/X53/X5361000	31113	2528	0
/X53/X5370000	31116	2528	0
/X53/X5371000	31118	2528	0
/X53/X5380000	31121	2528	0
/X53/X5381000	31123	2528	0
/X53/X5390000	31127	2528	0
/X53/X5391000	31129	2528	0
/X54	266	2048	1
/X54/C5400000	31136	156	0
/X54/C5410000	31141	156	0
/X54/C5420000	31146	156	0
/X54/C5430000	31182	94	0
/X54/C5440000	31165	156	0
/X54/C5441000	31166	156	0
/X54/C5450000	31176	218	0
/X54/C5460000	31155	156	0
/X54/C5470000	31171	156	0
/X54/C5480000	31181	156	0
/X54/C5490000	31160	156	0
/X54/X5400000	31132	2528	0
/X54/X5401000	31134	2528	0
/X54/X5410000	31137	2528	0
/X54/X5411000	31139	2528	0
/X54/X5420000	31142	2528	0
/X54/X5421000	31144	2528	0
/X54/X5430000	31147	2528	0
/X54/X5431000	31149	2528	0
/X54/X5440000	31161	2528	0
/X54/X5441000	31163	2528	0
/X54/X5450000	31172	2528	0
/X54/X5451000	31174	2528	0
/X54/X5460000	31151	2528	0
/X54/X5461000	31153	2528	0
/X54/X5470000	31167	2528	0
/X54/X5471000	31169	2528	0
/X54/X5480000	31177	2528	0
/X54/X5481000	31179	2528	0
/X54/X5490000	31156	2528	0
/X54/X5491000	31158	2528	0
/X55	267	6144	1
/X55/C5500000	31262	218	0
/X55/C5510000	31207	156	0
/X55/C5510010	31208	156	0
/X55/C5510020	31209	156	0
/X55/C5511000	31210	156	0
/X55/C5511010	31211	156	0
/X55/C5511020	31212	156	0
/X55/C5520000	31213	218	0
/X55/C5520010	31214	218	0
/X55/C5520020	31215	218	0
/X55/C5521010	31216	218	0
/X55/C5521020	31217	218	0
/X55/C5530000	31263	218	0
/X55/C5530010	31264	218	0
/X55/C5531000	31265	218	0
/X55/C5531010	31266	218	0
/X55/C5541000	31267	156	0
/X55/C5541010	31268	156	0
/X55/C5550000	31269	156	0
/X55/C5550010	31270	156	0
/X55/C5551000	31271	156	0
/X55/C5551010	31272	156	0
/X55/C5560000	31273	218	0
/X55/C5560010	31274	218	0
/X55/C5561000	31275	218	0
/X55/C5561010	31276	218	0
/X55/C5570000	31277	156	0
/X55/C5571000	31278	218	0
/X55/C5580000	31279	218	0
/X55/C5581000	31280	218	0
/X55/C5590000	31281	156	0
/X55/C5590011	31287	156	0
/X55/C5590012	31292	156	0
/X55/C5590020	31349	156	0
/X55/C5590031	31297	156	0
/X55/C5590032	31303	156	0
/X55/C5590040	31355	156	0
/X55/C5590050	31361	156	0
/X55/C5590061	31309	156	0
/X55/C5590062	31315	156	0
/X55/C5590071	31321	156	0
/X55/C5590072	31327	156	0
/X55/C5590080	31367	156	0
/X55/C5590091	31333	156	0
/X55/C5590092	31339	156	0
/X55/C5591000	31282	156	0
/X55/C5591020	31350	156	0
/X55/C5591031	31298	156	0
/X55/C5591032	31304	156	0
/X55/C5591040	31356	156	0
/X55/C5591050	31362	156	0
/X55/C5591061	31310	156	0
/X55/C5591062	31316	156	0
/X55/C5591071	31322	156	0
/X55/C5591072	31328	156	0
/X55/C5591080	31368	156	0
/X55/C5591091	31334	156	0
/X55/C5591092	31340	156	0
/X55/X5500000	31218	2528	0
/X55/X5501000	31220	2528	0
/X55/X5510000	31183	2528	0
/X55/X5510010	31185	2528	0
/X55/X5510020	31187	2528	0
/X55/X5511000	31189	2528	0
/X55/X5511010	31191	2528	0
/X55/X5511020	31193	2528	0
/X55/X5520000	31195	2528	0
/X55/X5520010	31197	2528	0
/X55/X5520020	31199	2528	0
/X55/X5521000	31201	2528	0
/X55/X5521010	31203	2528	0
/X55/X5521020	31205	2528	0
/X55/X5530000	31222	2528	0
/X55/X5530010	31224	2528	0
/X55/X5531000	31226	2528	0
/X55/X5531010	31228	2528	0
/X55/X5540000	31230	2528	0
/X55/X5540010	31232	2528	0
/X55/X5541000	31234	2528	0
/X55/X5541010	31236	2528	0
/X55/X5550000	31238	2528	0
/X55/X5550010	31240	2528	0
/X55/X5551000	31242	2528	0
/X55/X5551010	31244	2528	0
/X55/X5560000	31246	2528	0
/X55/X5560010	31248	2528	0
/X55/X5561000	31250	2528	0
/X55/X5561010	31252	2528	0
/X55/X5570000	31254	2528	0
/X55/X5571000	31256	2528	0
/X55/X5580000	31258	2528	0
/X55/X5581000	31260	2528	0
/X55/X5590000	31341	2528	0
/X55/X5590011	31283	2528	0
/X55/X5590012	31288	2528	0
/X55/X5590020	31345	2528	0
/X55/X5590031	31293	2528	0
/X55/X5590032	31299	2528	0
/X55/X5590040	31351	2528	0
/X55/X5590050	31357	2528	0
/X55/X5590061	31305	2528	0
/X55/X5590062	31311	2528	0
/X55/X5590071	31317	2528	0
/X55/X5590072	31323	2528	0
/X55/X5590080	31363	2528	0
/X55/X5590091	31329	2528	0
/X55/X5590092	31335	2528	0
/X55/X5591000	31343	2528	0
/X55/X5591011	31285	2528	0
/X55/X5591012	31290	2528	0
/X55/X5591020	31347	2528	0
/X55/X5591031	31295	2528	0
/X55/X5591032	31301	2528	0
/X55/X5591040	31353	2528	0
/X55/X5591050	31359	2528	0
/X55/X5591061	31307	2528	0
/X55/X5591062	31313	2528	0
/X55/X5591071	31319	2528	0
/X55/X5591072	31325	2528	0
/X55/X5591080	31365	2528	0
/X55/X5591091	31331	2528	0
/X55/X5591092	31337	2528	0
/X56	270	12288	1
/X56/C5600000	31369	156	0
/X56/C5600020	31370	156	0
/X56/C5600040	31371	156	0
/X56/C5600050	31372	156	0
/X56/C5600080	31373	156	0
/X56/C5601000	31374	156	0
/X56/C5601020	31375	156	0
/X56/C5601040	31376	156	0
/X56/C5610000	31377	156	0
/X56/C5610020	31378	156	0
/X56/C5610040	31379	156	0
/X56/C5610050	31380	156	0
/X56/C5610080	31381	156	0
/X56/C5610091	31382	156	0
/X56/C5610092	31383	156	0
/X56/C5611000	31384	156	0
/X56/C5611020	31385	156	0
/X56/C5611031	31386	156	0
/X56/C5611032	31387	156	0
/X56/C5611040	31388	156	0
/X56/C5611050	31389	156	0
/X56/C5611080	31390	156	0
/X56/C5611091	31391	156	0
/X56/C5611092	31392	156	0
/X56/C5620000	31393	156	0
/X56/C5621000	31394	156	0
/X56/C5630000	31395	156	0
/X56/C5631000	31396	156	0
/X56/C5640000	31397	156	0
/X56/C5641000	31398	156	0
/X56/C5650000	31399	156	0
/X56/C5650010	31400	156	0
/X56/C5650011	31401	156	0
/X56/C5650012	31402	156	0
/X56/C5650020	31403	156	0
/X56/C5650021	31404	156	0
/X56/C5650022	31405	156	0
/X56/C5650031	31406	156	0
/X56/C5650032	31407	156	0
/X56/C5651000	31408	156	0
/X56/C5651010	31409	156	0
/X56/C5651011	31410	156	0
/X56/C5651012	31411	156	0
/X56/C5651020	31412	156	0
/X56/C5651021	31413	156	0
/X56/C5651022	31414	156	0
/X56/C5651031	31415	156	0
/X56/C5651032	31416	156	0
/X56/C5660000	31417	156	0
/X56/C5661000	31418	156	0
/X56/C5670000	31419	156	0
/X56/C5670010	31803	156	0
/X56/C5671000	31420	156	0
/X56/C5671010	31804	156	0
/X56/C5680000	31421	156	0
/X56/C5681000	31422	156	0
/X56/C5690000	31423	156	0
/X56/C5691000	31424	156	0
/X56/X5600000	31425	2528	0
/X56/X5600020	31427	2528	0
/X56/X5600040	31429	2528	0
/X56/X5600050	31431	2528	0
/X56/X5600080	31433	2528	0
/X56/X5601000	31435	2528	0
/X56/X5601020	31437	2528	0
/X56/X5601040	31439	2528	0
/X56/X5601050	31441	2528	0
/X56/X5601080	31443	2528	0
/X56/X5610000	31445	2528	0
/X56/X5610020	31447	2528	0
/X56/X5610040	31449	2528	0
/X56/X5610050	31451	2528	0
/X56/X5610080	31453	2528	0
/X56/X5610091	31455	2528	0
/X56/X5610092	31457	2528	0
/X56/X5611000	31459	2528	0
/X56/X5611020	31461	2528	0
/X56/X5611040	31463	2528	0
/X56/X5611050	31465	2528	0
/X56/X5611061	31467	2528	0
/X56/X5611080	31469	2528	0
/X56/X5611091	31471	2528	0
/X56/X5611092	31473	2528	0
/X56/X5620000	31475	2528	0
/X56/X5620011	31477	2528	0
/X56/X5620020	31479	2528	0
/X56/X5620032	31481	2528	0
/X56/X5620040	31483	2528	0
/X56/X5620050	31485	2528	0
/X56/X5620080	31487	2528	0
/X56/X5620091	31489	2528	0
/X56/X5620092	31491	2528	0
/X56/X5621000	31493	2528	0
/X56/X5621011	31495	2528	0
/X56/X5621020	31497	2528	0
/X56/X5621032	31499	2528	0
/X56/X5621040	31501	2528	0
/X56/X5621050	31503	2528	0
/X56/X5621080	31505	2528	0
/X56/X5621091	31507	2528	0
/X56/X5621092	31509	2528	0
/X56/X5630000	31511	2528	0
/X56/X5630020	31513	2528	0
/X56/X5630031	31515	2528	0
/X56/X5630032	31517	2528	0
/X56/X5630040	31519	2528	0
/X56/X5630050	31521	2528	0
/X56/X5630061	31523	2528	0
/X56/X5630062	31525	2528	0
/X56/X5630071	31527	2528	0
/X56/X5630072	31529	2528	0
/X56/X5630080	31531	2528	0
/X56/X5630091	31533	2528	0
/X56/X5630092	31535	2528	0
/X56/X5631000	31537	2528	0
/X56/X5631020	31539	2528	0
/X56/X5631031	31541	2528	0
/X56/X5631032	31543	2528	0
/X56/X5631040	31545	2528	0
/X56/X5631050	31547	2528	0
/X56/X5631061	31549	2528	0
/X56/X5631062	31551	2528	0
/X56/X5631071	31553	2528	0
/X56/X5631072	31555	2528	0
/X56/X5631080	31557	2528	0
/X56/X5631091	31559	2528	0
/X56/X5631092	31561	2528	0
/X56/X5640000	31563	2528	0
/X56/X5640011	31565	2528	0
/X56/X5640012	31567	2528	0
/X56/X5640020	31569	2528	0
/X56/X5640031	31571	2528	0
/X56/X5640032	31573	2528	0
/X56/X5640040	31575	2528	0
/X56/X5640050	31577	2528	0
/X56/X5640061	31579	2528	0
/X56/X5640062	31581	2528	0
/X56/X5640071	31583	2528	0
/X56/X5640072	31585	2528	0
/X56/X5640080	31587	2528	0
/X56/X5640091	31589	2528	0
/X56/X5640092	31591	2528	0
/X56/X5641000	31593	2528	0
/X56/X5641011	31595	2528	0
/X56/X5641012	31597	2528	0
/X56/X5641020	31599	2528	0
/X56/X5641031	31601	2528	0
/X56/X5641032	31603	2528	0
/X56/X5641040	31605	2528	0
/X56/X5641050	31607	2528	0
/X56/X5641061	31609	2528	0
/X56/X5641062	31611	2528	0
/X56/X5641071	31613	2528	0
/X56/X5641072	31615	2528	0
/X56/X5641080	31617	2528	0
/X56/X5641091	31619	2528	0
/X56/X5641092	31621	2528	0
/X56/X5650000	31623	2528	0
/X56/X5650010	31625	2528	0
/X56/X5650011	31627	2528	0
/X56/X5650012	31629	2528	0
/X56/X5650020	31631	2528	0
/X56/X5650021	31633	2528	0
/X56/X5650022	31635	2528	0
/X56/X5650031	31637	2528	0
/X56/X5650032	31639	2528	0
/X56/X5651000	31641	2528	0
/X56/X5651010	31643	2528	0
/X56/X5651011	31645	2528	0
/X56/X5651012	31647	2528	0
/X56/X5651020	31649	2528	0
/X56/X5651021	31651	2528	0
/X56/X5651022	31653	2528	0
/X56/X5651031	31655	2528	0
/X56/X5651032	31657	2528	0
/X56/X5660000	31659	2528	0
/X56/X5660010	31661	2528	0
/X56/X5660011	31663	2528	0
/X56/X5660012	31665	2528	0
/X56/X5660020	31667	2528	0
/X56/X5660021	31669	2528	0
/X56/X5660022	31671	2528	0
/X56/X5660031	31673	2528	0
/X56/X5660032	31675	2528	0
/X56/X5661000	31677	2528	0
/X56/X5661010	31679	2528	0
/X56/X5661011	31681	2528	0
/X56/X5661012	31683	2528	0
/X56/X5661020	31685	2528	0
/X56/X5661021	31687	2528	0
/X56/X5661022	31689	2528	0
/X56/X5661031	31691	2528	0
/X56/X5661032	31693	2528	0
/X56/X5670000	31695	2528	0
/X56/X5670010	31697	2528	0
/X56/X5670011	31699	2528	0
/X56/X5670012	31701	2528	0
/X56/X5670020	31703	2528	0
/X56/X5670021	31705	2528	0
/X56/X5670022	31707	2528	0
/X56/X5670031	31709	2528	0
/X56/X5670032	31711	2528	0
/X56/X5671000	31713	2528	0
/X56/X5671010	31715	2528	0
/X56/X5671011	31717	2528	0
/X56/X5671012	31719	2528	0
/X56/X5671020	31721	2528	0
/X56/X5671021	31723	2528	0
/X56/X5671022	31725	2528	0
/X56/X5671031	31727	2528	0
/X56/X5671032	31729	2528	0
/X56/X5680000	31731	2528	0
/X56/X5680010	31733	2528	0
/X56/X5680011	31735	2528	0
/X56/X5680012	31737	2528	0
/X56/X5680020	31739	2528	0
/X56/X5680021	31741	2528	0
/X56/X5680022	31743	2528	0
/X56/X5680031	31745	2528	0
/X56/X5680032	31747	2528	0
/X56/X5681000	31749	2528	0
/X56/X5681010	31751	2528	0
/X56/X5681011	31753	2528	0
/X56/X5681012	31755	2528	0
/X56/X5681020	31757	2528	0
/X56/X5681021	31759	2528	0
/X56/X5681022	31761	2528	0
/X56/X5681031	31763	2528	0
/X56/X5681032	31765	2528	0
/X56/X5690000	31767	2528	0
/X56/X5690010	31769	2528	0
/X56/X5690011	31771	2528	0
/X56/X5690012	31773	2528	0
/X56/X5690020	31775	2528	0
/X56/X5690021	31777	2528	0
/X56/X5690022	31779	2528	0
/X56/X5690031	31781	2528	0
/X56/X5690032	31783	2528	0
/X56/X5691000	31785	2528	0
/X56/X5691010	31787	2528	0
/X56/X5691011	31789	2528	0
/X56/X5691012	31791	2528	0
/X56/X5691020	31793	2528	0
/X56/X5691021	31795	2528	0
/X56/X5691022	31797	2528	0
/X56/X5691031	31799	2528	0
/X56/X5691032	31801	2528	0
/X57	276	6144	1
/X57/C5701000	31949	156	0
/X57/C5710000	31962	156	0
/X57/C5711000	31963	156	0
/X57/C5720000	31968	156	0
/X57/C5721000	31969	156	0
/X57/C5730000	31974	156	0
/X57/C5731000	31975	156	0
/X57/C5740000	31980	156	0
/X57/C5741000	31981	156	0
/X57/C5760000	31990	156	0
/X57/C5761000	31991	156	0
/X57/C5770000	31996	156	0
/X57/C5770011	31881	156	0
/X57/C5770012	31887	156	0
/X57/C5770020	32002	156	0
/X57/C5770031	31893	156	0
/X57/C5770032	31899	156	0
/X57/C5771000	31997	156	0
/X57/C5771011	31882	156	0
/X57/C5771012	31888	156	0
/X57/C5771020	32003	156	0
/X57/C5771031	31894	156	0
/X57/C5771032	31900	156	0
/X57/C5780000	32008	156	0
/X57/C5781000	32009	156	0
/X57/C5790000	32014	156	0
/X57/C5790010	32020	156	0
/X57/C5790021	31913	156	0
/X57/C5790022	31919	156	0
/X57/C5790031	31925	156	0
/X57/C5790032	31931	156	0
/X57/C5790060	32026	156	0
/X57/C5790071	31937	156	0
/X57/C5790072	31943	156	0
/X57/C5791000	32015	156	0
/X57/C5791010	32021	156	0
/X57/C5791021	31914	156	0
/X57/C5791022	31920	156	0
/X57/C5791031	31926	156	0
/X57/C5791032	31932	156	0
/X57/C5791060	32027	156	0
/X57/C5791071	31938	156	0
/X57/C5791072	31944	156	0
/X57/X5700000	31945	2528	0
/X57/X5700010	31950	2528	0
/X57/X5700011	31805	2528	0
/X57/X5700012	31809	2528	0
/X57/X5700020	31954	2528	0
/X57/X5700021	31813	2528	0
/X57/X5700022	31817	2528	0
/X57/X5700031	31821	2528	0
/X57/X5700032	31825	2528	0
/X57/X5701000	31947	2528	0
/X57/X5701010	31952	2528	0
/X57/X5701011	31807	2528	0
/X57/X5701012	31811	2528	0
/X57/X5701020	31956	2528	0
/X57/X5701021	31815	2528	0
/X57/X5701022	31819	2528	0
/X57/X5701031	31823	2528	0
/X57/X5701032	31827	2528	0
/X57/X5710000	31958	2528	0
/X57/X5710011	31829	2528	0
/X57/X5710012	31833	2528	0
/X57/X5711000	31960	2528	0
/X57/X5711011	31831	2528	0
/X57/X5711012	31835	2528	0
/X57/X5720000	31964	2528	0
/X57/X5720011	31837	2528	0
/X57/X5720012	31841	2528	0
/X57/X5721000	31966	2528	0
/X57/X5721011	31839	2528	0
/X57/X5721012	31843	2528	0
/X57/X5730000	31970	2528	0
/X57/X5730011	31845	2528	0
/X57/X5730012	31849	2528	0
/X57/X5731000	31972	2528	0
/X57/X5731011	31847	2528	0
/X57/X5731012	31851	2528	0
/X57/X5740000	31976	2528	0
/X57/X5740011	31853	2528	0
/X57/X5740012	31857	2528	0
/X57/X5741000	31978	2528	0
/X57/X5741011	31855	2528	0
/X57/X5741012	31859	2528	0
/X57/X5750000	31982	2528	0
/X57/X5750011	31861	2528	0
/X57/X5750012	31865	2528	0
/X57/X5751000	31984	2528	0
/X57/X5751011	31863	2528	0
/X57/X5751012	31867	2528	0
/X57/X5760000	31986	2528	0
/X57/X5760011	31869	2528	0
/X57/X5760012	31873	2528	0
/X57/X5761000	31988	2528	0
/X57/X5761011	31871	2528	0
/X57/X5761012	31875	2528	0
/X57/X5770000	31992	2528	0
/X57/X5770011	31877	2528	0
/X57/X5770012	31883	2528	0
/X57/X5770020	31998	2528	0
/X57/X5770031	31889	2528	0
/X57/X5770032	31895	2528	0
/X57/X5771000	31994	2528	0
/X57/X5771011	31879	2528	0
/X57/X5771012	31885	2528	0
/X57/X5771020	32000	2528	0
/X57/X5771031	31891	2528	0
/X57/X5771032	31897	2528	0
/X57/X5780000	32004	2528	0
/X57/X5780011	31901	2528	0
/X57/X5780012	31905	2528	0
/X57/X5781000	32006	2528	0
/X57/X5781011	31903	2528	0
/X57/X5781012	31907	2528	0
/X57/X5790000	32010	2528	0
/X57/X5790010	32016	2528	0
/X57/X5790021	31909	2528	0
/X57/X5790022	31915	2528	0
/X57/X5790031	31921	2528	0
/X57/X5790032	31927	2528	0
/X57/X5790060	32022	2528	0
/X57/X5790071	31933	2528	0
/X57/X5790072	31939	2528	0
/X57/X5791000	32012	2528	0
/X57/X5791010	32018	2528	0
/X57/X5791021	31911	2528	0
/X57/X5791022	31917	2528	0
/X57/X5791031	31923	2528	0
/X57/X5791032	31929	2528	0
/X57/X5791060	32024	2528	0
/X57/X5791071	31935	2528	0
/X57/X5791072	31941	2528	0
/X58	279	8192	1
/X58/C5800000	32028	156	0
/X58/C5801000	32029	156	0
/X58/C5810000	32030	156	0
/X58/C5811000	32031	156	0
/X58/C5830000	32032	156	0
/X58/C5831000	32033	156	0
/X58/C5831010	32270	156	0
/X58/C5831021	32120	156	0
/X58/C5831022	32125	156	0
/X58/C5831031	32130	156	0
/X58/C5831032	32135	156	0
/X58/C5831040	32275	156	0
/X58/C5831051	32140	156	0
/X58/C5831052	32145	156	0
/X58/C5850000	32034	156	0
/X58/C5851000	32035	156	0
/X58/C5860000	32036	156	0
/X58/C5860011	32182	156	0
/X58/C5860012	32188	156	0
/X58/C5861000	32037	156	0
/X58/C5861011	32183	156	0
/X58/C5861012	32189	156	0
/X58/C5870000	32038	156	0
/X58/C5870011	32194	156	0
/X58/C5870012	32200	156	0
/X58/C5871000	32039	156	0
/X58/C5871011	32195	156	0
/X58/C5871012	32201	156	0
/X58/C5880000	32040	156	0
/X58/C5880011	32206	156	0
/X58/C5880012	32212	156	0
/X58/C5881000	32041	156	0
/X58/C5881011	32207	156	0
/X58/C5881012	32213	156	0
/X58/C5890000	32042	156	0
/X58/C5890011	32218	156	0
/X58/C5890012	32224	156	0
/X58/C5891000	32043	156	0
/X58/C5891011	32219	156	0
/X58/C5891012	32225	156	0
/X58/X5800000	32226	2528	0
/X58/X5800010	32230	2528	0
/X58/X5800021	32044	2528	0
/X58/X5800022	32048	2528	0
/X58/X5800031	32052	2528	0
/X58/X5800032	32056	2528	0
/X58/X5800040	32234	2528	0
/X58/X5800051	32060	2528	0
/X58/X5800052	32064	2528	0
/X58/X5801000	32228	2528	0
/X58/X5801010	32232	2528	0
/X58/X5801021	32046	2528	0
/X58/X5801022	32050	2528	0
/X58/X5801031	32054	2528	0
/X58/X5801032	32058	2528	0
/X58/X5801040	32236	2528	0
/X58/X5801051	32062	2528	0
/X58/X5801052	32066	2528	0
/X58/X5810000	32238	2528	0
/X58/X5810010	32242	2528	0
/X58/X5810021	32068	2528	0
/X58/X5810022	32072	2528	0
/X58/X5810031	32076	2528	0
/X58/X5810032	32080	2528	0
/X58/X5810040	32246	2528	0
/X58/X5810051	32084	2528	0
/X58/X5810052	32088	2528	0
/X58/X5811000	32240	2528	0
/X58/X5811010	32244	2528	0
/X58/X5811021	32070	2528	0
/X58/X5811022	32074	2528	0
/X58/X5811031	32078	2528	0
/X58/X5811032	32082	2528	0
/X58/X5811040	32248	2528	0
/X58/X5811051	32086	2528	0
/X58/X5811052	32090	2528	0
/X58/X5820000	32250	2528	0
/X58/X5820010	32254	2528	0
/X58/X5820021	32092	2528	0
/X58/X5820022	32096	2528	0
/X58/X5820031	32100	2528	0
/X58/X5820032	32104	2528	0
/X58/X5820040	32258	2528	0
/X58/X5820051	32108	2528	0
/X58/X5820052	32112	2528	0
/X58/X5821000	32252	2528	0
/X58/X5821010	32256	2528	0
/X58/X5821021	32094	2528	0
/X58/X5821022	32098	2528	0
/X58/X5821031	32102	2528	0
/X58/X5821032	32106	2528	0
/X58/X5821040	32260	2528	0
/X58/X5821051	32110	2528	0
/X58/X5821052	32114	2528	0
/X58/X5830000	32262	2528	0
/X58/X5830010	32266	2528	0
/X58/X5830021	32116	2528	0
/X58/X5830022	32121	2528	0
/X58/X5830031	32126	2528	0
/X58/X5830032	32131	2528	0
/X58/X5830040	32271	2528	0
/X58/X5830051	32136	2528	0
/X58/X5830052	32141	2528	0
/X58/X5831000	32264	2528	0
/X58/X5831010	32268	2528	0
/X58/X5831021	32118	2528	0
/X58/X5831022	32123	2528	0
/X58/X5831031	32128	2528	0
/X58/X5831032	32133	2528	0
/X58/X5831040	32273	2528	0
/X58/X5831051	32138	2528	0
/X58/X5831052	32143	2528	0
/X58/X5840000	32276	2528	0
/X58/X5840010	32280	2528	0
/X58/X5840021	32146	2528	0
/X58/X5840022	32150	2528	0
/X58/X5840031	32154	2528	0
/X58/X5840032	32158	2528	0
/X58/X5840040	32284	2528	0
/X58/X5840051	32162	2528	0
/X58/X5840052	32166	2528	0
/X58/X5841000	32278	2528	0
/X58/X5841010	32282	2528	0
/X58/X5841021	32148	2528	0
/X58/X5841022	32152	2528	0
/X58/X5841031	32156	2528	0
/X58/X5841032	32160	2528	0
/X58/X5841040	32286	2528	0
/X58/X5841051	32164	2528	0
/X58/X5841052	32168	2528	0
/X58/X5850000	32288	2528	0
/X58/X5850011	32170	2528	0
/X58/X5850012	32174	2528	0
/X58/X5851000	32290	2528	0
/X58/X5851011	32172	2528	0
/X58/X5851012	32176	2528	0
/X58/X5860000	32292	2528	0
/X58/X5860011	32178	2528	0
/X58/X5860012	32184	2528	0
/X58/X5861000	32294	2528	0
/X58/X5861011	32180	2528	0
/X58/X5861012	32186	2528	0
/X58/X5870000	32296	2528	0
/X58/X5870011	32190	2528	0
/X58/X5870012	32196	2528	0
/X58/X5871000	32298	2528	0
/X58/X5871011	32192	2528	0
/X58/X5871012	32198	2528	0
/X58/X5880000	32300	2528	0
/X58/X5880011	32202	2528	0
/X58/X5880012	32208	2528	0
/X58/X5881000	32302	2528	0
/X58/X5881011	32204	2528	0
/X58/X5881012	32210	2528	0
/X58/X5890000	32304	2528	0
/X58/X5890011	32214	2528	0
/X58/X5890012	32220	2528	0
/X58/X5891000	32306	2528	0
/X58/X5891011	32216	2528	0
/X58/X5891012	32222	2528	0
/X59	283	6144	1
/X59/C5900000	32308	156	0
/X59/C5900011	32330	156	0
/X59/C5900012	32336	156	0
/X59/C5901000	32309	156	0
/X59/C5901011	32331	156	0
/X59/C5901012	32337	156	0
/X59/C5910000	32310	94	0
/X59/C5910011	32342	94	0
/X59/C5910012	32348	94	0
/X59/C5911000	32311	156	0
/X59/C5911011	32343	156	0
/X59/C5911012	32349	156	0
/X59/C5920000	32312	156	0
/X59/C5921000	32313	156	0
/X59/C5930000	32314	156	0
/X59/C5931000	32315	156	0
/X59/C5940000	32316	156	0
/X59/C5941000	32317	156	0
/X59/C5950000	32318	156	0
/X59/C5951000	32319	156	0
/X59/C5970000	32320	156	0
/X59/C5971000	32321	156	0
/X59/C5980000	32322	156	0
/X59/C5980010	32458	156	0
/X59/C5980021	32476	156	0
/X59/C5980022	32477	156	0
/X59/C5981000	32323	156	0
/X59/C5981010	32459	156	0
/X59/C5981021	32478	156	0
/X59/C5981022	32479	156	0
/X59/C5990000	32324	156	0
/X59/C5991000	32325	156	0
/X59/X5900000	32422	2528	0
/X59/X5900011	32326	2528	0
/X59/X5900012	32332	2528	0
/X59/X5901000	32424	2528	0
/X59/X5901011	32328	2528	0
/X59/X5901012	32334	2528	0
/X59/X5910000	32426	2528	0
/X59/X5910011	32338	2528	0
/X59/X5910012	32344	2528	0
/X59/X5911000	32428	2528	0
/X59/X5911011	32340	2528	0
/X59/X5911012	32346	2528	0
/X59/X5920000	32430	2528	0
/X59/X5920011	32350	2528	0
/X59/X5920012	32354	2528	0
/X59/X5921000	32432	2528	0
/X59/X5921011	32352	2528	0
/X59/X5921012	32356	2528	0
/X59/X5930000	32434	2528	0
/X59/X5930011	32358	2528	0
/X59/X5930012	32362	2528	0
/X59/X5931000	32436	2528	0
/X59/X5931011	32360	2528	0
/X59/X5931012	32364	2528	0
/X59/X5940000	32438	2528	0
/X59/X5940011	32366	2528	0
/X59/X5940012	32370	2528	0
/X59/X5941000	32440	2528	0
/X59/X5941011	32368	2528	0
/X59/X5941012	32372	2528	0
/X59/X5950000	32442	2528	0
/X59/X5951000	32444	2528	0
/X59/X5970080	32446	2528	0
/X59/X5970091	32374	2528	0
/X59/X5970092	32378	2528	0
/X59/X5971080	32448	2528	0
/X59/X5971091	32376	2528	0
/X59/X5971092	32380	2528	0
/X59/X5980000	32450	2528	0
/X59/X5980010	32454	2528	0
/X59/X5980020	32460	2528	0
/X59/X5980021	32382	2528	0
/X59/X5980022	32386	2528	0
/X59/X5980031	32390	2528	0
/X59/X5980032	32394	2528	0
/X59/X5981000	32452	2528	0
/X59/X5981010	32456	2528	0
/X59/X5981020	32462	2528	0
/X59/X5981021	32384	2528	0
/X59/X5981022	32388	2528	0
/X59/X5981031	32392	2528	0
/X59/X5981032	32396	2528	0
/X59/X5990000	32464	2528	0
/X59/X5990010	32468	2528	0
/X59/X5990021	32398	2528	0
/X59/X5990022	32402	2528	0
/X59/X5990031	32406	2528	0
/X59/X5990032	32410	2528	0
/X59/X5990040	32472	2528	0
/X59/X5990051	32414	2528	0
/X59/X5990052	32418	2528	0
/X59/X5991000	32466	2528	0
/X59/X5991010	32470	2528	0
/X59/X5991021	32400	2528	0
/X59/X5991022	32404	2528	0
/X59/X5991031	32408	2528	0
/X59/X5991032	32412	2528	0
/X59/X5991040	32474	2528	0
/X59/X5991051	32416	2528	0
/X59/X5991052	32420	2528	0
/X60	286	4096	1
/X60/BUF	32528	297	0
/X60/C6000000	32520	218	0
/X60/C6000010	32521	156	0
/X60/C6001000	32522	218	0
/X60/C6001010	32523	156	0
/X60/C6010000	32524	218	0
/X60/C6010010	32525	156	0
/X60/C6011000	32526	156	0
/X60/C6011010	32527	156	0
/X60/C6020000	32583	218	0
/X60/C6020010	32584	218	0
/X60/C6021000	32585	218	0
/X60/C6021010	32586	218	0
/X60/C6030000	32587	218	0
/X60/C6030010	32588	218	0
/X60/C6031000	32589	218	0
/X60/C6031010	32590	218	0
/X60/C6040000	32591	218	0
/X60/C6040010	32592	280	0
/X60/C6041000	32593	218	0
/X60/C6041010	32594	280	0
/X60/C6050000	32595	218	0
/X60/C6051000	32596	218	0
/X60/C6060000	32597	218	0
/X60/C6061000	32598	218	0
/X60/C6070000	32496	156	0
/X60/C6070010	32497	156	0
/X60/C6070020	32498	156	0
/X60/C6070030	32499	156	0
/X60/C6071000	32500	156	0
/X60/C6071010	32501	156	0
/X60/C6071020	32502	156	0
/X60/C6071030	32503	156	0
/X60/C6080000	32529	156	0
/X60/C6081000	32530	156	0
/X60/C6090011	32535	156	0
/X60/C6090012	32541	156	0
/X60/C6091011	32536	156	0
/X60/C6091012	32542	156	0
/X60/X6000000	32504	2528	0
/X60/X6000010	32506	2528	0
/X60/X6001000	32508	2528	0
/X60/X6001010	32510	2528	0
/X60/X6010000	32512	2528	0
/X60/X6010010	32514	2528	0
/X60/X6011000	32516	2528	0
/X60/X6011010	32518	2528	0
/X60/X6020000	32551	2528	0
/X60/X6020010	32553	2528	0
/X60/X6021000	32555	2528	0
/X60/X6021010	32557	2528	0
/X60/X6030000	32559	2528	0
/X60/X6030010	32561	2528	0
/X60/X6031000	32563	2528	0
/X60/X6031010	32565	2528	0
/X60/X6040000	32567	2528	0
/X60/X6040010	32569	2528	0
/X60/X6041000	32571	2528	0
/X60/X6041010	32573	2528	0
/X60/X6050000	32575	2528	0
/X60/X6051000	32577	2528	0
/X60/X6060000	32579	2528	0
/X60/X6061000	32581	2528	0
/X60/X6070000	32480	2528	0
/X60/X6070010	32482	2528	0
/X60/X6070020	32484	2528	0
/X60/X6070030	32486	2528	0
/X60/X6071000	32488	2528	0
/X60/X6071010	32490	2528	0
/X60/X6071020	32492	2528	0
/X60/X6071030	32494	2528	0
/X60/X6080000	32543	2528	0
/X60/X6081000	32545	2528	0
/X60/X6090000	32547	2528	0
/X60/X6090011	32531	2528	0
/X60/X6090012	32537	2528	0
/X60/X6091000	32549	2528	0
/X60/X6091011	32533	2528	0
/X60/X6091012	32539	2528	0
/X61	288	10240	1
/X61/C6100000	32630	156	0
/X61/C6100020	32890	156	0
/X61/C6100061	32651	156	0
/X61/C6100062	32657	156	0
/X61/C6101000	32631	156	0
/X61/C6101020	32891	156	0
/X61/C6101061	32652	156	0
/X61/C6101062	32658	156	0
/X61/C6110000	32632	156	0
/X61/C6110020	32827	156	0
/X61/C6110040	32831	156	0
/X61/C6111000	32646	156	0
/X61/C6111020	32828	156	0
/X61/C6111040	32832	156	0
/X61/C6111050	32833	156	0
/X61/C6120000	32621	156	0
/X61/C6120010	32622	156	0
/X61/C6120011	32679	156	0
/X61/C6120012	32685	156	0
/X61/C6120020	32623	156	0
/X61/C6120030	32624	156	0
/X61/C6120031	32689	156	0
/X61/C6120032	32693	156	0
/X61/C6120061	32697	156	0
/X61/C6120062	32701	156	0
/X61/C6120071	32703	156	0
/X61/C6120072	32705	156	0
/X61/C6121000	32625	156	0
/X61/C6121010	32626	156	0
/X61/C6121011	32680	156	0
/X61/C6121012	32686	156	0
/X61/C6121030	32627	156	0
/X61/C6121031	32690	156	0
/X61/C6121032	32694	156	0
/X61/C6121061	32698	156	0
/X61/C6121062	32702	156	0
/X61/C6121071	32704	156	0
/X61/C6121072	32706	156	0
/X61/C6130000	32628	218	0
/X61/C6130010	32629	156	0
/X61/C6131000	32633	218	0
/X61/C6140000	32634	156	0
/X61/C6140010	32852	156	0
/X61/C6140020	32858	156	0
/X61/C6141000	32635	156	0
/X61/C6141010	32853	156	0
/X61/C6141020	32859	156	0
/X61/C6150000	32636	156	0
/X61/C6150011	32747	156	0
/X61/C6150012	32753	156	0
/X61/C6150021	32759	156	0
/X61/C6150022	32765	156	0
/X61/C6150030	32864	156	0
/X61/C6151000	32637	156	0
/X61/C6151011	32748	156	0
/X61/C6151012	32754	156	0
/X61/C6151021	32760	156	0
/X61/C6151022	32766	156	0
/X61/C6151030	32865	156	0
/X61/C6160000	32638	156	0
/X61/C6160021	32779	156	0
/X61/C6160022	32785	156	0
/X61/C6161000	32639	156	0
/X61/C6161021	32780	156	0
/X61/C6161022	32786	156	0
/X61/C6170000	32640	156	0
/X61/C6170011	32789	156	0
/X61/C6170012	32793	156	0
/X61/C6171000	32641	156	0
/X61/C6171011	32790	156	0
/X61/C6171012	32794	156	0
/X61/C6180000	32642	156	0
/X61/C6180011	32799	156	0
/X61/C6180012	32805	156	0
/X61/C6181000	32643	156	0
/X61/C6181011	32800	156	0
/X61/C6181012	32806	156	0
/X61/C6190000	32644	156	0
/X61/C6190010	32882	156	0
/X61/C6190011	32809	156	0
/X61/C6190012	32813	156	0
/X61/C6190020	32888	156	0
/X61/C6191000	32645	156	0
/X61/C6191010	32883	156	0
/X61/C6191011	32810	156	0
/X61/C6191012	32814	156	0
/X61/C6191020	32889	156	0
/X61/X6100020	32815	2528	0
/X61/X6100061	32647	2528	0
/X61/X6100062	32653	2528	0
/X61/X6101020	32817	2528	0
/X61/X6101061	32649	2528	0
/X61/X6101062	32655	2528	0
/X61/X6110000	32819	2528	0
/X61/X6110020	32823	2528	0
/X61/X6110021	32659	2528	0
/X61/X6110022	32663	2528	0
/X61/X6110031	32667	2528	0
/X61/X6110032	32671	2528	0
/X61/X6110040	32829	2528	0
/X61/X6111000	32821	2528	0
/X61/X6111020	32825	2528	0
/X61/X6111021	32661	2528	0
/X61/X6111022	32665	2528	0
/X61/X6111031	32669	2528	0
/X61/X6111032	32673	2528	0
/X61/X6120000	32599	2528	0
/X61/X6120010	32601	2528	0
/X61/X6120011	32675	2528	0
/X61/X6120012	32681	2528	0
/X61/X6120020	32603	2528	0
/X61/X6120030	32605	2528	0
/X61/X6120061	32695	2528	0
/X61/X6120062	32699	2528	0
/X61/X6121000	32607	2528	0
/X61/X6121010	32609	2528	0
/X61/X6121011	32677	2528	0
/X61/X6121012	32683	2528	0
/X61/X6121020	32611	2528	0
/X61/X6121030	32613	2528	0
/X61/X6121031	32687	2528	0
/X61/X6121032	32691	2528	0
/X61/X6130000	32615	2528	0
/X61/X6130011	32707	2528	0
/X61/X6130012	32711	2528	0
/X61/X6130020	32834	2528	0
/X61/X6130021	32715	2528	0
/X61/X6130022	32719	2528	0
/X61/X6130031	32723	2528	0
/X61/X6130032	32727	2528	0
/X61/X6130040	32838	2528	0
/X61/X6130080	32842	2528	0
/X61/X6131000	32617	2528	0
/X61/X6131010	32619	2528	0
/X61/X6131011	32709	2528	0
/X61/X6131012	32713	2528	0
/X61/X6131020	32836	2528	0
/X61/X6131021	32717	2528	0
/X61/X6131022	32721	2528	0
/X61/X6131031	32725	2528	0
/X61/X6131032	32729	2528	0
/X61/X6131040	32840	2528	0
/X61/X6140000	32844	2528	0
/X61/X6140010	32848	2528	0
/X61/X6140020	32854	2528	0
/X61/X6140061	32739	2528	0
/X61/X6140062	32741	2528	0
/X61/X6141000	32846	2528	0
/X61/X6141010	32850	2528	0
/X61/X6141011	32731	2528	0
/X61/X6141012	32733	2528	0
/X61/X6141020	32856	2528	0
/X61/X6141031	32735	2528	0
/X61/X6141032	32737	2528	0
/X61/X6150011	32743	2528	0
/X61/X6150012	32749	2528	0
/X61/X6150021	32755	2528	0
/X61/X6150022	32761	2528	0
/X61/X6150030	32860	2528	0
/X61/X6150031	32767	2528	0
/X61/X6150032	32771	2528	0
/X61/X6151011	32745	2528	0
/X61/X6151012	32751	2528	0
/X61/X6151021	32757	2528	0
/X61/X6151022	32763	2528	0
/X61/X6151030	32862	2528	0
/X61/X6151031	32769	2528	0
/X61/X6151032	32773	2528	0
/X61/X6160000	32866	2528	0
/X61/X6160021	32775	2528	0
/X61/X6160022	32781	2528	0
/X61/X6161021	32777	2528	0
/X61/X6161022	32783	2528	0
/X61/X6170000	32868	2528	0
/X61/X6170011	32787	2528	0
/X61/X6170012	32791	2528	0
/X61/X6171000	32870	2528	0
/X61/X6180000	32872	2528	0
/X61/X6180011	32795	2528	0
/X61/X6180012	32801	2528	0
/X61/X6181011	32797	2528	0
/X61/X6181012	32803	2528	0
/X61/X6190000	32874	2528	0
/X61/X6190010	32878	2528	0
/X61/X6190011	32807	2528	0
/X61/X6190012	32811	2528	0
/X61/X6190020	32884	2528	0
/X61/X6191000	32876	2528	0
/X61/X6191010	32880	2528	0
/X61/X6191020	32886	2528	0
/X62	293	10240	1
/X62/C6200000	32892	156	0
/X62/C6200011	32916	156	0
/X62/C6200012	32922	156	0
/X62/C6200020	33148	156	0
/X62/C6200021	32928	156	0
/X62/C6200022	32934	156	0
/X62/C6200031	32940	156	0
/X62/C6200032	32946	156	0
/X62/C6201000	32893	156	0
/X62/C6201011	32917	156	0
/X62/C6201012	32923	156	0
/X62/C6201020	33149	156	0
/X62/C6201021	32929	156	0
/X62/C6201022	32935	156	0
/X62/C6201031	32941	156	0
/X62/C6201032	32947	156	0
/X62/C6210000	32894	156	0
/X62/C6210011	32952	156	0
/X62/C6210012	32958	156	0
/X62/C6210031	32964	156	0
/X62/C6210032	32970	156	0
/X62/C6211000	32895	156	0
/X62/C6211011	32953	156	0
/X62/C6211012	32959	156	0
/X62/C6211031	32965	156	0
/X62/C6211032	32971	156	0
/X62/C6220000	32896	156	0
/X62/C6220010	33162	156	0
/X62/C6220060	33168	156	0
/X62/C6221000	32897	156	0
/X62/C6221010	33163	156	0
/X62/C6221060	33169	156	0
/X62/C6230000	32898	156	0
/X62/C6230021	32984	156	0
/X62/C6230022	32990	156	0
/X62/C6230031	32996	156	0
/X62/C6230032	33002	156	0
/X62/C6230071	33008	156	0
/X62/C6230072	33014	156	0
/X62/C6231000	32899	156	0
/X62/C6231021	32985	156	0
/X62/C6231022	32991	156	0
/X62/C6231031	32997	156	0
/X62/C6231032	33003	156	0
/X62/C6231071	33009	156	0
/X62/C6231072	33015	156	0
/X62/C6240000	32900	94	0
/X62/C6241000	32901	156	0
/X62/C6250000	32902	156	0
/X62/C6250011	33028	94	0
/X62/C6250012	33034	94	0
/X62/C6250020	33186	156	0
/X62/C6251000	32903	156	0
/X62/C6251011	33029	156	0
/X62/C6251012	33035	156	0
/X62/C6251020	33187	156	0
/X62/C6260000	32904	156	0
/X62/C6260011	33040	156	0
/X62/C6260012	33046	156	0
/X62/C6260020	33196	156	0
/X62/C6260021	33052	156	0
/X62/C6260022	33058	156	0
/X62/C6260031	33064	156	0
/X62/C6260032	33070	156	0
/X62/C6261000	32905	156	0
/X62/C6261011	33041	156	0
/X62/C6261012	33047	156	0
/X62/C6261020	33197	156	0
/X62/C6261021	33053	156	0
/X62/C6261022	33059	156	0
/X62/C6261031	33065	156	0
/X62/C6261032	33071	156	0
/X62/C6270000	32906	156	0
/X62/C6270011	33076	156	0
/X62/C6270012	33082	156	0
/X62/C6270031	33088	156	0
/X62/C6270032	33094	156	0
/X62/C6271000	32907	156	0
/X62/C6271011	33077	156	0
/X62/C6271012	33083	156	0
/X62/C6271031	33089	156	0
/X62/C6271032	33095	156	0
/X62/C6280000	32908	156	0
/X62/C6280010	33210	156	0
/X62/C6280060	33216	156	0
/X62/C6281000	32909	156	0
/X62/C6281010	33211	156	0
/X62/C6281060	33217	156	0
/X62/C6290000	32910	156	0
/X62/C6290021	33108	156	0
/X62/C6290022	33114	156	0
/X62/C6290031	33120	156	0
/X62/C6290032	33126	156	0
/X62/C6290071	33132	156	0
/X62/C6290072	33138	156	0
/X62/C6291000	32911	156	0
/X62/C6291021	33109	156	0
/X62/C6291022	33115	156	0
/X62/C6291031	33121	156	0
/X62/C6291032	33127	156	0
/X62/C6291071	33133	156	0
/X62/C6291072	33139	156	0
/X62/X6200000	33140	2528	0
/X62/X6200011	32912	2528	0
/X62/X6200012	32918	2528	0
/X62/X6200020	33144	2528	0
/X62/X6200021	32924	2528	0
/X62/X6200022	32930	2528	0
/X62/X6200031	32936	2528	0
/X62/X6200032	32942	2528	0
/X62/X6201000	33142	2528	0
/X62/X6201011	32914	2528	0
/X62/X6201012	32920	2528	0
/X62/X6201020	33146	2528	0
/X62/X6201021	32926	2528	0
/X62/X6201022	32932	2528	0
/X62/X6201031	32938	2528	0
/X62/X6201032	32944	2528	0
/X62/X6210000	33150	2528	0
/X62/X6210011	32948	2528	0
/X62/X6210012	32954	2528	0
/X62/X6210031	32960	2528	0
/X62/X6210032	32966	2528	0
/X62/X6211000	33152	2528	0
/X62/X6211011	32950	2528	0
/X62/X6211012	32956	2528	0
/X62/X6211031	32962	2528	0
/X62/X6211032	32968	2528	0
/X62/X6220000	33154	2528	0
/X62/X6220010	33158	2528	0
/X62/X6220011	32972	2528	0
/X62/X6220012	32976	2528	0
/X62/X6220060	33164	2528	0
/X62/X6221000	33156	2528	0
/X62/X6221010	33160	2528	0
/X62/X6221011	32974	2528	0
/X62/X6221012	32978	2528	0
/X62/X6221060	33166	2528	0
/X62/X6230000	33170	2528	0
/X62/X6230021	32980	2528	0
/X62/X6230022	32986	2528	0
/X62/X6230031	32992	2528	0
/X62/X6230032	32998	2528	0
/X62/X6230071	33004	2528	0
/X62/X6230072	33010	2528	0
/X62/X6231000	33172	2528	0
/X62/X6231021	32982	2528	0
/X62/X6231022	32988	2528	0
/X62/X6231031	32994	2528	0
/X62/X6231032	33000	2528	0
/X62/X6231071	33006	2528	0
/X62/X6231072	33012	2528	0
/X62/X6240000	33174	2528	0
/X62/X6240011	33016	2528	0
/X62/X6240012	33020	2528	0
/X62/X6241000	33176	2528	0
/X62/X6241011	33018	2528	0
/X62/X6241012	33022	2528	0
/X62/X6250000	33178	2528	0
/X62/X6250011	33024	2528	0
/X62/X6250012	33030	2528	0
/X62/X6250020	33182	2528	0
/X62/X6251000	33180	2528	0
/X62/X6251011	33026	2528	0
/X62/X6251012	33032	2528	0
/X62/X6251020	33184	2528	0
/X62/X6260000	33188	2528	0
/X62/X6260011	33036	2528	0
/X62/X6260012	33042	2528	0
/X62/X6260020	33192	2528	0
/X62/X6260021	33048	2528	0
/X62/X6260022	33054	2528	0
/X62/X6260031	33060	2528	0
/X62/X6260032	33066	2528	0
/X62/X6261000	33190	2528	0
/X62/X6261011	33038	2528	0
/X62/X6261012	33044	2528	0
/X62/X6261020	33194	2528	0
/X62/X6261021	33050	2528	0
/X62/X6261022	33056	2528	0
/X62/X6261031	33062	2528	0
/X62/X6261032	33068	2528	0
/X62/X6270000	33198	2528	0
/X62/X6270011	33072	2528	0
/X62/X6270012	33078	2528	0
/X62/X6270031	33084	2528	0
/X62/X6270032	33090	2528	0
/X62/X6271000	33200	2528	0
/X62/X6271011	33074	2528	0
/X62/X6271012	33080	2528	0
/X62/X6271031	33086	2528	0
/X62/X6271032	33092	2528	0
/X62/X6280000	33202	2528	0
/X62/X6280010	33206	2528	0
/X62/X6280011	33096	2528	0
/X62/X6280012	33100	2528	0
/X62/X6280060	33212	2528	0
/X62/X6281000	33204	2528	0
/X62/X6281010	33208	2528	0
/X62/X6281011	33098	2528	0
/X62/X6281012	33102	2528	0
/X62/X6281060	33214	2528	0
/X62/X6290000	33218	2528	0
/X62/X6290021	33104	2528	0
/X62/X6290022	33110	2528	0
/X62/X6290031	33116	2528	0
/X62/X6290032	33122	2528	0
/X62/X6290071	33128	2528	0
/X62/X6290072	33134	2528	0
/X62/X6291000	33220	2528	0
/X62/X6291021	33106	2528	0
/X62/X6291022	33112	2528	0
/X62/X6291031	33118	2528	0
/X62/X6291032	33124	2528	0
/X62/X6291071	33130	2528	0
/X62/X6291072	33136	2528	0
/X63	298	2048	1
/X63/C6300000	33222	94	0
/X63/C6301000	33223	156	0
/X63/C6310000	33224	94	0
/X63/C6310011	33238	94	0
/X63/C6310012	33244	94	0
/X63/C6311000	33225	156	0
/X63/C6311011	33239	156	0
/X63/C6311012	33245	156	0
/X63/X6300000	33246	2528	0
/X63/X6300011	33226	2528	0
/X63/X6300012	33230	2528	0
/X63/X6301000	33248	2528	0
/X63/X6301011	33228	2528	0
/X63/X6301012	33232	2528	0
/X63/X6310011	33234	2528	0
/X63/X6310012	33240	2528	0
/X63/X6311011	33236	2528	0
/X63/X6311012	33242	2528	0
/YU	299	2048	1
/YU/YU02010	13141	11892	0
/YU/YU02020	13147	10564	0
/YU/YU02030	13129	11940	0
/YU/YU02040	13135	11284	0
/YU/YU07010	13160	11892	0
/YU/YU08010	13153	13524	0
/YU/YU12010	13124	10168	0
/YU/YU12020	13166	11048	0
